Category,Product Name,Brand,Price (KSh),Original Price (KSh),Discount %,High Discount Flag,Rating,Review Count,Product URL,Scraped Date,Storage (GB),RAM (GB),Battery (mAh),Camera (MP),Rating Category,Price Category,Value Score
smartphones,"Redmi 15C By Xiaomi, 6.9"", 4GB RAM + 128GB (Dual SIM), 6000mAh, Black (25 Months Warranty)","Redmi 15C By Xiaomi, 6.9"", 4GB RAM + 128GB (Dual SIM), 6000mAh, Black (25 Months Warranty)",15330,16800,8.8,FALSE,4.2,0,https://www.jumia.co.ke/redmi-15c-byxiaomi-6.9-4gb-ram-128gb-dual-sim-6000mah-black-25-months-warranty-325490535.html,07/26/26 13:39,4,4,6000,,Good,Mid-Range (15k-30k),0.446
smartphones,Ruioo RUIOO S25 Ultra Android Smartphone 8GB + 128GB 6.8 inches,Ruioo RUIOO S25 Ultra Android Smartphone 8GB + 128GB 6.8 inches,10050,13400,25,FALSE,3.6,0,https://www.jumia.co.ke/ruioo-ruioo-s25-ultra-android-smartphone-8gb-128gb-6.8-inches-327386343.html,07/26/26 13:39,8,,,,Good,Entry (5k-15k),0.435
smartphones,"XIAOMI Redmi A5, 6.88"", 64GB + 3GB RAM (Dual SIM), 5200mAh, Midnight Black","XIAOMI Redmi A5, 6.88"", 64GB + 3GB RAM (Dual SIM), 5200mAh, Midnight Black",10600,13000,18.5,FALSE,4.2,0,https://www.jumia.co.ke/xiaomi-redmi-a5-6.88-64gb-3gb-ram-dual-sim-5200mah-midnight-black-314449293.html,07/26/26 13:39,64,3,5200,,Good,Entry (5k-15k),0.476
smartphones,"Safaricom Neon Smarta 2, 5"", 32GB + 2GB RAM (Dual SIM), 3300mAh, Black","Safaricom Neon Smarta 2, 5"", 32GB + 2GB RAM (Dual SIM), 3300mAh, Black",3599,13400,73.1,TRUE,4,0,https://www.jumia.co.ke/safaricom-neon-smarta-2-5-32gb-2gb-ram-dual-sim-3300mah-black-326117242.html,07/26/26 13:39,32,2,3300,,Good,Budget (<5k),0.619
smartphones,"Redmi 15C By Xiaomi, 4G, 6.9"", 8GB RAM + 256GB, 6000mAh, Black (25 Months Warranty)","Redmi 15C By Xiaomi, 4G, 6.9"", 8GB RAM + 256GB, 6000mAh, Black (25 Months Warranty)",20840,23000,9.4,FALSE,4.3,0,https://www.jumia.co.ke/redmi-15c-byxiaomi-4g-6.9-8gb-ram-256gb-6000mah-black-25-months-warranty-327673478.html,07/26/26 13:39,8,8,6000,,Good,Mid-Range (15k-30k),0.458
smartphones,"Samsung Galaxy A06 6.7 inch HD+ Display, 4GB RAM, 64GB Storage, 50MP Camera, 5000mAh Battery, Dual SIM, 2 Year Warranty - Black","Samsung Galaxy A06 6.7 inch HD+ Display, 4GB RAM, 64GB Storage, 50MP Camera, 5000mAh Battery, Dual SIM, 2 Year Warranty - Black",11130,21130,47.3,FALSE,4.3,0,https://www.jumia.co.ke/samsung-galaxy-a06-6.7-inch-hd-display-4gb-ram-64gb-storage-50mp-camera-5000mah-battery-dual-sim-2-year-warranty-black-328083840.html,07/26/26 13:39,64,4,5000,50,Good,Entry (5k-15k),0.572
smartphones,"Samsung Galaxy A17 5G, 6.7"", 4GB RAM + 128GB, 5000mAh, Black (2YRs WRTY)","Samsung Galaxy A17 5G, 6.7"", 4GB RAM + 128GB, 5000mAh, Black (2YRs WRTY)",18999,24000,20.8,FALSE,4.1,0,https://www.jumia.co.ke/samsung-galaxy-a17-5g-6.7-4gb-ram-128gb-5000mah-black-2yrs-wrty-326021589.html,07/26/26 13:39,4,4,5000,,Good,Mid-Range (15k-30k),0.472
smartphones,"Redmi 15C By Xiaomi Smartphone, 6.88"", 8GB RAM (4+4GB) +128GB, 5000mAh + I12 WATCH (1 TR WRTY), BLACK","Redmi 15C By Xiaomi Smartphone, 6.88"", 8GB RAM (4+4GB) +128GB, 5000mAh + I12 WATCH (1 TR WRTY), BLACK",15550,25000,37.8,FALSE,4.1,0,https://www.jumia.co.ke/redmi-15c-by-xiaomi-smartphone-6.88-8gb-ram-44gb-128gb-5000mah-i12-watch-1-tr-wrty-black-325223424.html,07/26/26 13:39,8,8,5000,,Good,Mid-Range (15k-30k),0.523
smartphones,"Samsung Galaxy A16, 6.7"", 4GB RAM + 128GB (Dual SIM), 5000mAh + Free Gifts - Grey","Samsung Galaxy A16, 6.7"", 4GB RAM + 128GB (Dual SIM), 5000mAh + Free Gifts - Grey",17690,25000,29.2,FALSE,4.2,0,https://www.jumia.co.ke/samsung-galaxy-a16-6.7-4gb-ram-128gb-dual-sim-5000mah-free-gifts-grey-299889178.html,07/26/26 13:39,4,4,5000,,Good,Mid-Range (15k-30k),0.508
smartphones,"XIAOMI Redmi A7 Pro, 6.9"", 128GB + 4GB RAM (Dual Sim), 6000mAh - Black","XIAOMI Redmi A7 Pro, 6.9"", 128GB + 4GB RAM (Dual Sim), 6000mAh - Black",14850,16000,7.2,FALSE,4,0,https://www.jumia.co.ke/xiaomi-redmi-a7-pro-6.9-128gb-4gb-ram-dual-sim-6000mah-black-327531871.html,07/26/26 13:39,128,4,6000,,Good,Entry (5k-15k),0.422
smartphones,Nokia 105 Original Phone 800 mAh Dual SIM Cards Unlocked Cheap Durable Brand New Phone Classic Feature phone kabambe/ Featured phone katululu with gift,Nokia 105 Original Phone 800 mAh Dual SIM Cards Unlocked Cheap Durable Brand New Phone Classic Feature phone kabambe/ Featured phone katululu with gift,1040,1999,48,FALSE,3,0,https://www.jumia.co.ke/nokia-105-original-phone-800-mah-dual-sim-cards-unlocked-cheap-durable-brand-new-phone-classic-feature-phone-kabambe-featured-phone-katululu-with-gift-328469369.html,07/26/26 13:39,,,800,,Average,Budget (<5k),0.444
smartphones,"XIAOMI Redmi Note 15, 6.77"" Curved Screen, 8GB RAM + 256GB, 6000mAh Battery, Black (25 Months Warranty) - Black + LED Watch, Earpods & Power bank","XIAOMI Redmi Note 15, 6.77"" Curved Screen, 8GB RAM + 256GB, 6000mAh Battery, Black (25 Months Warranty) - Black + LED Watch, Earpods & Power bank",27599,42350,34.8,FALSE,4.4,0,https://www.jumia.co.ke/xiaomi-redmi-note-15-6.77-curved-screen-8gb-ram-256gb-6000mah-battery-black-25-months-warranty-black-led-watch-earpods-power-bank-311413553.html,07/26/26 13:39,8,8,6000,,Good,Mid-Range (15k-30k),0.544
smartphones,"XIAOMI Redmi A5, 6.88"", 3GB + 64GB , 5200mAh, DUAL SIM, 4G - Ocean Blue","XIAOMI Redmi A5, 6.88"", 3GB + 64GB , 5200mAh, DUAL SIM, 4G - Ocean Blue",10600,13000,18.5,FALSE,4.4,0,https://www.jumia.co.ke/xiaomi-redmi-a5-6.88-3gb-64gb-5200mah-dual-sim-4g-ocean-blue-314319001.html,07/26/26 13:39,3,,5200,,Good,Entry (5k-15k),0.496
smartphones,"Samsung GALAXY A17, 6.7'' HD+, 4GB RAM + 128GB ROM, DUAL SIM, 50MP, 5000mAh WATCH ADAPTER, BLACK","Samsung GALAXY A17, 6.7'' HD+, 4GB RAM + 128GB ROM, DUAL SIM, 50MP, 5000mAh  WATCH ADAPTER, BLACK",19599,30000,34.7,FALSE,4,0,https://www.jumia.co.ke/samsung-galaxy-a17-6.7-hd-4gb-ram-128gb-rom-dual-sim-50mp-5000mah-watch-adapter-black-325430257.html,07/26/26 13:39,128,4,5000,50,Good,Mid-Range (15k-30k),0.504
smartphones,"Samsung Galaxy A07, 6.7'' Display, 4GB RAM+128GB ROM (Dual) 50MP Camera, 5000mAh-2 yrs warranty+ FREE GIFTS","Samsung Galaxy A07, 6.7'' Display, 4GB RAM+128GB ROM (Dual) 50MP Camera, 5000mAh-2 yrs warranty+ FREE GIFTS",15090,19888,24.1,FALSE,4.3,0,https://www.jumia.co.ke/samsung-galaxy-a07-6.7-display-4gb-ram128gb-rom-dual-50mp-camera-5000mah-2-yrs-warranty-free-gifts-325445716.html,07/26/26 13:39,128,4,5000,50,Good,Mid-Range (15k-30k),0.502
smartphones,"Redmi 15C By Xiaomi, 6.9"", 4GB RAM + 128GB (Dual SIM), 6000mAh, Green (25 Months Warranty)","Redmi 15C By Xiaomi, 6.9"", 4GB RAM + 128GB (Dual SIM), 6000mAh, Green (25 Months Warranty)",14699,16500,10.9,FALSE,4.4,0,https://www.jumia.co.ke/redmi-15c-byxiaomi-6.9-4gb-ram-128gb-dual-sim-6000mah-green-25-months-warranty-328081985.html,07/26/26 13:39,4,4,6000,,Good,Entry (5k-15k),0.473
smartphones,"Samsung Galaxy A16, 4GB+128GB ROM 6.7"" HD, Android 14,50MP-Camera, Battery-5000mah, WATCH, ADPTER, PHONE COVER, BLACK","Samsung  Galaxy A16, 4GB+128GB ROM 6.7"" HD, Android 14,50MP-Camera, Battery-5000mah, WATCH, ADPTER, PHONE COVER, BLACK",17599,25000,29.6,FALSE,4.2,0,https://www.jumia.co.ke/samsung-galaxy-a16-4gb128gb-rom-6.7-hd-android-1450mp-camera-battery-5000mah-watch-adpter-phone-cover-black-303928964.html,07/26/26 13:39,128,,5000,50,Good,Mid-Range (15k-30k),0.509
smartphones,"Safaricom Neon Smarta 2, 5"" 32GB ROM + 2GB RAM (Dual SIM), 3300mAh - BLACK","Safaricom Neon Smarta 2, 5"" 32GB ROM + 2GB RAM (Dual SIM), 3300mAh - BLACK",2999,3000,0,FALSE,5,0,https://www.jumia.co.ke/safaricom-neon-smarta-2-5-32gb-rom-2gb-ram-dual-sim-3300mah-black-327394540.html,07/26/26 13:39,32,2,3300,,Excellent,Budget (<5k),0.5
smartphones,"Samsung GALAXY A17 6.7'' HD+, 8GB RAM + 256GB ROM, DUAL SIM, 50MP, 5000mAh","Samsung GALAXY A17  6.7'' HD+, 8GB RAM + 256GB ROM, DUAL SIM, 50MP, 5000mAh",24699,36999,33.2,FALSE,4,0,https://www.jumia.co.ke/samsung-galaxy-a17-6.7-hd-8gb-ram-256gb-rom-dual-sim-50mp-5000mah-326301650.html,07/26/26 13:39,256,8,5000,50,Good,Mid-Range (15k-30k),0.5
smartphones,"Redmi 15C By Xiaomi, 6.9"", 4GB RAM + 128GB (Dual SIM), 6000mAh, Orange (25 Months Warranty)","Redmi 15C By Xiaomi, 6.9"", 4GB RAM + 128GB (Dual SIM), 6000mAh, Orange (25 Months Warranty)",14699,17000,13.5,FALSE,3.4,0,https://www.jumia.co.ke/redmi-15c-byxiaomi-6.9-4gb-ram-128gb-dual-sim-6000mah-orange-25-months-warranty-328082025.html,07/26/26 13:39,4,4,6000,,Average,Entry (5k-15k),0.38
smartphones,"Tecno Spark 50, 6.78''120Hz Display, 128GB ROM+4GB RAM (+8GB Extended), 50MP FlashSnap (4G-Dual Sim), 6700mAh-Ink Black","Tecno Spark 50, 6.78''120Hz Display, 128GB ROM+4GB RAM (+8GB Extended), 50MP FlashSnap (4G-Dual Sim), 6700mAh-Ink Black",17499,19000,7.9,FALSE,4.3,0,https://www.jumia.co.ke/tecno-spark-50-6.78120hz-display-128gb-rom4gb-ram-8gb-extended-50mp-flashsnap-4g-dual-sim-6700mah-ink-black-327634489.html,07/26/26 13:39,128,4,6700,50,Good,Mid-Range (15k-30k),0.454
smartphones,"Tecno Camon 50 Pro - 6.78"" AMOLED, 256GB Storage, 8GB RAM, 4G, MediaTek Helio G200, 6150mAh Battery-Moonshadow Black","Tecno Camon 50 Pro - 6.78"" AMOLED, 256GB Storage, 8GB RAM, 4G, MediaTek Helio G200, 6150mAh Battery-Moonshadow Black",38499,39999,3.8,FALSE,4.3,0,https://www.jumia.co.ke/tecno-camon-50-pro-6.78-amoled-256gb-storage-8gb-ram-4g-mediatek-helio-g200-6150mah-battery-moonshadow-black-327109013.html,07/26/26 13:39,256,8,6150,,Good,Premium (30k-50k),0.441
smartphones,"Tecno SPARK 50 4G 128GB ROM+ 12GB RAM 6.78"" SCREEN 120Hz Refresh Rate 6700mAh Battery 50MP CAMERA ANDROID 16 COMES WITH FREE STRAP , DUAL OTG AND AIRPODS FOR YOU","Tecno SPARK 50 4G 128GB ROM+ 12GB RAM 6.78"" SCREEN 120Hz Refresh Rate 6700mAh Battery 50MP CAMERA ANDROID 16  COMES WITH FREE    STRAP , DUAL OTG AND AIRPODS FOR YOU",19099,30999,38.4,FALSE,4.2,0,https://www.jumia.co.ke/tecno-spark-50-4g-128gb-rom-12gb-ram-6.78-screen-120hz-refresh-rate-6700mah-battery-50mp-camera-android-16-comes-with-free-strap-dual-otg-and-airpods-for-you-327606915.html,07/26/26 13:39,128,12,6700,50,Good,Mid-Range (15k-30k),0.535
smartphones,"XIAOMI Redmi A7, 5.45"", 64GB + 3GB RAM (Dual Sim), 4000mAh - Black","XIAOMI Redmi A7, 5.45"", 64GB + 3GB RAM (Dual Sim), 4000mAh - Black",12290,15000,18.1,FALSE,4.4,0,https://www.jumia.co.ke/xiaomi-redmi-a7-5.45-64gb-3gb-ram-dual-sim-4000mah-black-327531872.html,07/26/26 13:39,64,3,4000,,Good,Entry (5k-15k),0.494
smartphones,"Infinix Smart 20, 6.78"", 4GB RAM + 64GB (Dual SIM), 5200Ah, 5200Ah, Shadow Black","Infinix Smart 20, 6.78"", 4GB RAM + 64GB (Dual SIM), 5200Ah, 5200Ah, Shadow Black",12800,14000,8.6,FALSE,4.5,0,https://www.jumia.co.ke/infinix-smart-20-6.78-4gb-ram-64gb-dual-sim-5200ah-5200ah-shadow-black-327867020.html,07/26/26 13:39,4,4,,,Excellent,Entry (5k-15k),0.476
smartphones,"Tecno Spark 50 4G, 6.78"" SCREEN 120Hz Refresh Rate, 128GB ROM + 4GB RAM, 6700mAh Battery 50MP Camera - Black+FREE GIFTS.","Tecno Spark 50 4G,  6.78"" SCREEN 120Hz Refresh Rate, 128GB ROM + 4GB RAM, 6700mAh Battery 50MP Camera - Black+FREE GIFTS.",19099,29999,36.3,FALSE,4.6,0,https://www.jumia.co.ke/tecno-spark-50-4g-6.78-screen-120hz-refresh-rate-128gb-rom-4gb-ram-6700mah-battery-50mp-camera-blackfree-gifts.-327402616.html,07/26/26 13:39,128,4,6700,50,Excellent,Mid-Range (15k-30k),0.569
smartphones,"XIAOMI Redmi Note 15, 6.8"", 6GB RAM + 128GB, 6000mAh, Black (25 Months Warranty)","XIAOMI Redmi Note 15, 6.8"", 6GB RAM + 128GB, 6000mAh, Black (25 Months Warranty)",27110,30000,9.6,FALSE,4.3,0,https://www.jumia.co.ke/xiaomi-redmi-note-15-6.8-6gb-ram-128gb-6000mah-black-25-months-warranty-327051273.html,07/26/26 13:39,6,6,6000,,Good,Mid-Range (15k-30k),0.459
smartphones,"Tecno POP 20 4G, 6.75'', 128GB +4GB RAM (Dual SIM), 5000MAh - Black (1YR WRTY).","Tecno POP 20 4G, 6.75'', 128GB +4GB RAM (Dual SIM), 5000MAh - Black (1YR WRTY).",13990,15000,6.7,FALSE,5,0,https://www.jumia.co.ke/tecno-pop-20-4g-6.75-128gb-4gb-ram-dual-sim-5000mah-black-1yr-wrty.-327543910.html,07/26/26 13:39,128,4,5000,,Excellent,Entry (5k-15k),0.52
smartphones,"Tecno SPARK 50 4G 128GB ROM+ 12GB ( 4+ 8 )GB RAM 6.78"" SCREEN 120Hz Refresh Rate 6700mAh Battery 50MP CAMEANDROID 16 COMES WITH FREE STRAP WATCH , AIRPODS AND OTG - black","Tecno SPARK 50 4G 128GB ROM+ 12GB ( 4+ 8 )GB RAM 6.78"" SCREEN 120Hz Refresh Rate  6700mAh Battery 50MP CAMEANDROID 16 COMES WITH FREE    STRAP WATCH ,  AIRPODS AND OTG  -  black",19099,40999,53.4,FALSE,4.4,0,https://www.jumia.co.ke/tecno-spark-50-4g-128gb-rom-12gb-4-8-gb-ram-6.78-screen-120hz-refresh-rate-6700mah-battery-50mp-cameandroid-16-comes-with-free-strap-watch-airpods-and-otg-black-327389256.html,07/26/26 13:39,128,,6700,50,Good,Mid-Range (15k-30k),0.6
smartphones,"Samsung Galaxy A17, 6.7'' HD+ Display, 4GB RAM + 128GB Storage (Dual Sim), 50MP Camera, 5000mAh Battery - Gray + Free Gifts","Samsung Galaxy A17, 6.7'' HD+ Display, 4GB RAM + 128GB Storage (Dual Sim), 50MP Camera, 5000mAh Battery - Gray + Free Gifts",19470,34999,44.4,FALSE,4.5,0,https://www.jumia.co.ke/samsung-galaxy-a17-6.7-hd-display-4gb-ram-128gb-storage-dual-sim-50mp-camera-5000mah-battery-gray-free-gifts-325675831.html,07/26/26 13:39,128,4,5000,50,Excellent,Mid-Range (15k-30k),0.583
smartphones,"Redmi A7 PRO By Xiaomi, 4GB RAM + 64GB, 50MP, 6.9"", 6000mAh, Dual Sim, (12 MONTHS WARRANTY) - BLUE","Redmi A7 PRO By Xiaomi, 4GB RAM + 64GB, 50MP, 6.9"", 6000mAh, Dual Sim, (12 MONTHS WARRANTY) - BLUE",12499,15099,17.2,FALSE,4.3,0,https://www.jumia.co.ke/redmi-a7-pro-by-xiaomi-4gb-ram-64gb-50mp-6.9-6000mah-dual-sim-12-months-warranty-blue-327543048.html,07/26/26 13:39,4,4,6000,50,Good,Entry (5k-15k),0.482
smartphones,"Samsung GALAXY A17, 6.7'' HD+, 4GB RAM + 128GB ROM, DUAL SIM, 50MP, 5000mAh COMES WITH FREE GIFTS+24 MONTHS WARRANTY. GREY","Samsung  GALAXY A17, 6.7'' HD+, 4GB RAM + 128GB ROM, DUAL SIM, 50MP, 5000mAh COMES WITH FREE GIFTS+24 MONTHS WARRANTY. GREY",19650,22000,10.7,FALSE,4,0,https://www.jumia.co.ke/galaxy-a17-6.7-hd-4gb-ram-128gb-rom-dual-sim-50mp-5000mah-comes-with-free-gifts24-months-warranty..for-you-samsung-mpg9466596.html,07/26/26 13:39,128,4,5000,50,Good,Mid-Range (15k-30k),0.432
smartphones,"Samsung Galaxy A16, 6.7"", 4GB RAM + 128GB (Dual SIM), 5000mAh, Black+FreeGifts","Samsung Galaxy A16, 6.7"", 4GB RAM + 128GB (Dual SIM), 5000mAh, Black+FreeGifts",17799,19999,11,FALSE,3.9,0,https://www.jumia.co.ke/samsung-galaxy-a16-6.7-4gb-ram-128gb-dual-sim-5000mah-blackfreegifts-327649387.html,07/26/26 13:39,4,4,5000,,Good,Mid-Range (15k-30k),0.423
smartphones,"Samsung Galaxy A07, 6.7'' Display, 4GB RAM + 128GB ROM (Dual Sim) 50MP Camera, 5000mAh/WARRANTY 2 year","Samsung Galaxy A07, 6.7'' Display, 4GB RAM + 128GB ROM (Dual Sim) 50MP Camera, 5000mAh/WARRANTY 2 year",15600,16999,8.2,FALSE,4.2,0,https://www.jumia.co.ke/samsung-galaxy-a07-6.7-display-4gb-ram-128gb-rom-dual-sim-50mp-camera-5000mahwarranty-2-year-310415087.html,07/26/26 13:39,128,4,5000,50,Good,Mid-Range (15k-30k),0.445
smartphones,"Samsung GALAXY A17, 6.7'' HD+, 6GB RAM + 128GB ROM, DUAL SIM, 50MP, 5000mAh/24 MONTHS WARRANTY+AWESOME GIFTS FOR YOU.","Samsung GALAXY A17, 6.7'' HD+, 6GB RAM + 128GB ROM, DUAL SIM, 50MP, 5000mAh/24 MONTHS WARRANTY+AWESOME GIFTS FOR YOU.",22350,35000,36.1,FALSE,4.7,0,https://www.jumia.co.ke/samsung-galaxy-a17-6.7-hd-6gb-ram-128gb-rom-dual-sim-50mp-5000mah24-months-warrantyawesome-gifts-for-you.-325919901.html,07/26/26 13:39,128,6,5000,50,Excellent,Mid-Range (15k-30k),0.578
smartphones,"Samsung Galaxy A17, 6.7'' HD+ Display, 8GB RAM + 256GB Storage (Dual Sim), 50MP Camera, 5000mAh Battery - Blue+Web Watch+Power Bank+Adapter","Samsung Galaxy A17, 6.7'' HD+ Display, 8GB RAM + 256GB Storage  (Dual Sim), 50MP Camera, 5000mAh Battery - Blue+Web Watch+Power Bank+Adapter",26299,34299,23.3,FALSE,4.6,0,https://www.jumia.co.ke/samsung-galaxy-a17-6.7-hd-display-8gb-ram-256gb-storage-dual-sim-50mp-camera-5000mah-battery-blueweb-watchpower-bankadapter-325681755.html,07/26/26 13:39,256,8,5000,50,Excellent,Mid-Range (15k-30k),0.53
smartphones,"Tecno SPARK 50 4G 256GB Storage+UPTO 12GB RAM(8 extended) 6.78"" SCREEN ,6700mAh Battery 50MP CAMERA ANDROID 16-1 Year Warranty.","Tecno SPARK 50 4G 256GB Storage+UPTO 12GB RAM(8 extended) 6.78"" SCREEN ,6700mAh Battery 50MP CAMERA ANDROID 16-1 Year  Warranty.",21095,22999,8.3,FALSE,2.8,0,https://www.jumia.co.ke/tecno-spark-50-4g-256gb-storageupto-12gb-ram8-extended-6.78-screen-6700mah-battery-50mp-camera-android-16-1-year-warranty.-327797482.html,07/26/26 13:39,256,12,6700,50,Average,Mid-Range (15k-30k),0.305
smartphones,"Samsung GALAXY A17, 6.7'' HD+, 4GB RAM + 128GB ROM, DUAL SIM, 50MP, 5000mAh - Blue","Samsung GALAXY A17, 6.7'' HD+, 4GB RAM + 128GB ROM, DUAL SIM, 50MP, 5000mAh - Blue",19750,25000,21,FALSE,4.1,0,https://www.jumia.co.ke/samsung-galaxy-a17-6.7-hd-4gb-ram-128gb-rom-dual-sim-50mp-5000mah-blue-325430936.html,07/26/26 13:39,128,4,5000,50,Good,Mid-Range (15k-30k),0.473
smartphones,"Tecno Spark 50 4G, 6.78'', 128GB + 4GB RAM, 6700mAh (Dual SIM), Grey","Tecno Spark 50 4G, 6.78'', 128GB + 4GB RAM, 6700mAh (Dual SIM), Grey",16570,18000,7.9,FALSE,4.8,0,https://www.jumia.co.ke/tecno-spark-50-4g-6.78-128gb-4gb-ram-6700mah-dual-sim-grey-328026396.html,07/26/26 13:39,128,4,6700,,Excellent,Mid-Range (15k-30k),0.504
smartphones,"Itel A100C 4G, 6.6"" Display, 2GB RAM + 64GB (Dual SIM), 5000mAh, Black","Itel A100C 4G, 6.6"" Display, 2GB RAM + 64GB (Dual SIM), 5000mAh, Black",9500,11000,13.6,FALSE,0,0,https://www.jumia.co.ke/itel-a100c-4g-6.6-display-2gb-ram-64gb-dual-sim-5000mah-black-327945388.html,07/26/26 13:39,2,2,5000,,No Rating,Entry (5k-15k),0.041
smartphones,"Poco C85, 6.9"", 128GB + 6GB RAM (Dual SIM), 6000mAh, 4G - Black(25 Months Warranty)","Poco C85, 6.9"", 128GB + 6GB RAM (Dual SIM), 6000mAh, 4G - Black(25 Months Warranty)",15999,18000,11.1,FALSE,4.3,0,https://www.jumia.co.ke/poco-c85-6.9-128gb-6gb-ram-dual-sim-6000mah-4g-black25-months-warranty-325670986.html,07/26/26 13:39,128,6,6000,,Good,Mid-Range (15k-30k),0.463
smartphones,"OPPO A31, 6GB + 128GB, Dual Sim, Green, Refurbished","OPPO A31, 6GB + 128GB, Dual Sim, Green, Refurbished",9450,11403,17.1,FALSE,3.3,0,https://www.jumia.co.ke/renewed-oppo-a31-6gb-128gb-dual-sim-green-refurbished-327457832.html,07/26/26 13:39,6,,,,Average,Entry (5k-15k),0.381
smartphones,"Samsung Galaxy A17, 6.7'' HD+ Display, 4GB RAM + 128GB Storage (Dual Sim), 50MP Camera, 5000mAh Battery - black +freegifts","Samsung Galaxy A17, 6.7'' HD+ Display, 4GB RAM + 128GB Storage (Dual Sim), 50MP Camera, 5000mAh Battery - black +freegifts",19899,30000,33.7,FALSE,4.3,0,https://www.jumia.co.ke/samsung-galaxy-a17-6.7-hd-display-4gb-ram-128gb-storage-dual-sim-50mp-camera-5000mah-battery-black-freegifts-325685808.html,07/26/26 13:39,128,4,5000,50,Good,Mid-Range (15k-30k),0.531
smartphones,"Tecno CAMON 50 Pro - 6.67"" 256GB ROM + 8GB RAM, 50MP CAMERA (Dual SIM) 5200mAh Battery - Black +SMART WATCH + EARBUDS+ POWER B","Tecno CAMON 50 Pro - 6.67"" 256GB ROM + 8GB RAM, 50MP CAMERA (Dual SIM) 5200mAh Battery - Black +SMART WATCH + EARBUDS+ POWER B",40999,50000,18,FALSE,3.9,0,https://www.jumia.co.ke/tecno-camon-50-pro-6.67-256gb-rom-8gb-ram-50mp-camera-dual-sim-5200mah-battery-black-smart-watch-earbuds-power-b-326979092.html,07/26/26 13:39,256,8,5200,50,Good,Premium (30k-50k),0.444
smartphones,"Redmi 15C By Xiaomi, 6.9"", 4GB RAM + 128GB (Dual SIM), 6000mAh, Blue (25 Months Warranty)","Redmi 15C By Xiaomi, 6.9"", 4GB RAM + 128GB (Dual SIM), 6000mAh, Blue (25 Months Warranty)",14699,16800,12.5,FALSE,3.5,0,https://www.jumia.co.ke/redmi-15c-byxiaomi-6.9-4gb-ram-128gb-dual-sim-6000mah-blue-25-months-warranty-328081972.html,07/26/26 13:39,4,4,6000,,Good,Entry (5k-15k),0.387
smartphones,"Oppo A6 Pro 4G, 6.57"", 8GB RAM + 256GB ROM, IP69,80W Flash Charge,7000mA,(Dual Sim) Stellar Blue (2YRs WRTY)","Oppo A6 Pro 4G,  6.57"", 8GB RAM + 256GB ROM, IP69,80W Flash Charge,7000mA,(Dual Sim) Stellar Blue (2YRs WRTY)",40999,45999,10.9,FALSE,4.8,0,https://www.jumia.co.ke/oppo-a6-pro-4g-6.57-8gb-ram-256gb-rom-ip6980w-flash-charge7000madual-sim-stellar-blue-2yrs-wrty-325911441.html,07/26/26 13:39,256,8,,,Excellent,Premium (30k-50k),0.513
smartphones,"Safaricom Neon Smarta 2, 5"", 32GB + 2GB RAM (Dual SIM), 3300mAh, Black//WZ//","Safaricom Neon Smarta 2, 5"", 32GB + 2GB RAM (Dual SIM), 3300mAh, Black//WZ//",3050,3500,12.9,FALSE,4.2,0,https://www.jumia.co.ke/safaricom-neon-smarta-2-5-32gb-2gb-ram-dual-sim-3300mah-blackwz-327479380.html,07/26/26 13:39,32,2,3300,,Good,Budget (<5k),0.459
smartphones,"XIAOMI Redmi A7 Pro, 6.9"", 64GB + 4GB RAM (Dual Sim), 6000mAh - Black","XIAOMI Redmi A7 Pro, 6.9"", 64GB + 4GB RAM (Dual Sim), 6000mAh - Black",13500,15000,10,FALSE,4.7,0,https://www.jumia.co.ke/xiaomi-redmi-a7-pro-6.9-64gb-4gb-ram-dual-sim-6000mah-black-327531874.html,07/26/26 13:39,64,4,6000,,Excellent,Entry (5k-15k),0.5
smartphones,"Honor X5c Plus 6.74"" 4GB RAM+128GB 4G 5260 mAh Midnight Black - Dual Sim (1YR WRTY)","Honor X5c Plus 6.74"" 4GB RAM+128GB  4G 5260 mAh Midnight Black - Dual Sim (1YR WRTY)",15500,,0,FALSE,4.6,0,https://www.jumia.co.ke/honor-x5c-plus-6.74-4gb-ram128gb-4g-5260-mah-midnight-black-dual-sim-1yr-wrty-326840829.html,07/26/26 13:40,4,4,5260,,Excellent,Mid-Range (15k-30k),0.46
smartphones,"Samsung Galaxy A26 5G, 6.7'' 8GB RAM + 256GB ROM, 50MP +free gifts","Samsung Galaxy A26 5G, 6.7'' 8GB RAM + 256GB ROM, 50MP +free gifts",32899,59569,44.8,FALSE,4.3,0,https://www.jumia.co.ke/samsung-galaxy-a26-5g-6.7-8gb-ram-256gb-rom-50mp-free-gifts-325561238.html,07/26/26 13:40,256,8,,50,Good,Premium (30k-50k),0.564
smartphones,"Samsung A06 6.7''Screen, 4GB RAM +64GB STORAGE, 5000MAH DUAL+COVER+PROTECTOR..","Samsung A06 6.7''Screen, 4GB RAM +64GB STORAGE, 5000MAH DUAL+COVER+PROTECTOR..",12290,19999,38.5,FALSE,4.2,0,https://www.jumia.co.ke/samsung-a06-6.7screen-4gb-ram-64gb-storage-5000mah-dualcoverprotector..-278787260.html,07/26/26 13:40,4,4,5000,,Good,Entry (5k-15k),0.536
smartphones,"Redmi 15C By Xiaomi, 6.9"", Up to 4GB + 4GB Extended RAM + 128GB Storage, 6000mAh (Dual Sim) 1 Year warranty","Redmi 15C By Xiaomi, 6.9"", Up to 4GB + 4GB Extended RAM + 128GB Storage, 6000mAh (Dual Sim) 1 Year warranty",15545,31999,51.4,FALSE,4.3,0,https://www.jumia.co.ke/redmi-15c-byxiaomi-6.9-up-to-4gb-4gb-extended-ram-128gb-storage-6000mah-dual-sim-1-year-warranty-325508457.html,07/26/26 13:40,128,,6000,,Good,Mid-Range (15k-30k),0.584
smartphones,"I16Pro Max 6.6-Inch Android Smartphone,4GB+64GB , Android 12, Incell Screen,Dual SIM, GPS WIFI All-In-One Phone","I16Pro Max 6.6-Inch Android Smartphone,4GB+64GB , Android 12, Incell Screen,Dual SIM, GPS WIFI All-In-One Phone",14418,,0,FALSE,0,0,https://www.jumia.co.ke/landvo-i16pro-max-6.6-inch-android-smartphone4gb64gb-android-12-incell-screendual-sim-gps-wifi-all-in-one-phone-326729266.html,07/26/26 13:40,64,,,,No Rating,Entry (5k-15k),0
smartphones,Honor Play 10 6.74” 3GB RAM + 64GB 4G 5000 mAh Midnight Black - Dual Card Sim (1YR WRTY),Honor Play 10 6.74” 3GB RAM + 64GB 4G 5000 mAh Midnight Black - Dual Card Sim  (1YR WRTY),11500,,0,FALSE,4.8,0,https://www.jumia.co.ke/honor-play-10-6.74-3gb-ram-64gb-4g-5000-mah-midnight-black-dual-card-sim-1yr-wrty-326846533.html,07/26/26 13:40,3,3,5000,,Excellent,Entry (5k-15k),0.48
smartphones,"Safaricom Neon Smarta 2, IPS LCD DISPLAY, 5"" Inches, 32GB ROM + 2GB RAM (Dual SIM), 3300mAh +Free Gifts(Earpods)","Safaricom  Neon Smarta 2, IPS LCD DISPLAY, 5"" Inches, 32GB ROM + 2GB RAM (Dual SIM), 3300mAh +Free Gifts(Earpods)",3899,10000,61,TRUE,4.6,0,https://www.jumia.co.ke/safaricom-neon-smarta-2-ips-lcd-display-5-inches-32gb-rom-2gb-ram-dual-sim-3300mah-free-giftsearpods-327110336.html,07/26/26 13:40,32,2,3300,,Excellent,Budget (<5k),0.643
smartphones,"Samsung GALAXY A17, 6.7'' HD+, 4GB RAM + 128GB ROM, DUAL SIM, 50MP, 5000mAh/24 MONTHS WARRANTY+AMAIZING GIFTS","Samsung GALAXY A17, 6.7'' HD+, 4GB RAM + 128GB ROM, DUAL SIM, 50MP, 5000mAh/24 MONTHS WARRANTY+AMAIZING GIFTS",19550,27000,27.6,FALSE,4,0,https://www.jumia.co.ke/samsung-galaxy-a17-6.7-hd-4gb-ram-128gb-rom-dual-sim-50mp-5000mah24-months-warrantyamaizing-gifts-325431005.html,07/26/26 13:40,128,4,5000,50,Good,Mid-Range (15k-30k),0.483
smartphones,"Samsung A17, 5G 6.7'' HD+, 8GB RAM + 256 GB ROM, DUAL SIM, 50MP, 5000mAh","Samsung  A17, 5G 6.7'' HD+, 8GB RAM + 256 GB ROM, DUAL SIM, 50MP, 5000mAh",24599,39999,38.5,FALSE,4.6,0,https://www.jumia.co.ke/samsung-a17-5g-6.7-hd-8gb-ram-256-gb-rom-dual-sim-50mp-5000mah-326115038.html,07/26/26 13:40,256,8,5000,50,Excellent,Mid-Range (15k-30k),0.575
smartphones,"Redmi 15C By Xiaomi, 6.88"", 8GB RAM + 256GB ROM, Android 15 Dual SIM + SW BD2 PB2 BLUE","Redmi 15C By Xiaomi, 6.88"", 8GB RAM + 256GB ROM, Android 15 Dual SIM +  SW BD2 PB2 BLUE",20599,29000,29,FALSE,4.1,0,https://www.jumia.co.ke/redmi-15c-byxiaomi-6.88-8gb-ram-256gb-rom-android-15-dual-sim-sw-bd2-pb2-blue-275367902.html,07/26/26 13:40,256,8,,,Good,Mid-Range (15k-30k),0.497
smartphones,"XIAOMI Redmi A5 4G, 6.88"", 3GB RAM + 64GB, 5200mAh, Dual SIM - Green","XIAOMI Redmi A5 4G, 6.88"", 3GB RAM + 64GB, 5200mAh, Dual SIM - Green",10600,13000,18.5,FALSE,4.3,0,https://www.jumia.co.ke/xiaomi-redmi-a5-4g-6.88-3gb-ram-64gb-5200mah-dual-sim-green-328084295.html,07/26/26 13:40,3,3,5200,,Good,Entry (5k-15k),0.486
smartphones,"Tecno CAMON 50 PRO,CURVED SCREEN,upto16 GB RAM +256GB Storage 5200 MAH BATTERY,-1 YEAR WARRANTY+SMART WATCH+POWERBANK-Black","Tecno CAMON 50 PRO,CURVED SCREEN,upto16 GB RAM +256GB Storage 5200 MAH BATTERY,-1 YEAR WARRANTY+SMART WATCH+POWERBANK-Black",38999,42999,9.3,FALSE,5,0,https://www.jumia.co.ke/tecno-camon-50-procurved-screenupto16-gb-ram-256gb-storage-5200-mah-battery-1-year-warrantysmart-watchpowerbank-black-326859579.html,07/26/26 13:40,256,16,5200,,Excellent,Premium (30k-50k),0.528
smartphones,"Oppo A6x,6.75"" 4GB RAM+256GB ROM, Snapdragon® 685 4G,120Hz, 6500mAh (Dual Sim) Ice Blue (2YRs WRTY)","Oppo A6x,6.75"" 4GB RAM+256GB ROM, Snapdragon® 685 4G,120Hz, 6500mAh (Dual Sim)  Ice Blue (2YRs WRTY)",20447,21999,7.1,FALSE,4.3,0,https://www.jumia.co.ke/oppo-a6x6.75-4gb-ram256gb-rom-snapdragonr-685-4g120hz-6500mah-dual-sim-ice-blue-2yrs-wrty-326546575.html,07/26/26 13:40,256,4,6500,,Good,Mid-Range (15k-30k),0.451
smartphones,"I16Pro Max 6.6-Inch Android Smartphone, 4GB+64GB, Android 12, Incell Screen,Dual SIM, GPS WIFI All-In-One Phone","I16Pro Max 6.6-Inch Android Smartphone, 4GB+64GB, Android 12, Incell Screen,Dual SIM, GPS WIFI All-In-One Phone",14418,,0,FALSE,0,0,https://www.jumia.co.ke/landvo-i16pro-max-6.6-inch-android-smartphone-4gb64gb-android-12-incell-screendual-sim-gps-wifi-all-in-one-phone-326729213.html,07/26/26 13:40,64,,,,No Rating,Entry (5k-15k),0
smartphones,"Itel A06, 6.6"" HD+, 64GB + 2GB RAM (Dual SIM) - Black","Itel A06, 6.6"" HD+, 64GB + 2GB RAM (Dual SIM) - Black",8500,10000,15,FALSE,0,0,https://www.jumia.co.ke/itel-a06-6.6-hd-64gb-2gb-ram-dual-sim-black-327945393.html,07/26/26 13:40,64,2,,,No Rating,Entry (5k-15k),0.045
smartphones,"Samsung Galaxy A17, 6.7'' HD+ Display, 8GB RAM + 256GB Storage (Dual Sim), 50MP Camera, 5000mAh Battery - Black+Web Watch+Power Bank+Adapter","Samsung Galaxy A17, 6.7'' HD+ Display, 8GB RAM + 256GB Storage  (Dual Sim), 50MP Camera, 5000mAh Battery - Black+Web Watch+Power Bank+Adapter",26299,34299,23.3,FALSE,4.8,0,https://www.jumia.co.ke/samsung-galaxy-a17-6.7-hd-display-8gb-ram-256gb-storage-dual-sim-50mp-camera-5000mah-battery-blackweb-watchpower-bankadapter-325681766.html,07/26/26 13:40,256,8,5000,50,Excellent,Mid-Range (15k-30k),0.55
smartphones,"Nokia C1 2nd Edition ,5.45"" - 16GB + 1GB (Dual Sim) 2500 mAh, 5MP, Blue - Clearance Sale!!","Nokia C1 2nd Edition ,5.45"" - 16GB + 1GB (Dual Sim) 2500 mAh, 5MP, Blue - Clearance Sale!!",4999,8799,43.2,FALSE,5,0,https://www.jumia.co.ke/nokia-c1-2nd-edition-5.45-16gb-1gb-dual-sim-2500-mah-5mp-blue-clearance-sale-327671364.html,07/26/26 13:40,16,,2500,5,Excellent,Budget (<5k),0.63
smartphones,"Redmi 15C By Xiaomi, 6.9"", 8GB RAM+ 256GB, 6000mAh, 1 YEAR WARRANTY - Black","Redmi 15C By Xiaomi, 6.9"", 8GB RAM+ 256GB, 6000mAh, 1 YEAR WARRANTY - Black",21183,24999,15.3,FALSE,3.1,0,https://www.jumia.co.ke/redmi-15c-byxiaomi-6.9-8gb-ram-256gb-6000mah-1-year-warranty-black-327074462.html,07/26/26 13:40,8,8,6000,,Average,Mid-Range (15k-30k),0.356
smartphones,"XIAOMI Xiaomi Redmi Note 15 Pro - 6.83"" AMOLED, 256GB, 8GB RAM, 4G, 50MP Camera","XIAOMI Xiaomi Redmi Note 15 Pro - 6.83"" AMOLED, 256GB, 8GB RAM, 4G, 50MP Camera",33850,50000,32.3,FALSE,4.3,0,https://www.jumia.co.ke/xiaomi-redmi-note-15-pro-6.83-amoled-256gb-8gb-ram-5g-50mp-camera-xiaomi-mpg10320557.html,07/26/26 13:40,256,8,,50,Good,Premium (30k-50k),0.527
smartphones,"XIAOMI Redmi Note 15 Pro, 6.77"", 8GB RAM + 256GB (Dual SIM), 6500mAh, Black (25 Months Warranty) + Free Buds 6 Play","XIAOMI Redmi Note 15 Pro, 6.77"", 8GB RAM + 256GB (Dual SIM), 6500mAh, Black (25 Months Warranty) + Free Buds 6 Play",38680,40999,5.7,FALSE,4.4,0,https://www.jumia.co.ke/xiaomi-redmi-note-15-pro-6.77-8gb-ram-256gb-dual-sim-6500mah-black-25-months-warranty-free-buds-6-play-326638116.html,07/26/26 13:40,8,8,6500,,Good,Premium (30k-50k),0.457
smartphones,"Oppo A6 Pro 4G, 6.57"", 8GB RAM + 256GB, IP69, 80W Flash Charge, 7000mA (Dual SIM), Rosewood Red (2YRS WRTY)","Oppo A6 Pro 4G,  6.57"", 8GB RAM + 256GB, IP69, 80W Flash Charge, 7000mA (Dual SIM), Rosewood Red (2YRS WRTY)",40999,45999,10.9,FALSE,3.7,0,https://www.jumia.co.ke/oppo-a6-pro-4g-6.57-8gb-ram-256gb-ip69-80w-flash-charge-7000ma-dual-sim-rosewood-red-2yrs-wrty-325911438.html,07/26/26 13:40,8,8,,,Good,Premium (30k-50k),0.403
smartphones,"Redmi A7 By Xiaomi 6.88"" 64GB ROM + 3GB RAM 50MP 5200mAh (Dual Sim) on screen fingerprint (2 Years Warranty) BLACK","Redmi  A7 By Xiaomi 6.88"" 64GB ROM + 3GB RAM 50MP 5200mAh (Dual Sim) on screen fingerprint (2 Years Warranty) BLACK",12199,19990,39,FALSE,4.6,0,https://www.jumia.co.ke/redmi-a7-by-xiaomi-6.88-64gb-rom-3gb-ram-50mp-5200mah-dual-sim-on-screen-fingerprint-2-years-warranty-black-327542864.html,07/26/26 13:40,64,3,5200,50,Excellent,Entry (5k-15k),0.577
smartphones,"Nokia C1 2nd Edition, 5.45"" - 16GB + 1GB (Dual Sim) 2500 MAh + SMART WATCH & AIRPODS","Nokia C1 2nd Edition, 5.45"" - 16GB + 1GB (Dual Sim) 2500 MAh + SMART WATCH & AIRPODS",5499,10999,50,FALSE,3.8,0,https://www.jumia.co.ke/c1-2nd-edition-5.45-16gb-1gb-dual-sim-2500-mah-smart-watch-airpods-nokia-mpg441724.html,07/26/26 13:40,16,,2500,,Good,Entry (5k-15k),0.53
smartphones,"Samsung Galaxy A16 - 4GB RAM, 128GB Storage, 6.7"" Display, 50MP Camera, 5000mAh Battery- Grey","Samsung Galaxy A16 - 4GB RAM, 128GB Storage, 6.7"" Display, 50MP Camera, 5000mAh Battery- Grey",17800,20000,11,FALSE,0,0,https://www.jumia.co.ke/galaxy-a16-4gb-ram-128gb-storage-6.7-display-50mp-camera-5000mah-battery-grey-samsung-mpg10371398.html,07/26/26 13:40,128,4,5000,50,No Rating,Mid-Range (15k-30k),0.033
smartphones,"Honor X5c Plus 6.74"" 4GB RAM+128GB 4G 5260 mAh Ocean Cyan - Dual Sim (1YR WRTY)","Honor X5c Plus 6.74"" 4GB RAM+128GB 4G 5260 mAh Ocean Cyan - Dual Sim (1YR WRTY)",14299,15500,7.7,FALSE,5,0,https://www.jumia.co.ke/honor-x5c-plus-6.74-4gb-ram128gb-4g-5260-mah-ocean-cyan-dual-sim-1yr-wrty-326840889.html,07/26/26 13:40,4,4,5260,,Excellent,Entry (5k-15k),0.523
smartphones,"Samsung Galaxy A56 5G, 6.7"", 128GB + 8GB RAM (Dual SIM), 5000mAh, Awesome Graphite","Samsung Galaxy A56 5G, 6.7"", 128GB + 8GB RAM (Dual SIM), 5000mAh, Awesome Graphite",52500,53600,2.1,FALSE,4.3,0,https://www.jumia.co.ke/galaxy-a56-5g-6.7-128gb-8gb-ram-dual-sim-5000mah-awesomegraphite-samsung-mpg8632758.html,07/26/26 13:40,128,8,5000,,Good,Luxury (>50k),0.436
smartphones,"Infinix Hot 60i 4G""6.7-inch, 6GBRAM+128GB ROM' Battery: 5000mAh-Black+ LEDwatch+Cardreader+Powerbank+Cable&Earpods","Infinix  Hot 60i 4G""6.7-inch, 6GBRAM+128GB ROM' Battery: 5000mAh-Black+ LEDwatch+Cardreader+Powerbank+Cable&Earpods",16599,39999,58.5,FALSE,4.1,0,https://www.jumia.co.ke/infinix-hot-60i-4g6.7-inch-6gbram128gb-rom-battery-5000mah-black-ledwatchcardreaderpowerbankcableearpods-319460672.html,07/26/26 13:40,128,6,5000,,Good,Mid-Range (15k-30k),0.585
smartphones,"Samsung Galaxy A07 4G, 6.7"", 128GB ROM + 4GB RAM (Dual SIM), 5000mAh, Black (2YRs WRTY)","Samsung Galaxy A07 4G, 6.7"", 128GB ROM + 4GB RAM (Dual SIM), 5000mAh, Black (2YRs WRTY)",15750,19999,21.2,FALSE,5,0,https://www.jumia.co.ke/samsung-galaxy-a07-4g-6.7-128gb-rom-4gb-ram-dual-sim-5000mah-black-2yrs-wrty-327275679.html,07/26/26 13:40,128,4,5000,,Excellent,Mid-Range (15k-30k),0.564
smartphones,Honor Play 10 6.74” 3GB RAM + 64GB ROM 4G 5000 mAh Ocean Cyan - Dual Card Sim (1YR WRTY),Honor Play 10 6.74” 3GB RAM + 64GB ROM 4G 5000 mAh Ocean Cyan - Dual Card Sim  (1YR WRTY),11500,,0,FALSE,3.5,0,https://www.jumia.co.ke/honor-play-10-6.74-3gb-ram-64gb-rom-4g-5000-mah-ocean-cyan-dual-card-sim-1yr-wrty-326840328.html,07/26/26 13:40,64,3,5000,,Good,Entry (5k-15k),0.35
smartphones,"KXD A07 Pro, 6.7"", 4GB RAM+ 64GB (Dual SIM), 4500mAh, Orange (1YR WRTY)","KXD A07 Pro, 6.7"", 4GB RAM+ 64GB (Dual SIM), 4500mAh, Orange (1YR WRTY)",9699,,0,FALSE,0,0,https://www.jumia.co.ke/kxd-a07-pro-6.7-4gb-ram-64gb-dual-sim-4500mah-orange-1yr-wrty-327644373.html,07/26/26 13:40,4,4,4500,,No Rating,Entry (5k-15k),0
smartphones,"Nokia C1 2nd Edition, 5.45"" - 16GB + 1GB (Dual Sim) 2500 MAh + EARBUDS","Nokia C1 2nd Edition, 5.45"" - 16GB + 1GB (Dual Sim) 2500 MAh + EARBUDS",5199,10999,52.7,FALSE,4.1,0,https://www.jumia.co.ke/c1-2nd-edition-5.45-16gb-1gb-dual-sim-2500-mah-earbuds-nokia-mpg443440.html,07/26/26 13:40,16,,2500,,Good,Entry (5k-15k),0.568
smartphones,"Tecno Spark 50 4G, 6.78'', 256GB + 4GB RAM (+8GB Extended), 6700mAh, 50MP FlashSnap, IP64, (Dual SIM) - Ink Black.","Tecno Spark 50 4G, 6.78'', 256GB + 4GB RAM (+8GB Extended), 6700mAh, 50MP FlashSnap, IP64, (Dual SIM) - Ink Black.",20199,35999,43.9,FALSE,5,0,https://www.jumia.co.ke/spark-50-4g-6.78-256gb-4gb-ram-8gb-extended-6700mah-50mp-flashsnap-ip64-dual-sim-ink-black.-tecno-mpg10324468.html,07/26/26 13:40,256,4,6700,50,Excellent,Mid-Range (15k-30k),0.632
smartphones,"Infinix SMART 20 , 6.67 -INCH 4G NETWORK DUAL SIM UP TO 4GB RAM + 64GB ROM ,BATTERY 5200mAh ANDROID 16 + WATCH,EARPODS,POWER BANK","Infinix  SMART 20 , 6.67 -INCH 4G NETWORK DUAL SIM UP TO 4GB RAM + 64GB ROM ,BATTERY 5200mAh ANDROID 16 + WATCH,EARPODS,POWER BANK",15180,20000,24.1,FALSE,0,0,https://www.jumia.co.ke/infinix-smart-20-6.67-inch-4g-network-dual-sim-up-to-4gb-ram-64gb-rom-battery-5200mah-android-16-watchearpodspower-bank-327724003.html,07/26/26 13:40,64,4,5200,,No Rating,Mid-Range (15k-30k),0.072
smartphones,"Tecno SPARK 50 4G 256GB ROM+ Upto 12GB RAM 6.78"" SCREEN ,6700mAh Battery 50MP CAMERA ANDROID 16+Free gifts+1 YEAR WARRANTY.,.,.,","Tecno SPARK 50 4G 256GB ROM+ Upto 12GB RAM 6.78"" SCREEN ,6700mAh Battery 50MP CAMERA ANDROID 16+Free gifts+1 YEAR WARRANTY.,.,.,",21350,30000,28.8,FALSE,4.2,0,https://www.jumia.co.ke/tecno-spark-50-4g-256gb-rom-upto-12gb-ram-6.78-screen-6700mah-battery-50mp-camera-android-16free-gifts1-year-warranty...-325374990.html,07/26/26 13:40,256,12,6700,50,Good,Mid-Range (15k-30k),0.506
smartphones,"Samsung Galaxy A17, 6.7'' HD+ Display, 4GB RAM + 128GB Storage (Dual Sim), 50MP Camera, 5000mAh Battery - gray + LED Watch + Earpods & Power bank","Samsung Galaxy A17, 6.7'' HD+ Display, 4GB RAM + 128GB Storage  (Dual Sim), 50MP Camera, 5000mAh Battery - gray + LED Watch + Earpods & Power bank",19899,32999,39.7,FALSE,3.5,0,https://www.jumia.co.ke/samsung-galaxy-a17-6.7-hd-display-4gb-ram-128gb-storage-dual-sim-50mp-camera-5000mah-battery-gray-led-watch-earpods-power-bank-325412295.html,07/26/26 13:40,128,4,5000,50,Good,Mid-Range (15k-30k),0.469
smartphones,"Samsung Galaxy A57 5G, 6.7"", 8GB+ 256GB (Dual SIM), 5000mAh, Awesome Navy","Samsung Galaxy A57 5G, 6.7"", 8GB+ 256GB (Dual SIM), 5000mAh, Awesome Navy",60220,66000,8.8,FALSE,2,0,https://www.jumia.co.ke/samsung-galaxy-a57-5g-6.7-8gb-256gb-dual-sim-5000mah-awesome-navy-328003654.html,07/26/26 13:40,256,,5000,,Poor,Luxury (>50k),0.226
smartphones,"Samsung A07 6.7'' Display, 4GB RAM +128GB Storage 5000MAH Battery, Dual sim. Cover,P, Adapter","Samsung  A07 6.7'' Display, 4GB RAM +128GB Storage 5000MAH Battery, Dual sim. Cover,P, Adapter",15450,20000,22.8,FALSE,4.3,0,https://www.jumia.co.ke/samsung-a07-6.7-display-4gb-ram-128gb-storage-5000mah-battery-dual-sim.-coverp-adapter-325659612.html,07/26/26 13:40,128,4,5000,,Good,Mid-Range (15k-30k),0.498
smartphones,"Tecno Spark 50 4G, 6.78"" SCREEN 120Hz Refresh Rate, 128GB ROM + 4GB RAM, 6700mAh Battery 50MP Camera - Black","Tecno Spark 50 4G,  6.78"" SCREEN 120Hz Refresh Rate, 128GB ROM + 4GB RAM, 6700mAh Battery 50MP Camera - Black",18599,29999,38,FALSE,5,0,https://www.jumia.co.ke/tecno-spark-50-4g-6.78-screen-120hz-refresh-rate-128gb-rom-4gb-ram-6700mah-battery-50mp-camera-black-327401593.html,07/26/26 13:40,128,4,6700,50,Excellent,Mid-Range (15k-30k),0.614
smartphones,"Tecno CAMON 30 Premier 5G, 512GB, 12GB RAM, 6.77"" AMOLED, Dual SIM, 5000mAh - Lava Black","Tecno CAMON 30 Premier 5G, 512GB, 12GB RAM, 6.77"" AMOLED, Dual SIM, 5000mAh - Lava Black",34000,104640,67.5,TRUE,1,0,https://www.jumia.co.ke/tecno-camon-30-premier-5g-512gb-12gb-ram-6.77-amoled-dual-sim-5000mah-lava-black-328046818.html,07/26/26 13:40,512,12,5000,,Poor,Premium (30k-50k),0.302
smartphones,"Oppo A5 4G, 6.67"", 6GB RAM +128GB, 45W SUPERVOOC, IP65, 6000mAh (Dual SIM) - Mist White","Oppo A5 4G, 6.67"", 6GB RAM +128GB, 45W SUPERVOOC, IP65, 6000mAh (Dual SIM) -  Mist White",22256,25999,14.4,FALSE,4.1,0,https://www.jumia.co.ke/oppo-a5-4g-6.67-6gb-ram-128gb-45w-supervooc-ip65-6000mah-dual-sim-mist-white-318570835.html,07/26/26 13:40,6,6,6000,,Good,Mid-Range (15k-30k),0.453
smartphones,"Oppo A5,4G,6.67"", 6GB RAM +128GB ROM, 45W SUPERVOOC,IP65,6000mAh (Dual Sim)","Oppo A5,4G,6.67"", 6GB RAM +128GB ROM, 45W SUPERVOOC,IP65,6000mAh (Dual Sim)",22256,25999,14.4,FALSE,4.5,0,https://www.jumia.co.ke/oppo-a54g6.67-6gb-ram-128gb-rom-45w-supervoocip656000mah-dual-sim-318568506.html,07/26/26 13:40,128,6,6000,,Excellent,Mid-Range (15k-30k),0.493
smartphones,"Poco C85, 6.9"", 256GB + 8GB RAM (Dual SIM), 6000mAh, 4G - Black (25 Months Warranty)","Poco C85, 6.9"", 256GB + 8GB RAM (Dual SIM), 6000mAh, 4G - Black (25 Months Warranty)",19400,22000,11.8,FALSE,4.5,0,https://www.jumia.co.ke/poco-c85-6.9-256gb-8gb-ram-dual-sim-6000mah-4g-black-25-months-warranty-325669322.html,07/26/26 13:40,256,8,6000,,Excellent,Mid-Range (15k-30k),0.485
smartphones,"Redmi Note 15 By Xiaomi, 6.77"", 8GB RAM + 256GB, 6000mAh, Black (25 Months Warranty)","Redmi Note 15 By Xiaomi, 6.77"", 8GB RAM + 256GB, 6000mAh, Black (25 Months Warranty)",30680,34999,12.3,FALSE,4.7,0,https://www.jumia.co.ke/redmi-note-15-by-xiaomi-6.77-8gb-ram-256gb-6000mah-black-25-months-warranty-326642290.html,07/26/26 13:40,8,8,6000,,Excellent,Premium (30k-50k),0.507
smartphones,"Infinix Note Edge 6.67"", 8GB RAM + 256GB (Dual SIM), 6150MAh, Shadow Black + Free Power Bank (1YR WRTY)","Infinix Note Edge 6.67"", 8GB RAM + 256GB (Dual SIM), 6150MAh, Shadow Black + Free Power Bank (1YR WRTY)",34358,36000,4.6,FALSE,4,0,https://www.jumia.co.ke/infinix-note-edge-6.67-8gb-ram-256gb-dual-sim-6150mah-shadow-black-free-power-bank-1yr-wrty-326846294.html,07/26/26 13:40,8,8,6150,,Good,Premium (30k-50k),0.414
smartphones,"Oking ok310 1.77"" Screen button phone Wireless FM, 1000mAh, Triple sim cards - Black +ledwatch","Oking ok310 1.77"" Screen button phone Wireless FM, 1000mAh, Triple sim cards - Black +ledwatch",1178,1899,38,FALSE,1,0,https://www.jumia.co.ke/oking-ok310-1.77-screen-button-phone-wireless-fm-1000mah-triple-sim-cards-black-ledwatch-328469384.html,07/26/26 13:40,,,1000,,Poor,Budget (<5k),0.214
smartphones,"Vivo Y31d, 6.75"", 6GB RAM + 256GB (Dual SIM), 7200mAh, 44W Fast Charge, Grey","Vivo Y31d,  6.75"", 6GB RAM + 256GB (Dual SIM), 7200mAh, 44W Fast Charge, Grey",29399,32999,10.9,FALSE,3.3,0,https://www.jumia.co.ke/vivo-y31d-6.75-6gb-ram-256gb-dual-sim-7200mah-44w-fast-charge-grey-327050229.html,07/26/26 13:40,6,6,7200,,Average,Mid-Range (15k-30k),0.363
smartphones,Samsung Galaxy Note 9 ‌initial‌ screen 128GB HDD-6GB RAM 6.4-Inch 12MP + 12MP 4000mAh Smartphone – Midnight Black,Samsung Galaxy Note 9 ‌initial‌ screen 128GB HDD-6GB RAM 6.4-Inch 12MP + 12MP 4000mAh Smartphone – Midnight Black,24699,48240,48.8,FALSE,2,0,https://www.jumia.co.ke/renewed-samsung-galaxy-note-9-initial-screen-128gb-hdd-6gb-ram-6.4-inch-12mp-12mp-4000mah-smartphone-midnight-black-327670696.html,07/26/26 13:40,128,6,4000,12,Poor,Mid-Range (15k-30k),0.346
smartphones,SIMI Smartphone COOL2 6.6inch Screen HD+ 6(3+3)GB+64GB 5000mAh,SIMI Smartphone COOL2 6.6inch  Screen HD+ 6(3+3)GB+64GB 5000mAh,8100,11475,29.4,FALSE,0,0,https://www.jumia.co.ke/simi-smartphone-cool2-6.6inch-screen-hd-633gb64gb-5000mah-325902894.html,07/26/26 13:40,64,,5000,,No Rating,Entry (5k-15k),0.088
smartphones,"Vivo Y85 4GB RAM+64GB ROM 6.22"" Large Screen Dual Cameras Smartphone 4G 3260Mah-Black","Vivo Y85 4GB RAM+64GB ROM 6.22"" Large Screen Dual Cameras Smartphone 4G 3260Mah-Black",7499,12701,41,FALSE,3.6,0,https://www.jumia.co.ke/renewed-vivo-y85-4gb-ram64gb-rom-6.22-large-screen-dual-cameras-smartphone-4g-3260mah-black-314635693.html,07/26/26 13:40,64,4,3260,,Good,Entry (5k-15k),0.483
smartphones,Samsung A07 DISPLAY 6.7 INCHES 4GB RAM + 128GB ROM DUAL SIM PLUS WATCH ADAPTER - BLACK,Samsung A07 DISPLAY 6.7 INCHES 4GB RAM + 128GB ROM  DUAL SIM PLUS WATCH ADAPTER - BLACK,15299,20000,23.5,FALSE,4.2,0,https://www.jumia.co.ke/samsung-a07-display-6.7-inches-4gb-ram-128gb-rom-dual-sim-plus-watch-adapter-black-325429180.html,07/26/26 13:40,128,4,,,Good,Mid-Range (15k-30k),0.491
smartphones,"AGM AGM NOTE N1 Smartphone - 128GB Storage, 8GB RAM, 6.52"" Display, 50MP Camera, Android 13 - Vivid Blue","AGM AGM NOTE N1 Smartphone - 128GB Storage, 8GB RAM, 6.52"" Display, 50MP Camera, Android 13 - Vivid Blue",12057,14242,15.3,FALSE,4,0,https://www.jumia.co.ke/agm-agm-note-n1-smartphone-128gb-storage-8gb-ram-6.52-display-50mp-camera-android-13-vivid-blue-129715600.html,07/26/26 13:40,128,8,,50,Good,Entry (5k-15k),0.446
smartphones,"Redmi 15C By Xiaomi, 4G, 6.9"", 8GB RAM + 256GB, 6000mAh, Moonlight Blue (25 Months Warranty)","Redmi 15C By Xiaomi, 4G, 6.9"", 8GB RAM + 256GB, 6000mAh, Moonlight Blue (25 Months Warranty)",20840,23000,9.4,FALSE,4.4,0,https://www.jumia.co.ke/redmi-15c-byxiaomi-4g-6.9-8gb-ram-256gb-6000mah-moonlight-blue-25-months-warranty-327099395.html,07/26/26 13:40,8,8,6000,,Good,Mid-Range (15k-30k),0.468
smartphones,"Infinix Hot 70,X6895B, 6.78"", 128GB + 4GB RAM,6000 mAh, 4G - Dive Blue","Infinix Hot 70,X6895B, 6.78"",  128GB + 4GB RAM,6000 mAh, 4G - Dive Blue",17440,19000,8.2,FALSE,0,0,https://www.jumia.co.ke/infinix-hot-70x6895b-6.78-128gb-4gb-ram6000-mah-4g-dive-blue-328563163.html,07/26/26 13:40,128,4,6000,,No Rating,Mid-Range (15k-30k),0.025
smartphones,"Tecno Pop 20 128GB+UPTO 8GB (4GB Extended RAM) 120Hz 6.75"" Display IP64 Dust & Water Resistance 13MP Camera UNISOC T7250 Processor 5000mA+(12 MONTHS WARRANTY)+Tg speaker+Power bank+Otg type c","Tecno  Pop 20 128GB+UPTO 8GB (4GB Extended RAM) 120Hz 6.75"" Display IP64 Dust & Water Resistance 13MP Camera UNISOC T7250 Processor 5000mA+(12 MONTHS WARRANTY)+Tg speaker+Power bank+Otg type c",16899,20000,15.5,FALSE,4,0,https://www.jumia.co.ke/tecno-pop-20-128gbupto-8gb-4gb-extended-ram-120hz-6.75-display-ip64-dust-water-resistance-13mp-camera-unisoc-t7250-processor-5000ma12-months-warrantytg-speakerpower-bankotg-type-c-326962886.html,07/26/26 13:40,8,,,13,Good,Mid-Range (15k-30k),0.446
smartphones,"Samsung A07 6.7'' Display, 4GB RAM +128GB Storage 5000MAH Battery, Dual sim-2 Years Warranty+C0VER+PROTECTOR","Samsung A07 6.7'' Display, 4GB RAM +128GB Storage 5000MAH Battery, Dual sim-2 Years Warranty+C0VER+PROTECTOR",15099,19999,24.5,FALSE,1,0,https://www.jumia.co.ke/samsung-a07-6.7-display-4gb-ram-128gb-storage-5000mah-battery-dual-sim-2-years-warrantyc0verprotector-325428588.html,07/26/26 13:40,128,4,5000,,Poor,Mid-Range (15k-30k),0.174
smartphones,"Redmi 15C By Xiaomi, 4G, 6.9"", 8GB RAM + 256GB, 6000mAh, Green (25 Months Warranty)","Redmi 15C By Xiaomi, 4G, 6.9"", 8GB RAM + 256GB, 6000mAh, Green (25 Months Warranty)",20840,24000,13.2,FALSE,0,0,https://www.jumia.co.ke/redmi-15c-byxiaomi-4g-6.9-8gb-ram-256gb-6000mah-green-25-months-warranty-328082049.html,07/26/26 13:40,8,8,6000,,No Rating,Mid-Range (15k-30k),0.04
smartphones,"Tecno SPARK 50 4G 128GB ROM+ 4GB RAM 6.78"" SCREEN 120Hz Refresh Rate 6700mAh Battery 50MP CAMERA ANDROID 16 SMARTPHONE.","Tecno SPARK 50 4G 128GB ROM+ 4GB RAM 6.78"" SCREEN 120Hz Refresh Rate 6700mAh Battery 50MP CAMERA ANDROID 16 SMARTPHONE.",18699,21999,15,FALSE,0,0,https://www.jumia.co.ke/tecno-spark-50-4g-128gb-rom-4gb-ram-6.78-screen-120hz-refresh-rate-6700mah-battery-50mp-camera-android-16-smartphone.-327635888.html,07/26/26 13:40,128,4,6700,50,No Rating,Mid-Range (15k-30k),0.045
smartphones,i17 Pro Max 7.3 Inch Android 15 Smartphone 4+64GB 4G Network All-in-One Phone Dual SIM Standby,i17 Pro Max 7.3 Inch Android 15 Smartphone 4+64GB 4G Network  All-in-One Phone Dual SIM Standby,16616,,0,FALSE,0,0,https://www.jumia.co.ke/landvo-i17-pro-max-7.3-inch-android-15-smartphone-464gb-4g-network-all-in-one-phone-dual-sim-standby-326728320.html,07/26/26 13:40,64,,,,No Rating,Mid-Range (15k-30k),0
smartphones,"Samsung GALAXY A57 5G 6.7-INCH DISPLAY ,ANDROID 15 UP TO 8GB RAM + 256GB ROM DUAL SIM BATTERY 5000mAh/24 MONTHS FREE WARRANTY + AMAZING GIVE AWAYS","Samsung  GALAXY A57 5G 6.7-INCH DISPLAY ,ANDROID 15 UP TO 8GB RAM + 256GB ROM DUAL SIM BATTERY 5000mAh/24 MONTHS FREE WARRANTY + AMAZING GIVE AWAYS",48999,80000,38.8,FALSE,5,0,https://www.jumia.co.ke/samsung-galaxy-a57-5g-6.7-inch-display-android-15-up-to-8gb-ram-256gb-rom-dual-sim-battery-5000mah24-months-free-warranty-amazing-give-aways-327388284.html,07/26/26 13:40,256,8,5000,,Excellent,Premium (30k-50k),0.616
smartphones,"Infinix Smart 20, 6.67"", 4GB RAM + 64GB (Dual SIM), 5200 mAh, 4G - Black (1YR WRTY) COMES WITH FREE GIFTS+12 MONTHS FREE WARRANTY","Infinix Smart 20, 6.67"", 4GB RAM + 64GB (Dual SIM), 5200 mAh, 4G - Black (1YR WRTY) COMES WITH FREE GIFTS+12 MONTHS FREE WARRANTY",15299,18000,15,FALSE,0,0,https://www.jumia.co.ke/infinix-smart-20-6.67-4gb-ram-64gb-dual-sim-5200-mah-4g-black-1yr-wrty-comes-with-free-gifts12-months-free-warranty-327806963.html,07/26/26 13:40,4,4,5200,,No Rating,Mid-Range (15k-30k),0.045
smartphones,"Infinix ZERO Flip 5G, 512GB 8GB RAM, Camera 50MP, Battery 4720 mAh' 70W wired, Color PINK, Smartphone,Dual SIM,2G/3G/4G/5G+","Infinix ZERO Flip 5G, 512GB 8GB RAM, Camera 50MP, Battery 4720 mAh' 70W wired, Color PINK, Smartphone,Dual SIM,2G/3G/4G/5G+",47000,80000,41.2,FALSE,5,0,https://www.jumia.co.ke/infinix-zero-flip-5g-512gb-8gb-ram-camera-50mp-battery-4720-mah-70w-wired-color-pink-smartphonedual-sim2g3g4g5g-327456959.html,07/26/26 13:40,512,8,4720,50,Excellent,Premium (30k-50k),0.624
smartphones,"XIAOMI Redmi A7 Pro, 6.9"", 128GB + 4GB RAM (Dual Sim), 6000mAh - Blue","XIAOMI Redmi A7 Pro, 6.9"", 128GB + 4GB RAM (Dual Sim), 6000mAh - Blue",14850,16000,7.2,FALSE,0,0,https://www.jumia.co.ke/xiaomi-redmi-a7-pro-6.9-128gb-4gb-ram-dual-sim-6000mah-blue-327531880.html,07/26/26 13:40,128,4,6000,,No Rating,Entry (5k-15k),0.022
smartphones,"Honor X9d ""6.79"" 12GB RAM +256GB 5G Dual-SIM - Forest Green + Free X7e earpods","Honor X9d ""6.79"" 12GB RAM +256GB 5G Dual-SIM - Forest Green + Free X7e earpods",49900,56334,11.4,FALSE,1,0,https://www.jumia.co.ke/honor-x9d-6.79-12gb-ram-256gb-5g-dual-sim-forest-green-free-x7e-earpods-327507716.html,07/26/26 13:40,12,12,,,Poor,Premium (30k-50k),0.134
smartphones,"Samsung A17, 6.7'' HD+, 4GB RAM + 128 GB ROM, DUAL SIM, 50MP, 5000mAh/24 MONTHS WARRANTY- BLACK","Samsung A17, 6.7'' HD+, 4GB RAM + 128 GB ROM, DUAL SIM, 50MP, 5000mAh/24 MONTHS WARRANTY- BLACK",19877,25500,22.1,FALSE,3.7,0,https://www.jumia.co.ke/samsung-a17-6.7-hd-4gb-ram-128-gb-rom-dual-sim-50mp-5000mah24-months-warranty-black-326042038.html,07/26/26 13:40,128,4,5000,50,Good,Mid-Range (15k-30k),0.436
smartphones,"Itel A100 Android Smartphone - Green 4GB RAM 128GB ROM, 6.75"" 90Hz HD+ Display, 5000mAh Battery, 15W Fast Charging, Dual SIM 4G Phone, Refurbished by Badili, 1 Year Warranty","Itel A100 Android Smartphone - Green  4GB RAM 128GB ROM, 6.75"" 90Hz HD+ Display, 5000mAh Battery, 15W Fast Charging, Dual SIM 4G Phone, Refurbished by Badili, 1 Year Warranty",10999,25000,56,FALSE,0,0,https://www.jumia.co.ke/renewed-itel-a100-android-smartphone-green-4gb-ram-128gb-rom-6.75-90hz-hd-display-5000mah-battery-15w-fast-charging-dual-sim-4g-phone-refurbished-by-badili-1-year-warranty-328236034.html,07/26/26 13:40,128,4,5000,,No Rating,Entry (5k-15k),0.168
smartphones,"Itel A200, 6.75"", 128GB ROM, 8GB RAM (3GB + 5GB Extension), 13MP Rear Camera + 5MP Front, 5000mAh - ORANGE(1YR WRTY","Itel A200, 6.75"", 128GB ROM, 8GB RAM (3GB + 5GB Extension), 13MP Rear Camera + 5MP Front, 5000mAh - ORANGE(1YR WRTY",16200,21999,26.4,FALSE,5,0,https://www.jumia.co.ke/itel-a200-6.75-128gb-rom-8gb-ram-3gb-5gb-extension-13mp-rear-camera-5mp-front-5000mah-orange1yr-wrty-328001979.html,07/26/26 13:40,128,8,5000,13,Excellent,Mid-Range (15k-30k),0.579
smartphones,"Tecno Spark 50 4G, 6.78"" SCREEN 120Hz Refresh Rate, 128GB ROM + 4GB RAM, 7000mAh Battery 50MP Camera - Black","Tecno Spark 50 4G, 6.78"" SCREEN 120Hz Refresh Rate, 128GB ROM + 4GB RAM, 7000mAh Battery 50MP Camera - Black",19999,28999,31,FALSE,3,0,https://www.jumia.co.ke/tecno-spark-50-4g-6.78-screen-120hz-refresh-rate-128gb-rom-4gb-ram-7000mah-battery-50mp-camera-black-327651906.html,07/26/26 13:40,128,4,7000,50,Average,Mid-Range (15k-30k),0.393
smartphones,"Infinix Hot 70,X6895B, 6.78"", 128GB + 4GB RAM,6000 mAh, 4G - Silver Dancer","Infinix Hot 70,X6895B, 6.78"",  128GB + 4GB RAM,6000 mAh, 4G - Silver Dancer",17440,19000,8.2,FALSE,0,0,https://www.jumia.co.ke/infinix-hot-70x6895b-6.78-128gb-4gb-ram6000-mah-4g-silver-dancer-328563004.html,07/26/26 13:40,128,4,6000,,No Rating,Mid-Range (15k-30k),0.025
smartphones,"Tecno Spark 50 4G, 6.78"" 120Hz Refresh Rate, 128GB ROM + 4GB RAM, 6700mAh Battery 50MP Camera - Black+Free Gifts","Tecno Spark 50 4G, 6.78"" 120Hz Refresh Rate, 128GB ROM + 4GB RAM, 6700mAh Battery 50MP Camera - Black+Free Gifts",19099,29999,36.3,FALSE,5,0,https://www.jumia.co.ke/tecno-spark-50-4g-6.78-120hz-refresh-rate-128gb-rom-4gb-ram-6700mah-battery-50mp-camera-blackfree-gifts-327405269.html,07/26/26 13:40,128,4,6700,50,Excellent,Mid-Range (15k-30k),0.609
smartphones,"Vivo Y31d, 6.75"", 6GB RAM + 256GB (Dual SIM), 7200mAh, 44W Fast Charge, Gold","Vivo Y31d,  6.75"", 6GB RAM + 256GB (Dual SIM), 7200mAh, 44W Fast Charge, Gold",29399,32999,10.9,FALSE,1,0,https://www.jumia.co.ke/vivo-y31d-6.75-6gb-ram-256gb-dual-sim-7200mah-44w-fast-charge-gold-327050268.html,07/26/26 13:40,6,6,7200,,Poor,Mid-Range (15k-30k),0.133
smartphones,"Samsung Galaxy A16, 6.7"", 128GB + 4GB RAM (Dual SIM), 5000mAh, Black","Samsung Galaxy A16, 6.7"", 128GB + 4GB RAM (Dual SIM), 5000mAh, Black",26380,28000,5.8,FALSE,0,0,https://www.jumia.co.ke/samsung-galaxy-a16-6.7-128gb-4gb-ram-dual-sim-5000mah-black-325579453.html,07/26/26 13:40,128,4,5000,,No Rating,Mid-Range (15k-30k),0.017
smartphones,"Reno10 Pro+ 6.6 inch Android Smartphone, 4GB RAM 64GB ROM,Android 10,4G Network Dual SIM, GPS WIFI All-in-One Phone","Reno10 Pro+ 6.6 inch Android Smartphone, 4GB RAM 64GB ROM,Android 10,4G Network Dual SIM, GPS WIFI All-in-One Phone",14204,,0,FALSE,0,0,https://www.jumia.co.ke/landvo-reno10-pro-6.6-inch-android-smartphone-4gb-ram-64gb-romandroid-104g-network-dual-sim-gps-wifi-all-in-one-phone-327476521.html,07/26/26 13:40,64,4,,,No Rating,Entry (5k-15k),0
smartphones,Honor Play 10 6.74” 3GB RAM + 64GB 4G 5000 mAh Starry Purple - Dual Card Sim (1YR WRTY),Honor Play 10 6.74” 3GB RAM + 64GB 4G 5000 mAh Starry Purple - Dual Card Sim  (1YR WRTY),10299,11500,10.4,FALSE,0,0,https://www.jumia.co.ke/honor-play-10-6.74-3gb-ram-64gb-4g-5000-mah-starry-purple-dual-card-sim-1yr-wrty-326840464.html,07/26/26 13:40,3,3,5000,,No Rating,Entry (5k-15k),0.031
smartphones,Honor X6c 6.74” 6GB RAM+256GB 4G 5300 mAh Midnight Black- Dual Sim (1YR WRTY),Honor X6c 6.74” 6GB RAM+256GB 4G 5300 mAh Midnight Black- Dual Sim (1YR WRTY),21991,,0,FALSE,0,0,https://www.jumia.co.ke/honor-x6c-6.74-6gb-ram256gb-4g-5300-mah-midnight-black-dual-sim-1yr-wrty-326874978.html,07/26/26 13:40,6,6,5300,,No Rating,Mid-Range (15k-30k),0
smartphones,"Tecno CAMON 50 Pro - 6.67"" 256GB ROM + 8GB RAM, 50MP CAMERA (Dual SIM) 5200mAh Battery+(12 MONTHS WARRANTY)-BLACK","Tecno  CAMON 50 Pro - 6.67"" 256GB ROM + 8GB RAM, 50MP CAMERA (Dual SIM) 5200mAh Battery+(12 MONTHS WARRANTY)-BLACK",40150,50000,19.7,FALSE,5,0,https://www.jumia.co.ke/tecno-camon-50-pro-6.67-256gb-rom-8gb-ram-50mp-camera-dual-sim-5200mah-battery12-months-warranty-black-326976977.html,07/26/26 13:40,256,8,5200,50,Excellent,Premium (30k-50k),0.559
smartphones,"KXD A07 Pro, 6.7"", 4GB RAM+ 64GB (Dual SIM), 4500mAh, Dark Blue (1YR WRTY)","KXD A07 Pro, 6.7"", 4GB RAM+ 64GB (Dual SIM), 4500mAh, Dark Blue (1YR WRTY)",9699,,0,FALSE,3,0,https://www.jumia.co.ke/kxd-a07-pro-6.7-4gb-ram-64gb-dual-sim-4500mah-dark-blue-1yr-wrty-327929154.html,07/26/26 13:40,4,4,4500,,Average,Entry (5k-15k),0.3
smartphones,"Tecno SPARK 50 4G 128GB ROM+ (4+8) 12GB RAM 6.78"" SCREEN 120Hz Refresh Rate 6700mAh Battery 50MP CAMERA ANDROID 16'1 YEAR WARRANTY+AWESOME GIVE AWAYS","Tecno SPARK 50 4G 128GB ROM+ (4+8) 12GB RAM 6.78"" SCREEN 120Hz Refresh Rate 6700mAh Battery 50MP CAMERA ANDROID 16'1 YEAR WARRANTY+AWESOME GIVE AWAYS",19150,25000,23.4,FALSE,4,0,https://www.jumia.co.ke/tecno-spark-50-4g-128gb-rom-48-12gb-ram-6.78-screen-120hz-refresh-rate-6700mah-battery-50mp-camera-android-161-year-warrantyawesome-give-aways-327437668.html,07/26/26 13:40,128,12,6700,50,Good,Mid-Range (15k-30k),0.47
smartphones,"Honor X9d ""6.79"" 12GB RAM +256GB 5G Dual-SIM - Midnight Black + Free X7e earpods","Honor X9d ""6.79"" 12GB RAM +256GB 5G Dual-SIM - Midnight Black + Free X7e earpods",54644,56334,3,FALSE,0,0,https://www.jumia.co.ke/honor-x9d-6.79-12gb-ram-256gb-5g-dual-sim-midnight-black-free-x7e-earpods-327511100.html,07/26/26 13:40,12,12,,,No Rating,Luxury (>50k),0.009
smartphones,"Infinix Note Edge, CURVED SCREEN, 6.67' Display, 8GB RAM + 256GB ROM, 50MP+13MP CAMERA, Battery 6150MAh (13 Months Warranty)BLACK +SMART WATCH+EARBUDS+PB","Infinix Note Edge, CURVED SCREEN, 6.67' Display, 8GB RAM + 256GB ROM, 50MP+13MP CAMERA, Battery 6150MAh (13 Months Warranty)BLACK +SMART WATCH+EARBUDS+PB",35251,40000,11.9,FALSE,5,0,https://www.jumia.co.ke/infinix-note-edge-curved-screen-6.67-display-8gb-ram-256gb-rom-50mp13mp-camera-battery-6150mah-13-months-warrantyblack-smart-watchearbudspb-326652466.html,07/26/26 13:40,256,8,6150,50,Excellent,Premium (30k-50k),0.536
smartphones,"Huawei Psmart+2019 Refurbished 6.2 Inches FHD+ 256GB, 3400 mAh.","Huawei Psmart+2019 Refurbished 6.2 Inches FHD+  256GB, 3400 mAh.",12864,15977,19.5,FALSE,1,0,https://www.jumia.co.ke/renewed-huawei-psmart2019-refurbished-6.2-inches-fhd-256gb-3400-mah.-326033655.html,07/26/26 13:40,256,,3400,,Poor,Entry (5k-15k),0.158
smartphones,"Samsung Galaxy A57 5G, 6.7"", 8GB+ 128GB (Dual SIM), 5000mAh, Awesome Navy","Samsung Galaxy A57 5G, 6.7"", 8GB+ 128GB (Dual SIM), 5000mAh, Awesome Navy",56995,58000,1.7,FALSE,0,0,https://www.jumia.co.ke/samsung-galaxy-a57-5g-6.7-8gb-128gb-dual-sim-5000mah-awesome-navy-328004212.html,07/26/26 13:40,128,,5000,,No Rating,Luxury (>50k),0.005
smartphones,"Samsung A37 5G, 6.7-Inch SUPER AMOLED, 8GB RAM + 256GB, 5000mAh - Lavender","Samsung A37 5G, 6.7-Inch SUPER AMOLED, 8GB RAM + 256GB, 5000mAh - Lavender",52690,55000,4.2,FALSE,0,0,https://www.jumia.co.ke/samsung-a37-5g-6.7-inch-super-amoled-8gb-ram-256gb-5000mah-lavender-328004279.html,07/26/26 13:40,8,8,5000,,No Rating,Luxury (>50k),0.013
smartphones,"Samsung Galaxy M23 5G, 6.6"", 4GB RAM + 128GB (Single SIM Card + Single Memory Card Slot ), 5000mAh, 50MP Main Camera - Deep Green","Samsung Galaxy M23 5G, 6.6"", 4GB RAM + 128GB (Single SIM Card + Single Memory Card Slot ), 5000mAh, 50MP Main Camera - Deep Green",15099,26800,43.7,FALSE,2.7,0,https://www.jumia.co.ke/renewed-samsung-galaxy-m23-5g-6.6-4gb-ram-128gb-single-sim-card-single-memory-card-slot-5000mah-50mp-main-camera-deep-green-325565354.html,07/26/26 13:40,4,4,5000,50,Average,Mid-Range (15k-30k),0.401
smartphones,"Vivo Y05, 6500mAh, 4GB+64GB, 15W Fast Charge, 6.74"" HD+ 120Hz, Fingerprint, Dual SIM – Black","Vivo Y05, 6500mAh, 4GB+64GB, 15W Fast Charge, 6.74"" HD+ 120Hz, Fingerprint, Dual SIM – Black",15999,17599,9.1,FALSE,0,0,https://www.jumia.co.ke/vivo-y05-6500mah-4gb64gb-15w-fast-charge-6.74-hd-120hz-fingerprint-dual-sim-black-327782427.html,07/26/26 13:40,64,,6500,,No Rating,Mid-Range (15k-30k),0.027
smartphones,"Fahion Big price cuts,Unlock the future with this popular S24 Ultra Support 4G Network 2G 16GB smartphone! Big screen + big memory","Fahion Big price cuts,Unlock the future with this popular S24 Ultra Support 4G Network 2G 16GB smartphone! Big screen + big memory",17001,22600,24.8,FALSE,2,0,https://www.jumia.co.ke/fahion-big-price-cutsunlock-the-future-with-this-popular-s24-ultra-support-4g-network-2g-16gb-smartphone-big-screen-big-memory-325248075.html,07/26/26 13:40,16,,,,Poor,Mid-Range (15k-30k),0.274
smartphones,"S26 Ultra S18-S 6.6 inch Android Smartphone built in pen, 4+64GB,incell Screen,4G Network Dual SIM, GPS WIFI All-in-One Phone","S26 Ultra S18-S 6.6 inch Android Smartphone built in pen, 4+64GB,incell Screen,4G Network Dual SIM, GPS WIFI All-in-One Phone",16080,,0,FALSE,0,0,https://www.jumia.co.ke/landvo-s26-ultra-s18-s-6.6-inch-android-smartphone-built-in-pen-464gbincell-screen4g-network-dual-sim-gps-wifi-all-in-one-phone-327623906.html,07/26/26 13:41,64,,,,No Rating,Mid-Range (15k-30k),0
smartphones,Corn Cphone C17 Pro Max Android 14 smartphone 64GB Rom +5(2+3GB) Ram 6.6 inches IPS LCD screen display 5000mAh battery,Corn   Cphone C17 Pro Max Android 14 smartphone 64GB Rom +5(2+3GB) Ram 6.6 inches IPS LCD screen display 5000mAh battery,7999,9999,20,FALSE,0,0,https://www.jumia.co.ke/corn-cphone-c17-pro-max-android-14-smartphone-64gb-rom-523gb-ram-6.6-inches-ips-lcd-screen-display-5000mah-battery-327817259.html,07/26/26 13:41,64,,5000,,No Rating,Entry (5k-15k),0.06
smartphones,"Vivo V70, 6.8"", 12GB RAM + 512GB (Dual SIM), 6500mAh, 90W Fast Charge, Grey","Vivo V70, 6.8"", 12GB RAM + 512GB (Dual SIM), 6500mAh, 90W Fast Charge, Grey",82449,93499,11.8,FALSE,5,0,https://www.jumia.co.ke/vivo-v70-6.8-12gb-ram-512gb-dual-sim-6500mah-90w-fast-charge-grey-327710867.html,07/26/26 13:41,12,12,6500,,Excellent,Luxury (>50k),0.535
smartphones,"Samsung Galaxy A17, 6.7'' HD+ Display, 4GB RAM + 128GB Storage (Dual Sim), 50MP Camera, 5000mAh Battery - black","Samsung Galaxy A17, 6.7'' HD+ Display, 4GB RAM + 128GB Storage (Dual Sim), 50MP Camera, 5000mAh Battery - black",19499,28999,32.8,FALSE,0,0,https://www.jumia.co.ke/samsung-galaxy-a17-6.7-hd-display-4gb-ram-128gb-storage-dual-sim-50mp-camera-5000mah-battery-black-326075435.html,07/26/26 13:41,128,4,5000,50,No Rating,Mid-Range (15k-30k),0.098
smartphones,"Redmi A7 By Xiaomi - 6.88"" 64GB + 3GB RAM 50MP 5200mAh (Dual Sim) on screen fingerprint (2 Years Warranty) BLACK","Redmi A7 By Xiaomi - 6.88"" 64GB + 3GB RAM 50MP 5200mAh (Dual Sim) on screen fingerprint (2 Years Warranty) BLACK",12299,15999,23.1,FALSE,5,0,https://www.jumia.co.ke/redmi-a7-by-xiaomi-6.88-64gb-3gb-ram-50mp-5200mah-dual-sim-on-screen-fingerprint-2-years-warranty-black-327543062.html,07/26/26 13:41,64,3,5200,50,Excellent,Entry (5k-15k),0.569
smartphones,"Samsung A07 6.7'' Display, 4GB RAM +128GB Storage 5000MAH Battery, Dual sim-2 Years Warranty-L+GIFTS.","Samsung A07 6.7'' Display, 4GB RAM +128GB Storage 5000MAH Battery, Dual sim-2 Years Warranty-L+GIFTS.",15099,18999,20.5,FALSE,0,0,https://www.jumia.co.ke/samsung-a07-6.7-display-4gb-ram-128gb-storage-5000mah-battery-dual-sim-2-years-warranty-lgifts.-328678532.html,07/26/26 13:41,128,4,5000,,No Rating,Mid-Range (15k-30k),0.061
smartphones,"Infinix Hot 70,X6895B, 6.78"", 128GB + 4GB RAM,6000 mAh, 4G - Night Pulse","Infinix Hot 70,X6895B, 6.78"",  128GB + 4GB RAM,6000 mAh, 4G - Night Pulse",17199,100000,82.8,TRUE,0,0,https://www.jumia.co.ke/infinix-hot-70x6895b-6.78-128gb-4gb-ram6000-mah-4g-night-pulse-328611992.html,07/26/26 13:41,128,4,6000,,No Rating,Mid-Range (15k-30k),0.248
smartphones,"Itel A100 Android Smartphone - Black 4GB RAM 128GB ROM, 6.75"" 90Hz HD+ Display, 5000mAh Battery, 15W Fast Charging, Dual SIM 4G Phone, Refurbished by Badili, 1 Year Warranty","Itel A100 Android Smartphone - Black  4GB RAM 128GB ROM, 6.75"" 90Hz HD+ Display, 5000mAh Battery, 15W Fast Charging, Dual SIM 4G Phone, Refurbished by Badili, 1 Year Warranty",10999,30000,63.3,TRUE,5,0,https://www.jumia.co.ke/renewed-itel-a100-android-smartphone-black-4gb-ram-128gb-rom-6.75-90hz-hd-display-5000mah-battery-15w-fast-charging-dual-sim-4g-phone-refurbished-by-badili-1-year-warranty-328609529.html,07/26/26 13:41,128,4,5000,,Excellent,Entry (5k-15k),0.69
smartphones,Samsung A07 DISPLAY 6.7 INCHES 4GB RAM + 128GB ROM DUAL SIM PLUS WATCH SPEAKER,Samsung A07 DISPLAY 6.7 INCHES 4GB RAM + 128GB ROM  DUAL SIM PLUS WATCH SPEAKER,15699,20000,21.5,FALSE,0,0,https://www.jumia.co.ke/samsung-a07-display-6.7-inches-4gb-ram-128gb-rom-dual-sim-plus-watch-speaker-325445280.html,07/26/26 13:41,128,4,,,No Rating,Mid-Range (15k-30k),0.064
smartphones,"Infinix Hot 70, 6.78 inches, 120Hz Display, 128GB ROM + 4 GB RAM +4 (Expandable to 8GB ), 50 MP Main Camera,6000 mAh +FREE EARBUDS,WATCH,COVER","Infinix  Hot 70, 6.78 inches, 120Hz Display, 128GB ROM + 4 GB RAM +4 (Expandable to 8GB ), 50 MP Main Camera,6000 mAh +FREE EARBUDS,WATCH,COVER",18290,31999,42.8,FALSE,0,0,https://www.jumia.co.ke/infinix-hot-70-6.78-inches-120hz-display-128gb-rom-4-gb-ram-4-expandable-to-8gb-50-mp-main-camera6000-mah-free-earbudswatchcover-328482538.html,07/26/26 13:41,128,4,6000,50,No Rating,Mid-Range (15k-30k),0.128
smartphones,"Samsung Galaxy A21 Smartphone Red, Badili Refurbished- 3GB- 64GB ROM - 6.5-Inch HD+ Infinity-O Display - 16MP Quad Camera - 4000mAh Battery - Dual SIM - 4G LTE - Android Budget Phone -1 Year Warranty.","Samsung Galaxy A21 Smartphone  Red, Badili Refurbished- 3GB- 64GB ROM - 6.5-Inch HD+ Infinity-O Display - 16MP Quad Camera - 4000mAh Battery - Dual SIM - 4G LTE - Android Budget Phone -1 Year Warranty.",9699,25000,61.2,TRUE,0,0,https://www.jumia.co.ke/renewed-samsung-galaxy-a21-smartphone-red-badili-refurbished-3gb-64gb-rom-6.5-inch-hd-infinity-o-display-16mp-quad-camera-4000mah-battery-dual-sim-4g-lte-android-budget-phone-1-year-warranty.-328615763.html,07/26/26 13:41,64,,4000,16,No Rating,Entry (5k-15k),0.184
smartphones,"Infinix Hot 70,X6895B, 6.78 inches, 120Hz Display, 128GB ROM + 4GB RAM,50 MP Main Camera,6000 mAh Type C Fast Charging, PLUS FREE GIFTS.","Infinix Hot 70,X6895B, 6.78 inches, 120Hz Display, 128GB ROM + 4GB RAM,50 MP Main Camera,6000 mAh Type C Fast Charging, PLUS FREE GIFTS.",17999,26999,33.3,FALSE,0,0,https://www.jumia.co.ke/infinix-hot-70x6895b-6.78-inches-120hz-display-128gb-rom-4gb-ram50-mp-main-camera6000-mah-type-c-fast-charging-plus-free-gifts.-328012262.html,07/26/26 13:41,128,4,6000,50,No Rating,Mid-Range (15k-30k),0.1
smartphones,"Samsung Galaxy A07 4G, 6.7"", 128GB + 4GB RAM (Dual SIM), 5000mAh, Black","Samsung Galaxy A07 4G, 6.7"", 128GB + 4GB RAM (Dual SIM), 5000mAh, Black",21040,24000,12.3,FALSE,0,0,https://www.jumia.co.ke/samsung-galaxy-a07-4g-6.7-128gb-4gb-ram-dual-sim-5000mah-black-327032867.html,07/26/26 13:41,128,4,5000,,No Rating,Mid-Range (15k-30k),0.037
smartphones,Honor X6c 6.74” 6GB RAM+128GB 4G 5300 mAh Midnight Black - Dual Sim (1YR WRTY),Honor X6c 6.74” 6GB RAM+128GB 4G 5300 mAh Midnight Black - Dual Sim (1YR WRTY),20501,,0,FALSE,0,0,https://www.jumia.co.ke/honor-x6c-6.74-6gb-ram128gb-4g-5300-mah-midnight-black-dual-sim-1yr-wrty-326841046.html,07/26/26 13:41,6,6,5300,,No Rating,Mid-Range (15k-30k),0
smartphones,"Tecno CAMON 50 Pro - 6.67"" 256GB ROM + 8GB RAM, 50MP CAMERA (Dual SIM) 5200mAh Battery+(12 MONTHS WARRANTY)-BLACK","Tecno CAMON 50 Pro - 6.67"" 256GB ROM + 8GB RAM, 50MP CAMERA (Dual SIM) 5200mAh Battery+(12 MONTHS WARRANTY)-BLACK",40500,52999,23.6,FALSE,0,0,https://www.jumia.co.ke/tecno-camon-50-pro-6.67-256gb-rom-8gb-ram-50mp-camera-dual-sim-5200mah-battery12-months-warranty-black-327578011.html,07/26/26 13:41,256,8,5200,50,No Rating,Premium (30k-50k),0.071
smartphones,"Tecno POP 20, 6.75'', 64GB +4GB RAM (Dual SIM), 5000MAh, 4G - Black (1YR WRTY).","Tecno POP 20, 6.75'', 64GB +4GB RAM (Dual SIM), 5000MAh, 4G - Black (1YR WRTY).",13299,24899,46.6,FALSE,0,0,https://www.jumia.co.ke/tecno-pop-20-6.75-64gb-4gb-ram-dual-sim-5000mah-4g-black-1yr-wrty.-328592572.html,07/26/26 13:41,64,4,5000,,No Rating,Entry (5k-15k),0.14
smartphones,"Infinix Note 60 Pro 5G 256GB+16(8+8)GB 6.78"" AMOLED 144Hz Display (50+8)MP Rear Camera 6500mAh Battery 90W Wired 30W Wireless Charging On-Screen Fingerprint Android (13 MONTHS WARRANTY)+Free,Smart watch,Earpods,Wrist watch....","Infinix Note 60 Pro 5G 256GB+16(8+8)GB 6.78"" AMOLED 144Hz Display (50+8)MP Rear Camera 6500mAh Battery 90W Wired 30W Wireless Charging On-Screen Fingerprint Android (13 MONTHS WARRANTY)+Free,Smart watch,Earpods,Wrist watch....",41550,55000,24.5,FALSE,5,0,https://www.jumia.co.ke/infinix-note-60-pro-5g-256gb1688gb-6.78-amoled-144hz-display-508mp-rear-camera-6500mah-battery-90w-wired-30w-wireless-charging-on-screen-fingerprint-android-13-months-warrantyfreesmart-watchearpodswrist-watch....-327267827.html,07/26/26 13:41,256,,6500,,Excellent,Premium (30k-50k),0.574
smartphones,"Infinix Note Edge, 6.67' Display, 8GB RAM + 256GB ROM, 50MP+13MP CAMERA, Battery 6150MAh- SHADOW BLACK","Infinix  Note Edge, 6.67' Display, 8GB RAM + 256GB ROM, 50MP+13MP CAMERA, Battery 6150MAh- SHADOW BLACK",32659,49999,34.7,FALSE,0,0,https://www.jumia.co.ke/infinix-note-edge-6.67-display-8gb-ram-256gb-rom-50mp13mp-camera-battery-6150mah-shadow-black-326892227.html,07/26/26 13:41,256,8,6150,50,No Rating,Premium (30k-50k),0.104
smartphones,"Samsung Galaxy A21 Smartphone White, Badili Refurbished- 3GB- 64GB ROM - 6.5-Inch HD+ Infinity-O Display - 16MP Quad Camera - 4000mAh Battery - Dual SIM - 4G LTE - Android Budget Phone -1 Year Warranty.","Samsung Galaxy A21 Smartphone  White, Badili Refurbished- 3GB- 64GB ROM - 6.5-Inch HD+ Infinity-O Display - 16MP Quad Camera - 4000mAh Battery - Dual SIM - 4G LTE - Android Budget Phone -1 Year Warranty.",9699,25000,61.2,TRUE,0,0,https://www.jumia.co.ke/renewed-samsung-galaxy-a21-smartphone-white-badili-refurbished-3gb-64gb-rom-6.5-inch-hd-infinity-o-display-16mp-quad-camera-4000mah-battery-dual-sim-4g-lte-android-budget-phone-1-year-warranty.-328615699.html,07/26/26 13:41,64,,4000,16,No Rating,Entry (5k-15k),0.184
smartphones,Honor X6c 6.74” 6GB RAM+256GB 4G 5300 mAh - Ocean Cyan- Dual Sim (1 YR WRTY),Honor X6c 6.74” 6GB RAM+256GB 4G 5300 mAh - Ocean Cyan- Dual Sim (1 YR WRTY),21991,,0,FALSE,5,0,https://www.jumia.co.ke/honor-x6c-6.74-6gb-ram256gb-4g-5300-mah-ocean-cyan-dual-sim-1-yr-wrty-327010535.html,07/26/26 13:41,6,6,5300,,Excellent,Mid-Range (15k-30k),0.5
smartphones,"XIAOMI POCO C71, 6.88"", 64GB + 3GB RAM (Dual SIM), 5200mAh, 4G - Black (25 Months Warranty)","XIAOMI POCO C71,  6.88"", 64GB + 3GB RAM (Dual SIM), 5200mAh, 4G - Black (25 Months Warranty)",11999,17000,29.4,FALSE,0,0,https://www.jumia.co.ke/xiaomi-poco-c71-6.88-64gb-3gb-ram-dual-sim-5200mah-4g-black-25-months-warranty-325759002.html,07/26/26 13:41,64,3,5200,,No Rating,Entry (5k-15k),0.088
smartphones,"A56 6.7 inch Smartphone, 4+64GB,Android 14,4G Network Dual SIM, GPS WIFI All-in-One Phone","A56 6.7 inch Smartphone, 4+64GB,Android 14,4G Network Dual SIM, GPS WIFI All-in-One Phone",17554,,0,FALSE,0,0,https://www.jumia.co.ke/landvo-a56-6.7-inch-smartphone-464gbandroid-144g-network-dual-sim-gps-wifi-all-in-one-phone-327476241.html,07/26/26 13:41,64,,,,No Rating,Mid-Range (15k-30k),0
smartphones,"Infinix Hot 70 Pro ,6.78"", 256GB + 8GB RAM,6000 mAh, 4G - Night Pulse","Infinix Hot 70 Pro ,6.78"",  256GB + 8GB RAM,6000 mAh, 4G - Night Pulse",36990,38000,2.7,FALSE,0,0,https://www.jumia.co.ke/infinix-hot-70-pro-6.78-256gb-8gb-ram6000-mah-4g-night-pulse-328563376.html,07/26/26 13:41,256,8,6000,,No Rating,Premium (30k-50k),0.008
smartphones,"Samsung GALAXY A16, 6.7'' HD+, 4GB RAM + 128GB ROM, DUAL SIM, 50MP, 5000mAh","Samsung  GALAXY A16, 6.7'' HD+, 4GB RAM + 128GB ROM, DUAL SIM, 50MP, 5000mAh",17088,24999,31.6,FALSE,3.7,0,https://www.jumia.co.ke/samsung-galaxy-a16-6.7-hd-4gb-ram-128gb-rom-dual-sim-50mp-5000mah-326948243.html,07/26/26 13:41,128,4,5000,50,Good,Mid-Range (15k-30k),0.465
smartphones,"Infinix Hot 70,X6895B, 6.78"", 256GB + 6GB RAM,6000 mAh, 4G - Silver Dancer","Infinix Hot 70,X6895B, 6.78"",  256GB + 6GB RAM,6000 mAh, 4G - Silver Dancer",25490,27000,5.6,FALSE,0,0,https://www.jumia.co.ke/infinix-hot-70x6895b-6.78-256gb-6gb-ram6000-mah-4g-silver-dancer-328563252.html,07/26/26 13:41,256,6,6000,,No Rating,Mid-Range (15k-30k),0.017
smartphones,"Infinix Smart 20 Android Smartphone, Black – 4GB RAM, 64GB Storage, 6.6"" HD+ Display, 5000mAh Battery, 13MP AI Camera, Dual SIM 4G Mobile Phone , Affordable Smartphone, Badili Refurbished , 1-Year Warranty","Infinix Smart 20 Android Smartphone, Black – 4GB RAM, 64GB Storage, 6.6"" HD+ Display, 5000mAh Battery, 13MP AI Camera, Dual SIM 4G Mobile Phone , Affordable Smartphone, Badili Refurbished , 1-Year Warranty",11999,25000,52,FALSE,0,0,https://www.jumia.co.ke/renewed-infinix-smart-20-android-smartphone-black-4gb-ram-64gb-storage-6.6-hd-display-5000mah-battery-13mp-ai-camera-dual-sim-4g-mobile-phone-affordable-smartphone-badili-refurbished-1-year-warranty-328562921.html,07/26/26 13:41,64,4,5000,13,No Rating,Entry (5k-15k),0.156
smartphones,"VILLAON Brand New V50s 4G Smartphone - 6.52"" Display, 4GB RAM, 64GB Storage, Black","VILLAON Brand New V50s 4G Smartphone - 6.52"" Display, 4GB RAM, 64GB Storage, Black",11000,13100,16,FALSE,0,0,https://www.jumia.co.ke/villaon-brand-new-v50s-4g-smartphone-6.52-display-4gb-ram-64gb-storage-black-327982291.html,07/26/26 13:41,64,4,,,No Rating,Entry (5k-15k),0.048
smartphones,"Oale Camon 30 - 6.8"" 64GB ROM 3GB RAM 8MP 5750mAh (With Glass Protector, Cover) - Black","Oale Camon 30 - 6.8"" 64GB ROM 3GB RAM 8MP 5750mAh (With Glass Protector, Cover) - Black",10211,13000,21.5,FALSE,3.5,0,https://www.jumia.co.ke/oale-camon-30-6.8-64gb-rom-3gb-ram-8mp-5750mah-with-glass-protector-cover-black-325919813.html,07/26/26 13:41,64,3,5750,8,Good,Entry (5k-15k),0.414
smartphones,"11 Pro+ 6.9 inch Android Smartphone, 4GB RAM 64GB ROM,4G Network Dual SIM, GPS WIFI All-in-One Phone","11 Pro+ 6.9 inch Android Smartphone, 4GB RAM 64GB ROM,4G Network Dual SIM, GPS WIFI All-in-One Phone",14070,,0,FALSE,1,0,https://www.jumia.co.ke/landvo-11-pro-6.9-inch-android-smartphone-4gb-ram-64gb-rom4g-network-dual-sim-gps-wifi-all-in-one-phone-327499803.html,07/26/26 13:41,64,4,,,Poor,Entry (5k-15k),0.1
smartphones,"Samsung Galaxy A14 64GB 128GB Android Phones Refurbished storage 201g, 9.1mm 6.6 inches PLS LCD(Green)","Samsung Galaxy A14 64GB 128GB Android Phones Refurbished storage 201g, 9.1mm 6.6 inches PLS LCD(Green)",20502,40066,48.8,FALSE,5,0,https://www.jumia.co.ke/samsung-galaxy-a14-6gb-128gb-storage-201g-9.1mm-6.6-inches-pls-lcd-i-moma-mpg9604855.html,07/26/26 13:41,64,,,,Excellent,Mid-Range (15k-30k),0.646
smartphones,"Xiaomi Redmi 10 Android Smartphone -Blue – 4GB RAM, 64GB Storage, 6.5"" FHD+ Display, 5000mAh Battery, 50MP AI Quad Camera, Dual SIM 4G Mobile Phone, Badili Refurbished , Affordable Smartphone, 1-Year Warranty","Xiaomi Redmi 10 Android Smartphone -Blue – 4GB RAM, 64GB Storage, 6.5"" FHD+ Display, 5000mAh Battery, 50MP AI Quad Camera, Dual SIM 4G Mobile Phone, Badili Refurbished , Affordable Smartphone, 1-Year Warranty",13999,30000,53.3,FALSE,0,0,https://www.jumia.co.ke/renewed-xiaomi-redmi-10-android-smartphone-blue-4gb-ram-64gb-storage-6.5-fhd-display-5000mah-battery-50mp-ai-quad-camera-dual-sim-4g-mobile-phone-badili-refurbished-affordable-smartphone-1-year-warranty-328563787.html,07/26/26 13:41,64,4,5000,50,No Rating,Entry (5k-15k),0.16
smartphones,"Realme C100i, 128GB ROM +4GB RAM, 6.8 inches, 7000 mAh Battery Shock Resistance MIL-STD-810H'Wet Hand Touch 2.0+12 MONTHS WARRANTY","Realme C100i, 128GB ROM +4GB RAM, 6.8 inches, 7000 mAh Battery  Shock Resistance MIL-STD-810H'Wet Hand Touch 2.0+12 MONTHS WARRANTY",19750,21999,10.2,FALSE,0,0,https://www.jumia.co.ke/realme-c100i-128gb-rom-4gb-ram-6.8-inches-7000-mah-battery-shock-resistance-mil-std-810hwet-hand-touch-2.012-months-warranty-328031302.html,07/26/26 13:41,128,4,7000,,No Rating,Mid-Range (15k-30k),0.031
smartphones,"Oppo A6 4G, 6.75"", 6GB RAM(12GB RAM Expansion)+256GB ROM,45W Flash Charge,7000mA,(Dual Sim) Sapphire Blue (2YRs WRTY)","Oppo A6 4G, 6.75"", 6GB RAM(12GB RAM Expansion)+256GB ROM,45W Flash Charge,7000mA,(Dual Sim) Sapphire Blue (2YRs WRTY)",32999,,0,FALSE,0,0,https://www.jumia.co.ke/oppo-a6-4g-6.75-6gb-ram12gb-ram-expansion256gb-rom45w-flash-charge7000madual-sim-sapphire-blue-2yrs-wrty-327544109.html,07/26/26 13:41,256,6,,,No Rating,Premium (30k-50k),0
smartphones,"Corn 100 Max 6.67"", 64GB ROM, 5(2+3)GB RAM, 5000mAh (Dual SIM), Green (1YR WRTY)","Corn  100 Max 6.67"", 64GB ROM, 5(2+3)GB RAM, 5000mAh (Dual SIM), Green (1YR WRTY)",7999,12999,38.5,FALSE,0,0,https://www.jumia.co.ke/corn-100-max-6.67-64gb-rom-523gb-ram-5000mah-dual-sim-green-1yr-wrty-326002019.html,07/26/26 13:41,64,,5000,,No Rating,Entry (5k-15k),0.115
smartphones,"Reno10 Pro+ 6.6 inch Android Smartphone,4+64GB,Android 10,4G Network Dual SIM, GPS WIFI All-in-One Phone","Reno10 Pro+ 6.6 inch Android Smartphone,4+64GB,Android 10,4G Network Dual SIM, GPS WIFI All-in-One Phone",14204,,0,FALSE,0,0,https://www.jumia.co.ke/landvo-reno10-pro-6.6-inch-android-smartphone464gbandroid-104g-network-dual-sim-gps-wifi-all-in-one-phone-327499810.html,07/26/26 13:41,64,,,,No Rating,Entry (5k-15k),0
smartphones,"Vivo Y05, 6500mAh, 4GB+64GB, 15W Fast Charge, 6.74"" HD+ 120Hz, Fingerprint, Dual SIM – Platinum","Vivo Y05, 6500mAh, 4GB+64GB, 15W Fast Charge, 6.74"" HD+ 120Hz, Fingerprint, Dual SIM – Platinum",15999,17599,9.1,FALSE,0,0,https://www.jumia.co.ke/vivo-y05-6500mah-4gb64gb-15w-fast-charge-6.74-hd-120hz-fingerprint-dual-sim-platinum-327782251.html,07/26/26 13:41,64,,6500,,No Rating,Mid-Range (15k-30k),0.027
smartphones,"XIAOMI A7 PRO By Xiaomi, 4GB RAM + 64GB, 50MP, 6.9"", 6000mAh, Dual Sim, (12 MONTHS WARRANTY) - BLUE","XIAOMI  A7 PRO By Xiaomi, 4GB RAM + 64GB, 50MP, 6.9"", 6000mAh, Dual Sim, (12 MONTHS WARRANTY) - BLUE",12579,19999,37.1,FALSE,4,0,https://www.jumia.co.ke/xiaomi-a7-pro-by-xiaomi-4gb-ram-64gb-50mp-6.9-6000mah-dual-sim-12-months-warranty-blue-327634064.html,07/26/26 13:41,4,4,6000,50,Good,Entry (5k-15k),0.511
smartphones,"Vivo Y04, 5500mAh, 4GB RAM + 64GB, 15W Fast Charge, 6.74"", Dual SIM - Gold","Vivo Y04, 5500mAh, 4GB RAM + 64GB, 15W Fast Charge, 6.74"", Dual SIM - Gold",13999,15399,9.1,FALSE,5,0,https://www.jumia.co.ke/vivo-y04-5500mah-4gb-ram-64gb-15w-fast-charge-6.74-dual-sim-gold-326812005.html,07/26/26 13:41,4,4,5500,,Excellent,Entry (5k-15k),0.527
smartphones,"S25 Ultra 6.8 inch Android Smartphone, 2+16GB,4G Network Dual SIM, GPS WIFI All-in-One Phone","S25 Ultra 6.8 inch Android Smartphone, 2+16GB,4G Network Dual SIM, GPS WIFI All-in-One Phone",10988,,0,FALSE,0,0,https://www.jumia.co.ke/landvo-s25-ultra-6.8-inch-android-smartphone-216gb4g-network-dual-sim-gps-wifi-all-in-one-phone-327499718.html,07/26/26 13:41,16,,,,No Rating,Entry (5k-15k),0
smartphones,"Infinix SMART 20 , 6.67 -INCH 4G NETWORK DUAL SIM UP TO 4GB RAM + 64GB ROM ,BATTERY 5200mAh ANDROID 16 + SELFIE STICK,OTG CABLE,EARBUDS","Infinix  SMART 20 , 6.67 -INCH 4G NETWORK DUAL SIM UP TO 4GB RAM + 64GB ROM ,BATTERY 5200mAh ANDROID 16 + SELFIE STICK,OTG CABLE,EARBUDS",15160,20000,24.2,FALSE,0,0,https://www.jumia.co.ke/infinix-smart-20-6.67-inch-4g-network-dual-sim-up-to-4gb-ram-64gb-rom-battery-5200mah-android-16-selfie-stickotg-cableearbuds-327724136.html,07/26/26 13:41,64,4,5200,,No Rating,Mid-Range (15k-30k),0.073
smartphones,"Tecno Pop 20 64GB Dual SIM Android Smartphone – 6.75” HD+ 120Hz Display, 5000mAh Battery, 4G LTE Mobile Phone, Octa-Core Processor, 13MP Camera, 12 Months warranty, Blue","Tecno Pop 20 64GB Dual SIM Android Smartphone – 6.75” HD+ 120Hz Display, 5000mAh Battery, 4G LTE Mobile Phone, Octa-Core Processor, 13MP Camera, 12 Months warranty, Blue",11999,20000,40,FALSE,4,0,https://www.jumia.co.ke/renewed-tecno-pop-20-64gb-dual-sim-android-smartphone-6.75-hd-120hz-display-5000mah-battery-4g-lte-mobile-phone-octa-core-processor-13mp-camera-12-months-warranty-blue-328133474.html,07/26/26 13:41,64,,5000,13,Good,Entry (5k-15k),0.52
smartphones,"Nokia C32, 6.2"", 64GB + 4GB RAM (Dual SIM), 5050MAh, Charcoal Grey (1YR WRTY)","Nokia C32, 6.2"", 64GB + 4GB RAM (Dual SIM), 5050MAh, Charcoal Grey (1YR WRTY)",17999,,0,FALSE,4,0,https://www.jumia.co.ke/nokia-c32-6.2-64gb-4gb-ram-dual-sim-5050mah-charcoal-grey-1yr-wrty-150536966.html,07/26/26 13:41,64,4,5050,,Good,Mid-Range (15k-30k),0.4
smartphones,"Infinix Hot 70, 6.78 inches, 120Hz Display, 256GB ROM + 6GB RAM,50 MP Main Camera,6000 mAh,+12 MONTHS WARRANTY +FREE GIFTS","Infinix Hot 70, 6.78 inches, 120Hz Display, 256GB ROM + 6GB RAM,50 MP Main Camera,6000 mAh,+12 MONTHS WARRANTY +FREE GIFTS",26399,29000,9,FALSE,0,0,https://www.jumia.co.ke/infinix-hot-70-6.78-inches-120hz-display-256gb-rom-6gb-ram50-mp-main-camera6000-mah12-months-warranty-free-gifts-328446421.html,07/26/26 13:41,256,6,6000,50,No Rating,Mid-Range (15k-30k),0.027
smartphones,Jx 17 Pro Max Android 14 smartphone 128GB Rom +8GB Ram 6.8 inches IPS LCD screen display 5000mAh battery capacity OCTA-CORE Processor 32mp dual main camera+ 16mp selfie android smartphone,Jx  17 Pro Max Android 14 smartphone 128GB Rom +8GB Ram 6.8 inches IPS LCD screen display 5000mAh battery capacity OCTA-CORE Processor 32mp dual main camera+ 16mp selfie android smartphone,12799,19999,36,FALSE,3.3,0,https://www.jumia.co.ke/jx-17-pro-max-android-14-smartphone-128gb-rom-8gb-ram-6.8-inches-ips-lcd-screen-display-5000mah-battery-capacity-octa-core-processor-32mp-dual-main-camera-16mp-selfie-android-smartphone-326861031.html,07/26/26 13:41,128,8,5000,32,Average,Entry (5k-15k),0.438
smartphones,"Samsung Galaxy A05, 6.7"", 64GB + 4GB RAM (Dual SIM), 5000mAh, Black","Samsung Galaxy A05, 6.7"", 64GB + 4GB RAM (Dual SIM), 5000mAh, Black",14656,16000,8.4,FALSE,0,0,https://www.jumia.co.ke/samsung-galaxy-a05-6.7-64gb-4gb-ram-dual-sim-5000mah-black-325564503.html,07/26/26 13:41,64,4,5000,,No Rating,Entry (5k-15k),0.025
smartphones,"Corn C17 Max, 6.67'', 64GB Storage + 5GB (2+3)GB Extended RAM, 5000mAh - Blue (1YR WRTY).","Corn  C17 Max, 6.67'', 64GB Storage + 5GB (2+3)GB Extended RAM, 5000mAh - Blue (1YR WRTY).",7699,14999,48.7,FALSE,0,0,https://www.jumia.co.ke/corn-c17-max-6.67-64gb-storage-5gb-23gb-extended-ram-5000mah-blue-1yr-wrty.-326002040.html,07/26/26 13:41,64,,5000,,No Rating,Entry (5k-15k),0.146
smartphones,"Nokia 5310 2.4inch,1200mAh,Dual Sim-Black (1YR WRTY)","Nokia 5310 2.4inch,1200mAh,Dual Sim-Black (1YR WRTY)",1998,5999,66.7,TRUE,0,0,https://www.jumia.co.ke/nokia-5310-2.4inch1200mahdual-sim-black-1yr-wrty-328522550.html,07/26/26 13:41,,,1200,,No Rating,Budget (<5k),0.2
smartphones,"Oppo Reno 15 Pro 5G, 6.59"", 12GB RAM + 512GB ROM,MediaTek Dimensity 8450 Platform, 80W SUPERVOOC, 6200mAh (Dual Sim) Aurora Blue (2YRs WRTY)","Oppo Reno 15 Pro 5G, 6.59"", 12GB RAM + 512GB ROM,MediaTek Dimensity  8450 Platform, 80W SUPERVOOC, 6200mAh (Dual Sim) Aurora Blue (2YRs WRTY)",74486,95000,21.6,FALSE,5,0,https://www.jumia.co.ke/oppo-reno-15-pro-5g-6.59-12gb-ram-512gb-rommediatek-dimensity-8450-platform-80w-supervooc-6200mah-dual-sim-aurora-blue-2yrs-wrty-326600495.html,07/26/26 13:41,512,12,6200,,Excellent,Luxury (>50k),0.565
smartphones,"Vivo Y66 Dual SIM 3GB RAM 32GB ROM Gold (Refurbished by Badili) , 5.5"" HD Display, 16MP Selfie Camera, 13MP Rear Camera, 4G LTE, Fingerprint Sensor, Octa-Core, 3000mAh Battery, 1-Year Warranty","Vivo Y66 Dual SIM 3GB RAM 32GB ROM Gold (Refurbished by Badili) , 5.5"" HD Display, 16MP Selfie Camera, 13MP Rear Camera, 4G LTE, Fingerprint Sensor, Octa-Core, 3000mAh Battery, 1-Year Warranty",8999,25000,64,TRUE,0,0,https://www.jumia.co.ke/renewed-vivo-y66-dual-sim-3gb-ram-32gb-rom-gold-refurbished-by-badili-5.5-hd-display-16mp-selfie-camera-13mp-rear-camera-4g-lte-fingerprint-sensor-octa-core-3000mah-battery-1-year-warranty-328608248.html,07/26/26 13:41,32,3,3000,16,No Rating,Entry (5k-15k),0.192
smartphones,"Huawei Psmart+2019 Refurbished 6.2 Inches FHD+ 256GB, 3400mAh..","Huawei Psmart+2019 Refurbished 6.2 Inches FHD+  256GB, 3400mAh..",12864,15986,19.5,FALSE,0,0,https://www.jumia.co.ke/renewed-huawei-psmart2019-refurbished-6.2-inches-fhd-256gb-3400mah..-326034114.html,07/26/26 13:41,256,,3400,,No Rating,Entry (5k-15k),0.058
smartphones,"Corn C17 Max, 6.67'', 64GB Storage + 5GB (2+3)GB Extended RAM, 5000mAh - White (1YR WRTY).","Corn C17 Max, 6.67'', 64GB Storage + 5GB (2+3)GB Extended RAM, 5000mAh - White (1YR WRTY).",7699,14999,48.7,FALSE,5,0,https://www.jumia.co.ke/corn-c17-max-6.67-64gb-storage-5gb-23gb-extended-ram-5000mah-white-1yr-wrty.-326002027.html,07/26/26 13:41,64,,5000,,Excellent,Entry (5k-15k),0.646
smartphones,"Vivo V70, 6.8"", 12GB RAM + 512GB (Dual SIM), 6500mAh, 90W Fast Charge, Black","Vivo V70, 6.8"", 12GB RAM + 512GB (Dual SIM), 6500mAh, 90W Fast Charge, Black",82449,93499,11.8,FALSE,0,0,https://www.jumia.co.ke/vivo-v70-6.8-12gb-ram-512gb-dual-sim-6500mah-90w-fast-charge-black-327321954.html,07/26/26 13:41,12,12,6500,,No Rating,Luxury (>50k),0.035
smartphones,"Realme C85 pro 6.8 inch'50MP Rear Camera 8MP Front Camera,256GB ROM+ 8GB RAM,Dimensity 7000 mAh Battery+Amaizing give aways","Realme C85 pro 6.8 inch'50MP Rear Camera 8MP Front Camera,256GB ROM+ 8GB RAM,Dimensity 7000 mAh Battery+Amaizing give aways",31599,45000,29.8,FALSE,0,0,https://www.jumia.co.ke/realme-c85-pro-6.8-inch50mp-rear-camera-8mp-front-camera256gb-rom-8gb-ramdimensity-7000-mah-batteryamaizing-give-aways-327557682.html,07/26/26 13:41,256,8,7000,50,No Rating,Premium (30k-50k),0.089
smartphones,"Itel A100C Android Smartphone - Silver , 2GB RAM 64GB ROM, 6.6"" 90Hz HD+ Display, 5000mAh Battery, 8MP Rear Camera, 5MP Selfie Camera, Dual SIM 4G LTE, Type-C Charging, Fingerprint Sensor, Refurbished by Badili, 1 Year Warranty","Itel A100C Android Smartphone - Silver , 2GB RAM 64GB ROM, 6.6"" 90Hz HD+ Display, 5000mAh Battery, 8MP Rear Camera, 5MP Selfie Camera, Dual SIM 4G LTE, Type-C Charging, Fingerprint Sensor, Refurbished by Badili, 1 Year Warranty",10999,25000,56,FALSE,0,0,https://www.jumia.co.ke/renewed-itel-a100c-android-smartphone-silver-2gb-ram-64gb-rom-6.6-90hz-hd-display-5000mah-battery-8mp-rear-camera-5mp-selfie-camera-dual-sim-4g-lte-type-c-charging-fingerprint-sensor-refurbished-by-badili-1-year-warranty-328210754.html,07/26/26 13:41,64,2,5000,8,No Rating,Entry (5k-15k),0.168
smartphones,"Samsung Galaxy A06, 6.7"", 64GB + 4GB RAM (Dual SIM), 5000mAh, Black","Samsung Galaxy A06, 6.7"", 64GB + 4GB RAM (Dual SIM), 5000mAh, Black",16725,20000,16.4,FALSE,0,0,https://www.jumia.co.ke/samsung-galaxy-a06-6.7-64gb-4gb-ram-dual-sim-5000mah-black-325579051.html,07/26/26 13:41,64,4,5000,,No Rating,Mid-Range (15k-30k),0.049
smartphones,Samsung Galaxy A03s 3GB RAM 32GB Storage 6.5” HD+ Display 5000mAh Battery Dual SIM Black – Refurbished by Badili – 1 Year Warranty,Samsung Galaxy A03s 3GB RAM 32GB Storage 6.5” HD+ Display 5000mAh Battery Dual SIM Black – Refurbished by Badili – 1 Year Warranty,9999,15000,33.3,FALSE,0,0,https://www.jumia.co.ke/renewed-samsung-galaxy-a03s-3gb-ram-32gb-storage-6.5-hd-display-5000mah-battery-dual-sim-black-refurbished-by-badili-1-year-warranty-327270606.html,07/26/26 13:41,32,3,5000,,No Rating,Entry (5k-15k),0.1
smartphones,"Itel A100C Android Smartphone - Black , 2GB RAM 64GB ROM, 6.6"" 90Hz HD+ Display, 5000mAh Battery, 8MP Rear Camera, 5MP Selfie Camera, Dual SIM 4G LTE, Type-C Charging, Fingerprint Sensor, Refurbished by Badili, 1 Year Warranty","Itel A100C Android Smartphone - Black , 2GB RAM 64GB ROM, 6.6"" 90Hz HD+ Display, 5000mAh Battery, 8MP Rear Camera, 5MP Selfie Camera, Dual SIM 4G LTE, Type-C Charging, Fingerprint Sensor, Refurbished by Badili, 1 Year Warranty",10999,25000,56,FALSE,0,0,https://www.jumia.co.ke/renewed-itel-a100c-android-smartphone-black-2gb-ram-64gb-rom-6.6-90hz-hd-display-5000mah-battery-8mp-rear-camera-5mp-selfie-camera-dual-sim-4g-lte-type-c-charging-fingerprint-sensor-refurbished-by-badili-1-year-warranty-328235571.html,07/26/26 13:41,64,2,5000,8,No Rating,Entry (5k-15k),0.168
smartphones,"Itel A06 Android Smartphone Black, 2GB RAM, 64GB Storage, 6.6 Inch HD+ Display, 4000mAh Battery, Dual SIM 4G LTE, AI Camera, Face Unlock, Refurbished Budget Smartphone, 1-Year Warranty","Itel A06  Android Smartphone Black, 2GB RAM, 64GB Storage, 6.6 Inch HD+ Display, 4000mAh Battery, Dual SIM 4G LTE, AI Camera, Face Unlock, Refurbished Budget Smartphone, 1-Year Warranty",9999,20000,50,FALSE,0,0,https://www.jumia.co.ke/renewed-itel-a06-android-smartphone-black-2gb-ram-64gb-storage-6.6-inch-hd-display-4000mah-battery-dual-sim-4g-lte-ai-camera-face-unlock-refurbished-budget-smartphone-1-year-warranty-328254050.html,07/26/26 13:41,64,2,4000,,No Rating,Entry (5k-15k),0.15
smartphones,"XIAOMI A7 By 6.88"" 64GB ROM + 3GB RAM 50MP 5200mAh (Dual Sim) on screen fingerprint (2 Years Warranty) BLACK","XIAOMI A7 By  6.88"" 64GB ROM + 3GB RAM 50MP 5200mAh (Dual Sim) on screen fingerprint (2 Years Warranty) BLACK",11999,20999,42.9,FALSE,0,0,https://www.jumia.co.ke/xiaomi-a7-by-6.88-64gb-rom-3gb-ram-50mp-5200mah-dual-sim-on-screen-fingerprint-2-years-warranty-black-327634080.html,07/26/26 13:41,64,3,5200,50,No Rating,Entry (5k-15k),0.129
smartphones,Honor X6c 6.74” 6GB RAM+128GB 4G 5300 mAh Ocean Cyan- Dual Sim (1YR WRTY),Honor X6c 6.74” 6GB RAM+128GB 4G 5300 mAh Ocean Cyan- Dual Sim (1YR WRTY),20501,,0,FALSE,0,0,https://www.jumia.co.ke/honor-x6c-6.74-6gb-ram128gb-4g-5300-mah-ocean-cyan-dual-sim-1yr-wrty-326874930.html,07/26/26 13:41,6,6,5300,,No Rating,Mid-Range (15k-30k),0
smartphones,"Itel City 200 4G, 6.78"", 4GB RAM + 128GB, 5200mAh - Silver (1YR WRTY)","Itel City 200 4G, 6.78"", 4GB RAM + 128GB, 5200mAh - Silver (1YR WRTY)",15300,17000,10,FALSE,0,0,https://www.jumia.co.ke/itel-city-200-4g-6.78-4gb-ram-128gb-5200mah-silver-1yr-wrty-327945395.html,07/26/26 13:41,4,4,5200,,No Rating,Mid-Range (15k-30k),0.03
smartphones,i17 Pro Max 6.6 Inch Android Smartphone 4+64GB 4G Network incell HD Screen Dual SIM Standby All-in-One Phone,i17 Pro Max 6.6 Inch Android Smartphone 4+64GB 4G Network incell HD Screen Dual SIM Standby All-in-One Phone,16616,,0,FALSE,0,0,https://www.jumia.co.ke/landvo-i17-pro-max-6.6-inch-android-smartphone-464gb-4g-network-incell-hd-screen-dual-sim-standby-all-in-one-phone-327625376.html,07/26/26 13:41,64,,,,No Rating,Mid-Range (15k-30k),0
smartphones,"Honor Magic V5 7.95"" 16GB RAM+512GB (Dual Sim) 5820mAh-Dawn Gold (1 year Warranty)","Honor Magic V5 7.95"" 16GB RAM+512GB (Dual Sim) 5820mAh-Dawn Gold (1 year Warranty)",178800,199998,10.6,FALSE,0,0,https://www.jumia.co.ke/honor-magic-v5-7.95-16gb-ram512gb-dual-sim-5820mah-dawn-gold-1-year-warranty-327104771.html,07/26/26 13:41,16,16,5820,,No Rating,Luxury (>50k),0.032
smartphones,"Samsung Galaxy A07 4G, 6.7"", 64GB + 4GB RAM (Dual SIM), 5000mAh, Black","Samsung Galaxy A07 4G, 6.7"", 64GB + 4GB RAM (Dual SIM), 5000mAh, Black",19315,24000,19.5,FALSE,0,0,https://www.jumia.co.ke/samsung-galaxy-a07-4g-6.7-64gb-4gb-ram-dual-sim-5000mah-black-327032866.html,07/26/26 13:41,64,4,5000,,No Rating,Mid-Range (15k-30k),0.058
smartphones,"Vivo V60 5G - 6.77"", 12GB RAM + 256GB (Dual SIM), 6500mAh - Gold","Vivo V60 5G - 6.77"", 12GB RAM + 256GB (Dual SIM), 6500mAh - Gold",62719,70399,10.9,FALSE,5,0,https://www.jumia.co.ke/vivo-v60-5g-6.77-12gb-ram-256gb-dual-sim-6500mah-gold-326141269.html,07/26/26 13:41,12,12,6500,,Excellent,Luxury (>50k),0.533
smartphones,"Infinix Hot 70 Pro ,6.78"", 256GB + 8GB RAM,6000 mAh, 4G - Thermo Orange","Infinix Hot 70 Pro ,6.78"",  256GB + 8GB RAM,6000 mAh, 4G - Thermo Orange",36499,100000,63.5,TRUE,0,0,https://www.jumia.co.ke/infinix-hot-70-pro-6.78-256gb-8gb-ram6000-mah-4g-thermo-orange-328608181.html,07/26/26 13:41,256,8,6000,,No Rating,Premium (30k-50k),0.19
smartphones,"Xiaomi Redmi 10 Android Smartphone -White – 4GB RAM, 64GB Storage, 6.5"" FHD+ Display, 5000mAh Battery, 50MP AI Quad Camera, Dual SIM 4G Mobile Phone, Badili Refurbished , Affordable Smartphone, 1-Year Warranty","Xiaomi Redmi 10 Android Smartphone -White – 4GB RAM, 64GB Storage, 6.5"" FHD+ Display, 5000mAh Battery, 50MP AI Quad Camera, Dual SIM 4G Mobile Phone, Badili Refurbished , Affordable Smartphone, 1-Year Warranty",13999,30000,53.3,FALSE,0,0,https://www.jumia.co.ke/renewed-xiaomi-redmi-10-android-smartphone-white-4gb-ram-64gb-storage-6.5-fhd-display-5000mah-battery-50mp-ai-quad-camera-dual-sim-4g-mobile-phone-badili-refurbished-affordable-smartphone-1-year-warranty-328610910.html,07/26/26 13:41,64,4,5000,50,No Rating,Entry (5k-15k),0.16
smartphones,Oraimo Boom Pop Lite Wireless Powerfull Headphones- 65Hours Playtime,Oraimo Boom Pop Lite Wireless Powerfull Headphones- 65Hours Playtime,2899,3999,27.5,FALSE,0,0,https://www.jumia.co.ke/oraimo-boom-pop-lite-wireless-powerfull-headphones-65hours-playtime-326363837.html,07/26/26 13:41,,,,,No Rating,Budget (<5k),0.082
smartphones,"Oppo A6 Pro (8GB RAM +256GB ROM) - 7000mAh Battery, 80W Fast Charge, 120Hz AMOLED Display+2 YEAR WARRANTY","Oppo A6 Pro (8GB RAM +256GB ROM) - 7000mAh Battery, 80W Fast Charge, 120Hz AMOLED Display+2 YEAR WARRANTY",43500,49800,12.7,FALSE,4,0,https://www.jumia.co.ke/oppo-a6-pro-8gb-ram-256gb-rom-7000mah-battery-80w-fast-charge-120hz-amoled-display2-year-warranty-326143143.html,07/26/26 13:41,256,8,7000,,Good,Premium (30k-50k),0.438
smartphones,"Infinix Hot 70 Pro 5G '6.78-inch,108MP real+32MP front camera,8GB RAM+256GB ROM'Battery 5160mAh+12 MONTHS FREE WARRANTY+FREE AMAIZING GIFTS.","Infinix Hot 70 Pro 5G '6.78-inch,108MP real+32MP front camera,8GB RAM+256GB ROM'Battery 5160mAh+12 MONTHS FREE WARRANTY+FREE AMAIZING GIFTS.",37350,49999,25.3,FALSE,0,0,https://www.jumia.co.ke/infinix-hot-70-pro-5g-6.78-inch108mp-real32mp-front-camera8gb-ram256gb-rombattery-5160mah12-months-free-warrantyfree-amaizing-gifts.-328542281.html,07/26/26 13:41,256,8,5160,108,No Rating,Premium (30k-50k),0.076
smartphones,"Oppo Reno 15 5G, 6.59"", 12GB RAM + 512GB Storage, Snapdragon® 7 Gen 4, 6500mAh (Dual Sim) Twilight Blue (2YRs WRTY)","Oppo Reno 15 5G, 6.59"", 12GB RAM + 512GB Storage, Snapdragon® 7 Gen 4, 6500mAh (Dual Sim) Twilight Blue (2YRs WRTY)",65756,74999,12.3,FALSE,0,0,https://www.jumia.co.ke/oppo-reno-15-5g-6.59-12gb-ram-512gb-storage-snapdragonr-7-gen-4-6500mah-dual-sim-twilight-blue-2yrs-wrty-326599960.html,07/26/26 13:41,512,12,6500,,No Rating,Luxury (>50k),0.037
smartphones,"Honor Magic V5 7.95"" 16GB RAM+512GB (Dual Sim) 5820mAh- White (1 year Warranty)","Honor Magic V5 7.95"" 16GB RAM+512GB (Dual Sim) 5820mAh- White (1 year Warranty)",184300,194300,5.1,FALSE,0,0,https://www.jumia.co.ke/honor-magic-v5-7.95-16gb-ram512gb-dual-sim-5820mah-white-1-year-warranty-328045606.html,07/26/26 13:41,16,16,5820,,No Rating,Luxury (>50k),0.015
smartphones,"Itel A06 Android Smartphone Silver, 2GB RAM, 64GB Storage, 6.6 Inch HD+ Display, 4000mAh Battery, Dual SIM 4G LTE, AI Camera, Face Unlock, Refurbished Budget Smartphone, 1-Year Warranty","Itel A06  Android Smartphone Silver, 2GB RAM, 64GB Storage, 6.6 Inch HD+ Display, 4000mAh Battery, Dual SIM 4G LTE, AI Camera, Face Unlock, Refurbished Budget Smartphone, 1-Year Warranty",9999,20000,50,FALSE,0,0,https://www.jumia.co.ke/renewed-itel-a06-android-smartphone-silver-2gb-ram-64gb-storage-6.6-inch-hd-display-4000mah-battery-dual-sim-4g-lte-ai-camera-face-unlock-refurbished-budget-smartphone-1-year-warranty-328270504.html,07/26/26 13:41,64,2,4000,,No Rating,Entry (5k-15k),0.15
smartphones,"Oppo A6 4G, 6.75"", 8GB RAM(16GB RAM Expansion)+256GB ROM,45W Flash Charge,7000mA,(Dual Sim) Sapphire Blue (2YRs WRTY)","Oppo A6 4G, 6.75"", 8GB RAM(16GB RAM Expansion)+256GB ROM,45W Flash Charge,7000mA,(Dual Sim) Sapphire Blue (2YRs WRTY)",35999,,0,FALSE,0,0,https://www.jumia.co.ke/oppo-a6-4g-6.75-8gb-ram16gb-ram-expansion256gb-rom45w-flash-charge7000madual-sim-sapphire-blue-2yrs-wrty-327544178.html,07/26/26 13:41,256,8,,,No Rating,Premium (30k-50k),0
smartphones,Infinix NOTE 50 PRO DISPLAY 6.78 8GB RAM UPTO 16GB RAM+ 256 GB ROM DUAL SIM,Infinix NOTE 50 PRO DISPLAY 6.78 8GB RAM UPTO 16GB RAM+ 256 GB ROM DUAL SIM,39399,48999,19.6,FALSE,0,0,https://www.jumia.co.ke/infinix-note-50-pro-display-6.78-8gb-ram-upto-16gb-ram-256-gb-rom-dual-sim-327067422.html,07/26/26 13:41,256,8,,,No Rating,Premium (30k-50k),0.059
smartphones,"Itel City 200 4G, 6.78"", 4GB RAM + 128GB, 5200mAh - Black (1YR WRTY)","Itel City 200 4G, 6.78"", 4GB RAM + 128GB, 5200mAh - Black (1YR WRTY)",15300,17000,10,FALSE,0,0,https://www.jumia.co.ke/itel-city-200-4g-6.78-4gb-ram-128gb-5200mah-black-1yr-wrty-327945397.html,07/26/26 13:41,4,4,5200,,No Rating,Mid-Range (15k-30k),0.03
smartphones,Realme C75 6.72 INCNES DISPLAY 8GB RAM + 128 ROM 6000 MAH BATTERY DUAL SIM SPEAKER WATCH,Realme C75 6.72 INCNES DISPLAY 8GB RAM + 128 ROM 6000 MAH BATTERY DUAL SIM  SPEAKER WATCH,23199,30000,22.7,FALSE,0,0,https://www.jumia.co.ke/realme-c75-6.72-incnes-display-8gb-ram-128-rom-6000-mah-battery-dual-sim-speaker-watch-314920071.html,07/26/26 13:41,8,8,6000,,No Rating,Mid-Range (15k-30k),0.068
smartphones,"Hmd LUMA - 4GB RAM (+4GB Expandable RAM), 128GB Storage, 50MP Camera, 6.67"" Display, 5000mAh Battery - Titanium","Hmd LUMA - 4GB RAM (+4GB Expandable RAM), 128GB Storage, 50MP Camera, 6.67"" Display, 5000mAh Battery - Titanium",15899,29999,47,FALSE,0,0,https://www.jumia.co.ke/hmd-luma-4gb-ram-4gb-expandable-ram-128gb-storage-50mp-camera-6.67-display-5000mah-battery-titanium-327818241.html,07/26/26 13:41,128,4,5000,50,No Rating,Mid-Range (15k-30k),0.141
smartphones,"Realme C100i, 128GB ROM +4GB RAM, 6.8 inches, 7000 mAh Battery Shock Resistance MIL-STD-810H'Wet Hand Touch 2.0+FREE GIFTS+12 MONTHS WARRANTY","Realme C100i, 128GB ROM +4GB RAM, 6.8 inches, 7000 mAh Battery  Shock Resistance MIL-STD-810H'Wet Hand Touch 2.0+FREE GIFTS+12 MONTHS WARRANTY",20199,21999,8.2,FALSE,0,0,https://www.jumia.co.ke/realme-c100i-128gb-rom-4gb-ram-6.8-inches-7000-mah-battery-shock-resistance-mil-std-810hwet-hand-touch-2.0free-gifts12-months-warranty-328031195.html,07/26/26 13:41,128,4,7000,,No Rating,Mid-Range (15k-30k),0.025
smartphones,"Tecno Pop 20 - 64GB Dual SIM Android Smartphone - Grey – 6.75” HD+ 120Hz Display, 5000mAh Battery, 4G LTE Mobile Phone, Octa-Core Processor, 13MP Camera, 12 Months warranty.","Tecno Pop 20 - 64GB Dual SIM Android Smartphone - Grey – 6.75” HD+ 120Hz Display, 5000mAh Battery, 4G LTE Mobile Phone, Octa-Core Processor, 13MP Camera, 12 Months warranty.",11999,20000,40,FALSE,0,0,https://www.jumia.co.ke/renewed-tecno-pop-20-64gb-dual-sim-android-smartphone-grey-6.75-hd-120hz-display-5000mah-battery-4g-lte-mobile-phone-octa-core-processor-13mp-camera-12-months-warranty.-328422850.html,07/26/26 13:41,64,,5000,13,No Rating,Entry (5k-15k),0.12
smartphones,"Oppo Reno 15 5G, 6.59"", 12GB RAM + 512GB Storage, Snapdragon® 7 Gen 4, 6500mAh (Dual Sim) Aurora White (2YRs WRTY)","Oppo Reno 15 5G, 6.59"", 12GB RAM + 512GB Storage, Snapdragon® 7 Gen 4, 6500mAh (Dual Sim) Aurora White (2YRs WRTY)",63800,74999,14.9,FALSE,0,0,https://www.jumia.co.ke/oppo-reno-15-5g-6.59-12gb-ram-512gb-storage-snapdragonr-7-gen-4-6500mah-dual-sim-aurora-white-2yrs-wrty-326599978.html,07/26/26 13:41,512,12,6500,,No Rating,Luxury (>50k),0.045
smartphones,"KXD A17 Plus, 6.7"", 3GB RAM+ 64GB, 4500mAh (Dual SIM), Orange (1YR WRTY)","KXD A17 Plus, 6.7"", 3GB RAM+ 64GB, 4500mAh (Dual SIM), Orange (1YR WRTY)",10999,,0,FALSE,0,0,https://www.jumia.co.ke/kxd-a17-plus-6.7-3gb-ram-64gb-4500mah-dual-sim-orange-1yr-wrty-327978884.html,07/26/26 13:41,3,3,4500,,No Rating,Entry (5k-15k),0
smartphones,"I16Pro Max 4GB+128GB Android Smartphone, 6.28inch FHD Super-V Display HD Screen,Android 11.0,4G Network Dual SIM,GPS WIFI All-in-One Phone","I16Pro Max 4GB+128GB Android Smartphone, 6.28inch FHD Super-V Display HD Screen,Android 11.0,4G Network Dual SIM,GPS WIFI All-in-One Phone",18492,,0,FALSE,0,0,https://www.jumia.co.ke/landvo-i16pro-max-4gb128gb-android-smartphone-6.28inch-fhd-super-v-display-hd-screenandroid-11.04g-network-dual-simgps-wifi-all-in-one-phone-327624696.html,07/26/26 13:41,128,,,,No Rating,Mid-Range (15k-30k),0
smartphones,"Infinix Hot 70 Pro ,6.78"", 256GB + 8GB RAM,6000 mAh, 4G - Silk Glow Purple","Infinix Hot 70 Pro ,6.78"",  256GB + 8GB RAM,6000 mAh, 4G - Silk Glow Purple",36499,100000,63.5,TRUE,0,0,https://www.jumia.co.ke/infinix-hot-70-pro-6.78-256gb-8gb-ram6000-mah-4g-silk-glow-purple-328608183.html,07/26/26 13:41,256,8,6000,,No Rating,Premium (30k-50k),0.19
smartphones,"M7 Plus 6.51 inch Android Smartphone, 4GB+128GB,HD Screen,Android 11.0,4G Network Dual SIM, GPS WIFI All-in-One Phone","M7 Plus 6.51 inch Android Smartphone, 4GB+128GB,HD Screen,Android 11.0,4G Network Dual SIM, GPS WIFI All-in-One Phone",18760,,0,FALSE,0,0,https://www.jumia.co.ke/landvo-m7-plus-6.51-inch-android-smartphone-4gb128gbhd-screenandroid-11.04g-network-dual-sim-gps-wifi-all-in-one-phone-327624734.html,07/26/26 13:41,128,,,,No Rating,Mid-Range (15k-30k),0
smartphones,"XIAOMI REDMI A7Pro 64GB Storage+4GB RAM, 50mp Camera ,6.9"" 6000mAh,dual sim on screen fingerprint-1 year","XIAOMI  REDMI A7Pro 64GB Storage+4GB RAM, 50mp Camera ,6.9"" 6000mAh,dual sim on screen fingerprint-1 year",14200,17999,21.1,FALSE,0,0,https://www.jumia.co.ke/xiaomi-redmi-a7pro-64gb-storage4gb-ram-50mp-camera-6.9-6000mahdual-sim-on-screen-fingerprint-1-year-327847198.html,07/26/26 13:42,64,4,6000,50,No Rating,Entry (5k-15k),0.063
smartphones,"i-Moma I-Moma a91 6.4""amoled, 4,000mAh Battery,48MP Quad Camera,8+128,blue","i-Moma I-Moma a91 6.4""amoled, 4,000mAh Battery,48MP Quad Camera,8+128,blue",10184,16080,36.7,FALSE,0,0,https://www.jumia.co.ke/i-moma-i-moma-a91-6.4amoled-4000mah-battery48mp-quad-camera8128blue-325925694.html,07/26/26 13:42,,,0,48,No Rating,Entry (5k-15k),0.11
smartphones,"Infinix Hot 70, 6.78 inches, 120Hz Display, 256GB ROM + 6GB RAM,50 MP Main Camera,6000 mAh ,_ BLUE","Infinix Hot 70, 6.78 inches, 120Hz Display, 256GB ROM + 6GB RAM,50 MP Main Camera,6000 mAh ,_ BLUE",25899,45000,42.4,FALSE,0,0,https://www.jumia.co.ke/hot-70-6.78-inches-120hz-display-256gb-rom-6gb-ram50-mp-main-camera6000-mah-blue-infinix-mpg10405894.html,07/26/26 13:42,256,6,6000,50,No Rating,Mid-Range (15k-30k),0.127
smartphones,"XIAOMI Redmi A7, 5.45"", 64GB + 3GB RAM (Dual Sim), 4000mAh - Blue","XIAOMI Redmi A7, 5.45"", 64GB + 3GB RAM (Dual Sim), 4000mAh - Blue",12290,14000,12.2,FALSE,0,0,https://www.jumia.co.ke/xiaomi-redmi-a7-5.45-64gb-3gb-ram-dual-sim-4000mah-blue-327531879.html,07/26/26 13:42,64,3,4000,,No Rating,Entry (5k-15k),0.037
smartphones,"Infinix Hot 70, 6.78 inches, 120Hz Display, 256GB ROM + 6GB RAM,50 MP Main Camera,6000 mAh ,FREE GIFTS STRAP WATCH,PODS, OTG _ BLUE","Infinix Hot 70, 6.78 inches, 120Hz Display, 256GB ROM + 6GB RAM,50 MP Main Camera,6000 mAh ,FREE GIFTS  STRAP WATCH,PODS, OTG _ BLUE",25799,45000,42.7,FALSE,0,0,https://www.jumia.co.ke/hot-70-6.78-inches-120hz-display-256gb-rom-6gb-ram50-mp-main-camera6000-mah-free-gifts-strap-watchpods-otg-blue-infinix-mpg10414595.html,07/26/26 13:42,256,6,6000,50,No Rating,Mid-Range (15k-30k),0.128
smartphones,"Tecno SPARK 50 4G 128GB ROM+ Upto 4GB RAM 6.78"" SCREEN ,7000mAh Battery 50MP CAMERA ANDROID 16","Tecno SPARK 50 4G 128GB ROM+ Upto 4GB RAM 6.78"" SCREEN ,7000mAh Battery 50MP CAMERA ANDROID 16",19600,27000,27.4,FALSE,0,0,https://www.jumia.co.ke/tecno-spark-50-4g-128gb-rom-upto-4gb-ram-6.78-screen-7000mah-battery-50mp-camera-android-16-327627177.html,07/26/26 13:42,128,4,7000,50,No Rating,Mid-Range (15k-30k),0.082
smartphones,"Corn 100 Max 6.67"", 64GB ROM, 5(2+3)GB RAM, 5000mAh (Dual SIM), Black (1YR WRTY)","Corn  100 Max 6.67"", 64GB ROM, 5(2+3)GB RAM, 5000mAh (Dual SIM), Black (1YR WRTY)",7999,14999,46.7,FALSE,4.8,0,https://www.jumia.co.ke/corn-100-max-6.67-64gb-rom-523gb-ram-5000mah-dual-sim-black-1yr-wrty-326046166.html,07/26/26 13:42,64,,5000,,Excellent,Entry (5k-15k),0.62
smartphones,"Infinix Hot 70,X6895B, 6.78"", 256GB + 6GB RAM,6000 mAh, 4G - Night Pulse","Infinix Hot 70,X6895B, 6.78"",  256GB + 6GB RAM,6000 mAh, 4G - Night Pulse",25199,100000,74.8,TRUE,0,0,https://www.jumia.co.ke/infinix-hot-70x6895b-6.78-256gb-6gb-ram6000-mah-4g-night-pulse-328608176.html,07/26/26 13:42,256,6,6000,,No Rating,Mid-Range (15k-30k),0.224
smartphones,"I16Plus 6.6 inch Android 12 Smartphone, 4+64GB,4200mAh,4G Network Dual SIM, GPS WIFI All-in-One Phone","I16Plus 6.6 inch Android 12 Smartphone, 4+64GB,4200mAh,4G Network Dual SIM, GPS WIFI All-in-One Phone",14204,,0,FALSE,0,0,https://www.jumia.co.ke/landvo-i16plus-6.6-inch-android-12-smartphone-464gb4200mah4g-network-dual-sim-gps-wifi-all-in-one-phone-327616700.html,07/26/26 13:42,64,,4200,,No Rating,Entry (5k-15k),0
smartphones,"Realme C100i, 64GB ROM +4GB RAM, 6.8 inches, 7000 mAh Battery Shock Resistance MIL-STD-810H'Wet Hand Touch 2.0+12 MONTHS WARRANTY","Realme  C100i, 64GB ROM +4GB RAM, 6.8 inches, 7000 mAh Battery Shock Resistance MIL-STD-810H'Wet Hand Touch 2.0+12 MONTHS WARRANTY",18999,21999,13.6,FALSE,0,0,https://www.jumia.co.ke/c100i-64gb-rom-4gb-ram-6.8-inches-7000-mah-battery-shock-resistance-mil-std-810hwet-hand-touch-2.012-months-warranty-realme-mpg10438357.html,07/26/26 13:42,64,4,7000,,No Rating,Mid-Range (15k-30k),0.041
smartphones,"Infinix Hot 70, 6.78 inches, 120Hz Display, 256GB ROM + 6GB RAM,50 MP Main Camera,6000 mAh,+12 MONTHS WARRANTY + FREE GIVE AWAYS","Infinix Hot 70, 6.78 inches, 120Hz Display, 256GB ROM + 6GB RAM,50 MP Main Camera,6000 mAh,+12 MONTHS WARRANTY + FREE GIVE AWAYS",26599,40000,33.5,FALSE,0,0,https://www.jumia.co.ke/hot-70-6.78-inches-120hz-display-256gb-rom-8gb-ram50-mp-main-camera6000-mah12-months-warranty-free-give-aways-infinix-mpg10495609.html,07/26/26 13:42,256,6,6000,50,No Rating,Mid-Range (15k-30k),0.1
smartphones,"Tecno Pop 20 - 64GB Dual SIM Android Smartphone - Purple – 6.75” HD+ 120Hz Display, 5000mAh Battery, 4G LTE Mobile Phone, Octa-Core Processor, 13MP Camera, 12 Months warranty.","Tecno Pop 20 - 64GB Dual SIM Android Smartphone - Purple – 6.75” HD+ 120Hz Display, 5000mAh Battery, 4G LTE Mobile Phone, Octa-Core Processor, 13MP Camera, 12 Months warranty.",11999,25000,52,FALSE,0,0,https://www.jumia.co.ke/renewed-tecno-pop-20-64gb-dual-sim-android-smartphone-purple-6.75-hd-120hz-display-5000mah-battery-4g-lte-mobile-phone-octa-core-processor-13mp-camera-12-months-warranty.-328690268.html,07/26/26 13:42,64,,5000,13,No Rating,Entry (5k-15k),0.156
smartphones,"I16Plus 6.6 inch Android 12 Smartphone, 3+64GB,4200mAh,4G Network Dual SIM, GPS WIFI All-in-One Phone","I16Plus 6.6 inch Android 12 Smartphone, 3+64GB,4200mAh,4G Network Dual SIM, GPS WIFI All-in-One Phone",14204,,0,FALSE,0,0,https://www.jumia.co.ke/landvo-i16plus-6.6-inch-android-12-smartphone-364gb4200mah4g-network-dual-sim-gps-wifi-all-in-one-phone-327476089.html,07/26/26 13:42,64,,4200,,No Rating,Entry (5k-15k),0
smartphones,"Samsung GALAXY A17, 6.7'' HD+, 4GB RAM + 128 GB ROM, DUAL SIM, 50MP, 5000mAh/24 MONTHS WARRANTY - BLACK","Samsung GALAXY A17, 6.7'' HD+, 4GB RAM + 128 GB ROM, DUAL SIM, 50MP, 5000mAh/24 MONTHS WARRANTY - BLACK",29999,,0,FALSE,0,0,https://www.jumia.co.ke/galaxy-a17-6.7-hd-4gb-ram-128-gb-rom-dual-sim-50mp-5000mah24-months-warranty-black-samsung-mpg10267416.html,07/26/26 13:42,128,4,5000,50,No Rating,Mid-Range (15k-30k),0
smartphones,"XIAOMI Redmi A7, 5.45"", 64GB + 3GB RAM (Dual Sim), 4000mAh - Black + Free Earphones","XIAOMI Redmi A7, 5.45"", 64GB + 3GB RAM (Dual Sim), 4000mAh - Black + Free Earphones",12290,14000,12.2,FALSE,0,0,https://www.jumia.co.ke/xiaomi-redmi-a7-5.45-64gb-3gb-ram-dual-sim-4000mah-black-free-earphones-328780979.html,07/26/26 13:42,64,3,4000,,No Rating,Entry (5k-15k),0.037
smartphones,"XIAOMI Redmi A7, 5.45"", 64GB + 3GB RAM (Dual Sim), 4000mAh - Blue + Free Earphones","XIAOMI Redmi A7, 5.45"", 64GB + 3GB RAM (Dual Sim), 4000mAh - Blue + Free Earphones",12290,14000,12.2,FALSE,0,0,https://www.jumia.co.ke/xiaomi-redmi-a7-5.45-64gb-3gb-ram-dual-sim-4000mah-blue-free-earphones-328780978.html,07/26/26 13:42,64,3,4000,,No Rating,Entry (5k-15k),0.037
smartphones,"XIAOMI Redmi A7 Pro, 6.9"", 64GB + 4GB RAM (Dual Sim), 6000mAh - Black + Free Earphones","XIAOMI Redmi A7 Pro, 6.9"", 64GB + 4GB RAM (Dual Sim), 6000mAh - Black + Free Earphones",13500,14000,3.6,FALSE,0,0,https://www.jumia.co.ke/xiaomi-redmi-a7-pro-6.9-64gb-4gb-ram-dual-sim-6000mah-black-free-earphones-328780981.html,07/26/26 13:42,64,4,6000,,No Rating,Entry (5k-15k),0.011
smartphones,"Safaricom Neon Smarta 2, IPS LCD DISPLAY, 5"" Inches, 32GB ROM + 2GB RAM (Dual SIM), 3300mAh - BLACK + LED Watch","Safaricom Neon Smarta 2, IPS LCD DISPLAY, 5"" Inches, 32GB ROM + 2GB RAM (Dual SIM), 3300mAh - BLACK + LED Watch",3250,8999,63.9,TRUE,3.8,0,https://www.jumia.co.ke/safaricom-neon-smarta-2-ips-lcd-display-5-inches-32gb-rom-2gb-ram-dual-sim-3300mah-black-led-watch-326288955.html,07/26/26 13:42,32,2,3300,,Good,Budget (<5k),0.572
smartphones,"Safaricom NEON SMARTA 2,5"" INCHES DISPLAY,(2GB RAM +32GB ROM)DUAL SIM,3300MAH","Safaricom NEON SMARTA 2,5"" INCHES DISPLAY,(2GB RAM +32GB ROM)DUAL SIM,3300MAH",3499,7999,56.3,FALSE,4,0,https://www.jumia.co.ke/safaricom-neon-smarta-25-inches-display2gb-ram-32gb-romdual-sim3300mah-326939430.html,07/26/26 13:42,32,2,3300,,Good,Budget (<5k),0.569
smartphones,"Samsung Galaxy A16, 4GB RAM + 128GB ROM 6.7"", Android 14,5000mAh - Light Gray","Samsung  Galaxy A16, 4GB RAM + 128GB ROM  6.7"", Android 14,5000mAh - Light Gray",17099,39999,57.3,FALSE,4.2,0,https://www.jumia.co.ke/samsung-galaxy-a16-4gb-ram-128gb-rom-6.7-android-145000mah-light-gray-296934715.html,07/26/26 13:42,128,4,5000,,Good,Mid-Range (15k-30k),0.592
smartphones,"Redmi 15C By Xiaomi, 6.9"", UPTO 8GB Extended RAM + 128GB, 6000mAh (Dual SIM) - Black (1 YRWRTY) + LED Watch +Earpods +Powerbank","Redmi 15C By Xiaomi, 6.9"", UPTO 8GB Extended RAM + 128GB, 6000mAh (Dual SIM) - Black (1 YRWRTY) + LED Watch +Earpods +Powerbank",15899,29999,47,FALSE,3.8,0,https://www.jumia.co.ke/redmi-15c-byxiaomi-6.9-upto-8gb-extended-ram-128gb-6000mah-dual-sim-black-1-yrwrty-led-watch-earpods-powerbank-325233783.html,07/26/26 13:42,8,,6000,,Good,Mid-Range (15k-30k),0.521
smartphones,"Safaricom Neon Smarta 2, IPS LCD Display, 5"", 32GB ROM + 2GB RAM (Dual SIM), 3300mAh - Black + LED Watcg","Safaricom Neon Smarta 2, IPS LCD Display, 5"", 32GB ROM + 2GB RAM (Dual SIM), 3300mAh - Black + LED Watcg",3250,4999,35,FALSE,4,0,https://www.jumia.co.ke/safaricom-neon-smarta-2-ips-lcd-display-5-32gb-rom-2gb-ram-dual-sim-3300mah-black-led-watcg-326704616.html,07/26/26 13:42,32,2,3300,,Good,Budget (<5k),0.505
smartphones,"Samsung Galaxy A16, 6.7"", 128GB + 4GB RAM (Dual SIM), 5000mAh, (Black)+ free gifts","Samsung  Galaxy A16, 6.7"", 128GB + 4GB RAM (Dual SIM), 5000mAh, (Black)+ free gifts",17399,25000,30.4,FALSE,4,0,https://www.jumia.co.ke/samsung-galaxy-a16-6.7-128gb-4gb-ram-dual-sim-5000mah-black-free-gifts-325377699.html,07/26/26 13:42,128,4,5000,,Good,Mid-Range (15k-30k),0.491
smartphones,"Samsung A16, 6.7"", 128GB + 4GB RAM (Dual SIM), 5000mAh, Black (2YRs WRTY)","Samsung A16, 6.7"", 128GB + 4GB RAM (Dual SIM), 5000mAh, Black (2YRs WRTY)",16999,22500,24.4,FALSE,4,0,https://www.jumia.co.ke/samsung-a16-6.7-128gb-4gb-ram-dual-sim-5000mah-black-2yrs-wrty-326039487.html,07/26/26 13:42,128,4,5000,,Good,Mid-Range (15k-30k),0.473
smartphones,"Samsung GALAXY A16, 6.7"" HD+, 4GB RAM + 128GB, DUAL SIM, 50MP, 5000mAh, BLACK + FREE GIFTS ( AIRPODS + SMART WATCH +POWERBANK )","Samsung GALAXY A16, 6.7"" HD+, 4GB RAM + 128GB, DUAL SIM, 50MP, 5000mAh, BLACK + FREE GIFTS ( AIRPODS + SMART WATCH +POWERBANK )",17999,30999,41.9,FALSE,3.9,0,https://www.jumia.co.ke/samsung-galaxy-a16-6.7-hd-4gb-ram-128gb-dual-sim-50mp-5000mah-black-free-gifts-airpods-smart-watch-powerbank-297282814.html,07/26/26 13:42,4,4,5000,50,Good,Mid-Range (15k-30k),0.516
smartphones,"Samsung Galaxy A16, 4GB RAM + 128GB ROM 6.7"" HD, Android 14,50MP-Camera, Battery-5000mAh - Light Gray","Samsung Galaxy A16, 4GB RAM + 128GB ROM 6.7"" HD, Android 14,50MP-Camera, Battery-5000mAh - Light Gray",16999,39999,57.5,FALSE,4.1,0,https://www.jumia.co.ke/samsung-galaxy-a16-4gb-ram-128gb-rom-6.7-hd-android-1450mp-camera-battery-5000mah-light-gray-325387448.html,07/26/26 13:42,128,4,5000,50,Good,Mid-Range (15k-30k),0.582
smartphones,"Safaricom Neon Smarta 2, 5"", 32GB + 2GB RAM (Dual SIM), 3300mAh, Black//WZ//Plus Power bank,Pod, Watch,Card Reader","Safaricom Neon Smarta 2, 5"", 32GB + 2GB RAM (Dual SIM), 3300mAh, Black//WZ//Plus Power bank,Pod, Watch,Card Reader",3600,5500,34.5,FALSE,3.8,0,https://www.jumia.co.ke/safaricom-neon-smarta-2-5-32gb-2gb-ram-dual-sim-3300mah-blackwzplus-power-bankpod-watchcard-reader-327479439.html,07/26/26 13:42,32,2,3300,,Good,Budget (<5k),0.484
smartphones,"Samsung Galaxy A06, 6.7"", 4GB RAM + 128GB ROM, 5000mAh, (Dual SIM) - Black","Samsung Galaxy A06, 6.7"", 4GB RAM + 128GB ROM, 5000mAh, (Dual SIM) - Black",14499,19999,27.5,FALSE,4.1,0,https://www.jumia.co.ke/samsung-galaxy-a06-6.7-4gb-ram-128gb-rom-5000mah-dual-sim-black-278280171.html,07/26/26 13:42,128,4,5000,,Good,Entry (5k-15k),0.492
smartphones,"Samsung Galaxy A07, 128GB + 4GB RAM (Dual Sim) 50MP Camera, 5000mAh Battery -BLACK","Samsung Galaxy A07, 128GB + 4GB RAM (Dual Sim) 50MP Camera, 5000mAh Battery -BLACK",14799,21999,32.7,FALSE,4.3,0,https://www.jumia.co.ke/samsung-galaxy-a07-128gb-4gb-ram-dual-sim-50mp-camera-5000mah-battery-black-325429624.html,07/26/26 13:42,128,4,5000,50,Good,Entry (5k-15k),0.528
smartphones,"Samsung Galaxy A16, 6.7"", 4GB RAM + 128GB (Dual SIM), 5000mAh- Black Plus Free Adapter and Watch","Samsung Galaxy A16, 6.7"", 4GB RAM + 128GB (Dual SIM), 5000mAh- Black Plus Free Adapter and Watch",17800,25000,28.8,FALSE,4.5,0,https://www.jumia.co.ke/samsung-galaxy-a16-6.7-4gb-ram-128gb-dual-sim-5000mah-black-plus-free-adapter-and-watch-327724956.html,07/26/26 13:42,4,4,5000,,Excellent,Mid-Range (15k-30k),0.536
smartphones,"Tecno SPARK 50 4G 256GB ROM+ Upto 12GB RAM 6.78"" SCREEN ,7000mAh Battery 50MP CAMERA ANDROID 16+Free gifts+1 Year free warranty","Tecno SPARK 50 4G 256GB ROM+ Upto 12GB RAM 6.78"" SCREEN ,7000mAh Battery 50MP CAMERA ANDROID 16+Free gifts+1 Year free warranty",21399,30000,28.7,FALSE,3.9,0,https://www.jumia.co.ke/tecno-spark-50-4g-256gb-rom-upto-12gb-ram-6.78-screen-7000mah-battery-50mp-camera-android-16free-gifts1-year-free-warranty-325371766.html,07/26/26 13:42,256,12,7000,50,Good,Mid-Range (15k-30k),0.476
smartphones,"Safaricom Neon Smarta 2, IPS LCD DISPLAY, 5"" Inches, 32GB ROM + 2GB RAM (Dual SIM), 3300mAh-1 YEAR WARRANTY - BLACK","Safaricom Neon Smarta 2, IPS LCD DISPLAY, 5"" Inches, 32GB ROM + 2GB RAM (Dual SIM), 3300mAh-1 YEAR WARRANTY - BLACK",3190,5000,36.2,FALSE,3.8,0,https://www.jumia.co.ke/safaricom-neon-smarta-2-ips-lcd-display-5-inches-32gb-rom-2gb-ram-dual-sim-3300mah-1-year-warranty-black-327468686.html,07/26/26 13:42,32,2,3300,,Good,Budget (<5k),0.489
smartphones,"Samsung Galaxy A06, 6.7'' Display, 4GB RAM + 64GB ROM (Dual Sim) 50MP Camera, 5000mAh - black+Free Gifts","Samsung Galaxy A06, 6.7'' Display, 4GB RAM + 64GB ROM (Dual Sim) 50MP Camera, 5000mAh - black+Free Gifts",12850,19999,35.7,FALSE,4,0,https://www.jumia.co.ke/samsung-galaxy-a06-6.7-display-4gb-ram-64gb-rom-dual-sim-50mp-camera-5000mah-blackfree-gifts-306245903.html,07/26/26 13:42,64,4,5000,50,Good,Entry (5k-15k),0.507
smartphones,"Redmi 15C By Xiaomi, 6.88"", 8GB RAM + 256GB ROM, Android 15 Dual SIM + WW BN, BLACK","Redmi 15C By Xiaomi, 6.88"", 8GB RAM + 256GB ROM, Android 15 Dual SIM +  WW BN, BLACK",19999,30000,33.3,FALSE,3.9,0,https://www.jumia.co.ke/redmi-15c-byxiaomi6.88-8gb-ram-256gb-rom-android-15-dual-sim-ww-bn-black-275368047.html,07/26/26 13:42,256,8,,,Good,Mid-Range (15k-30k),0.49
smartphones,"Safaricom Neon Smarta 2, IPS LCD DISPLAY, 5"" Inches, 32GB STORAGE+ 2GB RAM (Dual SIM ), 3300mAh L-+GIFTS.","Safaricom  Neon Smarta 2, IPS LCD DISPLAY, 5"" Inches, 32GB STORAGE+ 2GB RAM (Dual SIM ), 3300mAh L-+GIFTS.",3690,5000,26.2,FALSE,3.6,0,https://www.jumia.co.ke/safaricom-neon-smarta-2-ips-lcd-display-5-inches-32gb-storage-2gb-ram-dual-sim-3300mah-l-gifts.-327369984.html,07/26/26 13:42,32,2,3300,,Good,Budget (<5k),0.439
smartphones,"Tecno SPARK 50 4G 128GB ROM+ 12GB(4+8GB) RAM 6.78"" SCREEN 120Hz Refresh Rate 6700mAh Battery 50MP CAMERA ANDROID 16+1 YEAR WARRANTY....GRAY","Tecno SPARK 50 4G 128GB ROM+ 12GB(4+8GB) RAM 6.78"" SCREEN 120Hz Refresh Rate 6700mAh Battery 50MP CAMERA ANDROID 16+1 YEAR WARRANTY....GRAY",16899,19999,15.5,FALSE,4.3,0,https://www.jumia.co.ke/tecno-spark-50-4g-128gb-rom-12gb48gb-ram-6.78-screen-120hz-refresh-rate-6700mah-battery-50mp-camera-android-161-year-warranty....gray-328025996.html,07/26/26 13:42,128,,6700,50,Good,Mid-Range (15k-30k),0.476
smartphones,"Smarta 2, IPS LCD Display, 5"", 32GB ROM + 2GB RAM (Dual SIM), 3300mAh + FREE GIFTS(WATCH)","Smarta 2, IPS LCD Display, 5"", 32GB ROM + 2GB RAM (Dual SIM), 3300mAh + FREE GIFTS(WATCH)",3139,3999,21.5,FALSE,4.8,0,https://www.jumia.co.ke/neon-smarta-2-ips-lcd-display-5-32gb-rom-2gb-ram-dual-sim-3300mah-free-giftswatch-327776176.html,07/26/26 13:42,32,2,3300,,Excellent,Budget (<5k),0.544
smartphones,"Samsung GALAXY A17 5G, 6.7'' HD+, 8GB RAM + 256GB ROM, DUAL SIM, 50MP, 5000mAh ADAPTER","Samsung GALAXY A17 5G, 6.7'' HD+, 8GB RAM + 256GB ROM, DUAL SIM, 50MP, 5000mAh ADAPTER",27005,40000,32.5,FALSE,3.9,0,https://www.jumia.co.ke/samsung-galaxy-a17-5g-6.7-hd-8gb-ram-256gb-rom-dual-sim-50mp-5000mah-adapter-325545773.html,07/26/26 13:42,256,8,5000,50,Good,Mid-Range (15k-30k),0.488
smartphones,"Tecno SPARK 50 4G 128GB ROM+ (4+8) 12GB RAM 6.78"" SCREEN 120Hz Refresh Rate 6700mAh Battery 50MP CAMERA ANDROID 16+Amaizing free gifts","Tecno SPARK 50 4G 128GB ROM+ (4+8) 12GB RAM 6.78"" SCREEN 120Hz Refresh Rate 6700mAh Battery 50MP CAMERA ANDROID 16+Amaizing free gifts",19099,25000,23.6,FALSE,4.3,0,https://www.jumia.co.ke/tecno-spark-50-4g-128gb-rom-48-12gb-ram-6.78-screen-120hz-refresh-rate-6700mah-battery-50mp-camera-android-16amaizing-free-gifts-327436847.html,07/26/26 13:42,128,12,6700,50,Good,Mid-Range (15k-30k),0.501
smartphones,"Safaricom Neon Smarta 2, IPS LCD DISPLAY, 5"" Inches, 32GB ROM + 2GB RAM (Dual SIM), 3300mAh +Free Gifts(Earpods+Led watch)","Safaricom  Neon Smarta 2, IPS LCD DISPLAY, 5"" Inches, 32GB ROM + 2GB RAM (Dual SIM), 3300mAh +Free Gifts(Earpods+Led watch)",3999,10000,60,TRUE,4.4,0,https://www.jumia.co.ke/neon-smarta-2-ips-lcd-display-5-inches-32gb-rom-2gb-ram-dual-sim-3300mah-free-giftsearpodsled-watch-safaricom-mpg10173175.html,07/26/26 13:42,32,2,3300,,Good,Budget (<5k),0.62
smartphones,"Samsung Galaxy A06 - 6.7"" Display, 4GB RAM, 64GB Storage, 50MP Camera, 5000mAh Battery","Samsung Galaxy A06 - 6.7"" Display, 4GB RAM, 64GB Storage, 50MP Camera, 5000mAh Battery",13199,30999,57.4,FALSE,3.9,0,https://www.jumia.co.ke/samsung-galaxy-a06-6.7-display-4gb-ram-64gb-storage-50mp-camera-5000mah-battery-314946634.html,07/26/26 13:42,64,4,5000,50,Good,Entry (5k-15k),0.562
smartphones,"Samsung GALAXY A16, 6.7'' HD+, 4GB RAM + 128GB ROM, DUAL SIM, 50MP, 5000mAh COMES WITH FREE GIFTS ( AIRPODS + SMART WATCH +POWERBANK ) FOR YOU","Samsung GALAXY A16, 6.7'' HD+, 4GB RAM + 128GB ROM, DUAL SIM, 50MP, 5000mAh  COMES WITH FREE GIFTS ( AIRPODS + SMART WATCH +POWERBANK ) FOR YOU",17999,35999,50,FALSE,3.8,0,https://www.jumia.co.ke/samsung-galaxy-a16-6.7-hd-4gb-ram-128gb-rom-dual-sim-50mp-5000mah-comes-with-free-gifts-airpods-smart-watch-powerbank-for-you-297282731.html,07/26/26 13:42,128,4,5000,50,Good,Mid-Range (15k-30k),0.53
smartphones,"CALUS s26 4GB RAM + 32GB ROM, 6.6 inches hd display, 5MP+ 13MP camera, 5500mAh battery, dual sim, android 14 smartphone. BLACK","CALUS s26 4GB RAM + 32GB ROM, 6.6 inches hd display, 5MP+ 13MP camera, 5500mAh battery, dual sim, android 14 smartphone. BLACK",5399,5999,10,FALSE,4,0,https://www.jumia.co.ke/calus-s26-4gb-ram-32gb-rom-6.6-inches-hd-display-5mp-13mp-camera-5500mah-battery-dual-sim-android-14-smartphone.-black-328693291.html,07/26/26 13:42,32,4,5500,5,Good,Entry (5k-15k),0.43
smartphones,"Samsung Galaxy A16, 6.7"", 4GB RAM + 128GB (Dual SIM), 5000mAh, Black (2YRs WRTY) + Led Watch , Power Bank & Charging Adapter","Samsung Galaxy A16, 6.7"", 4GB RAM + 128GB (Dual SIM), 5000mAh, Black (2YRs WRTY) + Led Watch  , Power Bank & Charging Adapter",17490,22400,21.9,FALSE,4.6,0,https://www.jumia.co.ke/samsung-galaxy-a16-6.7-4gb-ram-128gb-dual-sim-5000mah-black-2yrs-wrty-led-watch-power-bank-charging-adapter-327099029.html,07/26/26 13:42,4,4,5000,,Excellent,Mid-Range (15k-30k),0.526
smartphones,"Safaricom Neon Smarta 2,DISPLAY, 5"" Inches, 32GB ROM + 2GB RAM (Dual SIM), 3300mAh-1 YEAR WARRANTY+COVER & PROTECTOR","Safaricom Neon Smarta 2,DISPLAY, 5"" Inches, 32GB ROM + 2GB RAM (Dual SIM), 3300mAh-1 YEAR WARRANTY+COVER & PROTECTOR",3295,3999,17.6,FALSE,3.9,0,https://www.jumia.co.ke/safaricom-neon-smarta-2display-5-inches-32gb-rom-2gb-ram-dual-sim-3300mah-1-year-warrantycover-protector-327469224.html,07/26/26 13:42,32,2,3300,,Good,Budget (<5k),0.443
smartphones,"Tecno SPARK 50 4G 256GB ROM+ 8GB RAM 6.78"" SCREEN 120Hz Refresh Rate 6300 mAh Battery 50MP CAMERA ANDROID 16 COMES WITH FREE STRAP WATCH , POWERBANK AND AIRPODS FOR YOU black","Tecno SPARK 50 4G 256GB ROM+ 8GB RAM 6.78"" SCREEN 120Hz Refresh Rate  6300 mAh Battery 50MP CAMERA ANDROID 16 COMES WITH FREE    STRAP WATCH , POWERBANK AND AIRPODS FOR YOU   black",20569,40999,49.8,FALSE,5,0,https://www.jumia.co.ke/tecno-spark-50-4g-256gb-rom-8gb-ram-6.78-screen-120hz-refresh-rate-6300-mah-battery-50mp-camera-android-16-comes-with-free-strap-watch-powerbank-and-airpods-for-you-black-327404925.html,07/26/26 13:42,256,8,6300,50,Excellent,Mid-Range (15k-30k),0.649
smartphones,"Redmi 15C By Xiaomi, 6.88"", UPTO 8GB RAM + 128GB, Battery: 500 mAh COMES WITH FREE GIFTS","Redmi 15C By Xiaomi, 6.88"", UPTO 8GB RAM + 128GB, Battery: 500 mAh COMES WITH FREE GIFTS",15999,30999,48.4,FALSE,4.3,0,https://www.jumia.co.ke/redmi-15c-byxiaomi-6.88-upto-8gb-ram-128gb-battery-500-mah-comes-with-free-gifts-325541903.html,07/26/26 13:42,8,8,500,,Good,Mid-Range (15k-30k),0.575
smartphones,"Redmi 15C Xiaomi Smartphone, 6.9"", 8GB Extended RAM (4+4)+ 128GB, 6000mAh - Black (1 R WRTY)","Redmi 15C Xiaomi Smartphone, 6.9"", 8GB Extended RAM (4+4)+ 128GB, 6000mAh - Black (1 R WRTY)",15699,29999,47.7,FALSE,4.1,0,https://www.jumia.co.ke/redmi-15c-xiaomi-smartphone-6.9-8gb-extended-ram-44-128gb-6000mah-black-1-r-wrty-325383534.html,07/26/26 13:42,8,,6000,,Good,Mid-Range (15k-30k),0.553
smartphones,"Samsung Galaxy A06, 6.7'' Display, 4GB RAM + 128GB ROM (Dual Sim) 50MP Camera, 5000mAh COMES WITH FREE GIFTS ( AIRPODS + SMART WATCH +POWERBANK ) FOR YOU","Samsung Galaxy A06, 6.7'' Display, 4GB RAM + 128GB ROM (Dual Sim) 50MP Camera, 5000mAh COMES WITH FREE GIFTS ( AIRPODS + SMART WATCH +POWERBANK ) FOR YOU",15359,30999,50.5,FALSE,3.8,0,https://www.jumia.co.ke/samsung-galaxy-a06-6.7-display-4gb-ram-128gb-rom-dual-sim-50mp-camera-5000mah-comes-with-free-gifts-airpods-smart-watch-powerbank-for-you-314947615.html,07/26/26 13:42,128,4,5000,50,Good,Mid-Range (15k-30k),0.532
smartphones,"Nokia C1 2nd Edition, 5.45"" 16GB + 1GB (Dual Sim) 2500 MAh + Smart Watch & Power Bank","Nokia C1 2nd Edition, 5.45"" 16GB + 1GB (Dual Sim) 2500 MAh + Smart Watch & Power Bank",5499,10999,50,FALSE,3.3,0,https://www.jumia.co.ke/c1-2nd-edition-5.45-16gb-1gb-dual-sim-2500-mah-smart-watch-power-bank-nokia-mpg477923.html,07/26/26 13:42,16,,2500,,Average,Entry (5k-15k),0.48
smartphones,"Infinix Hot 60i'6.7 Inches,8GB RAM+256GB ROM"" 50 MP' Dual SIM'5160 MAh Battery., SMART WATCH, NECK BUDS, SILVER","Infinix Hot 60i'6.7 Inches,8GB RAM+256GB ROM"" 50 MP' Dual SIM'5160 MAh Battery., SMART WATCH, NECK BUDS, SILVER",18799,30000,37.3,FALSE,4.1,0,https://www.jumia.co.ke/infinix-hot-60i6.7-inches8gb-ram256gb-rom-50-mp-dual-sim5160-mah-battery.-smart-watch-neck-buds-silver-319414919.html,07/26/26 13:42,256,8,5160,50,Good,Mid-Range (15k-30k),0.522
smartphones,SMARTA 2,SMARTA 2,3499,7999,56.3,FALSE,4,0,https://www.jumia.co.ke/neon-smarta-2-262876405.html,07/26/26 13:42,,,,,Good,Budget (<5k),0.569
smartphones,"Redmi 15C By Xiaomi, 6.9', Up to 8GB Extended RAM + 128GB, 6000mAh (Dual SIM) - Blue (1 YRWRTY) + LEDwatch+Earpods+Cable+Cardreader & Power bank","Redmi 15C By Xiaomi, 6.9', Up to 8GB Extended RAM + 128GB, 6000mAh (Dual SIM) - Blue (1 YRWRTY) + LEDwatch+Earpods+Cable+Cardreader & Power bank",15850,35999,56,FALSE,3.9,0,https://www.jumia.co.ke/redmi-15c-byxiaomi-6.9-up-to-8gb-extended-ram-128gb-6000mah-dual-sim-blue-1-yrwrty-ledwatchearpodscablecardreader-power-bank-325235564.html,07/26/26 13:42,8,,6000,,Good,Mid-Range (15k-30k),0.558
smartphones,"Samsung A06 6.7'' Display,4 GB RAM +128GB Storage,5000MAH, Dual+ ADAPTER+WATCH+EARPODS","Samsung A06 6.7'' Display,4 GB RAM +128GB Storage,5000MAH, Dual+ ADAPTER+WATCH+EARPODS",15240,19999,23.8,FALSE,3.9,0,https://www.jumia.co.ke/samsung-a06-6.7-display4-gb-ram-128gb-storage5000mah-dual-adapterwatchearpods-278776477.html,07/26/26 13:42,128,4,5000,,Good,Mid-Range (15k-30k),0.461
smartphones,"Samsung Galaxy A16, 4GB RAM + 128GB ROM 6.7"" HD, Android 14,50MP-Camera, Battery-5000mAh - (Light Gray)+ free gofts","Samsung Galaxy A16, 4GB RAM + 128GB ROM 6.7"" HD, Android 14,50MP-Camera, Battery-5000mAh - (Light Gray)+ free gofts",17499,40000,56.3,FALSE,4,0,https://www.jumia.co.ke/samsung-galaxy-a16-4gb-ram-128gb-rom-6.7-hd-android-1450mp-camera-battery-5000mah-light-gray-free-gofts-325377706.html,07/26/26 13:42,128,4,5000,50,Good,Mid-Range (15k-30k),0.569
smartphones,"Infinix Hot 60i 4G""6.7-inch,12 GB(6+6)RAM+128GB ROM' Battery: 5160mAh COMES WITH FREE GIFTS ( AIRPODS + LED WATCH +POWERBANK ) FOR YOU (Neon Red)","Infinix Hot 60i 4G""6.7-inch,12 GB(6+6)RAM+128GB ROM' Battery: 5160mAh COMES WITH FREE GIFTS ( AIRPODS + LED WATCH +POWERBANK ) FOR YOU (Neon Red)",16599,30999,46.5,FALSE,3.9,0,https://www.jumia.co.ke/infinix-hot-60i-4g6.7-inch12-gb66ram128gb-rom-battery-5160mah-comes-with-free-gifts-airpods-led-watch-powerbank-for-you-neon-red-324994855.html,07/26/26 13:42,128,,5160,,Good,Mid-Range (15k-30k),0.53
smartphones,"Infinix Hot 60i'6.7 Inches,8GB RAM+256GB ROM"" 50 MP' Dual SIM'5160 MAh Battery., WATCH, TRIPOD, BUDS","Infinix Hot 60i'6.7 Inches,8GB RAM+256GB ROM"" 50 MP' Dual SIM'5160 MAh Battery., WATCH, TRIPOD, BUDS",18899,30000,37,FALSE,4.1,0,https://www.jumia.co.ke/infinix-hot-60i6.7-inches8gb-ram256gb-rom-50-mp-dual-sim5160-mah-battery.-watch-tripod-buds-319432854.html,07/26/26 13:42,256,8,5160,50,Good,Mid-Range (15k-30k),0.521
smartphones,"Redmi A7 By Xiaomi 6.88"" 64GB ROM + 3GB RAM 50MP 5200mAh (Dual Sim) on screen fingerprint (2 Years Warranty) Blue","Redmi A7 By Xiaomi 6.88"" 64GB ROM + 3GB RAM 50MP 5200mAh (Dual Sim) on screen fingerprint (2 Years Warranty) Blue",12199,19999,39,FALSE,4.2,0,https://www.jumia.co.ke/redmi-a7-by-xiaomi-6.88-64gb-rom-3gb-ram-50mp-5200mah-dual-sim-on-screen-fingerprint-2-years-warranty-blue-327542859.html,07/26/26 13:42,64,3,5200,50,Good,Entry (5k-15k),0.537
smartphones,"Infinix Hot 60i'6.7 Inches,6GB RAM+128GB ROM""Dual SIM'5000 MAh Battery+WATHC EARBUDS COVER BLACK","Infinix Hot 60i'6.7 Inches,6GB RAM+128GB ROM""Dual SIM'5000 MAh Battery+WATHC EARBUDS COVER BLACK",16450,29999,45.2,FALSE,4.1,0,https://www.jumia.co.ke/infinix-hot-60i6.7-inches6gb-ram128gb-romdual-sim5000-mah-batterywathc-earbuds-cover-black-319432676.html,07/26/26 13:42,128,6,5000,,Good,Mid-Range (15k-30k),0.546
smartphones,"Samsung Samsung Galaxy A17 - 6.7"" Super AMOLED, 8GB RAM, 256GB, 4G, Blue","Samsung Samsung Galaxy A17 - 6.7"" Super AMOLED, 8GB RAM, 256GB, 4G, Blue",24700,40000,38.2,FALSE,4.5,0,https://www.jumia.co.ke/samsung-samsung-galaxy-a17-6.7-super-amoled-8gb-ram-256gb-4g-blue-190119242.html,07/26/26 13:42,8,8,,,Excellent,Mid-Range (15k-30k),0.565
smartphones,"Samsung Galaxy A07 4G, 6.7"", 64GB + 4GB RAM (Dual SIM), 5000mAh, Black (2YRs WRTY) + FREE Back cover & Adapter","Samsung  Galaxy A07 4G, 6.7"", 64GB + 4GB RAM (Dual SIM), 5000mAh, Black (2YRs WRTY) + FREE Back cover & Adapter",13299,18999,30,FALSE,4,0,https://www.jumia.co.ke/samsung-galaxy-a07-4g-6.7-64gb-4gb-ram-dual-sim-5000mah-black-2yrs-wrty-free-back-cover-adapter-278229587.html,07/26/26 13:42,64,4,5000,,Good,Entry (5k-15k),0.49
smartphones,"Redmi Note 15 Pro, 6.83"" AMOLED, 256GB + 8GB RAM (Dual SIM), 50MP, Multi-Directional PDAF, (2YRs WRTY)","Redmi Note 15 Pro, 6.83"" AMOLED, 256GB + 8GB RAM (Dual SIM), 50MP, Multi-Directional PDAF, (2YRs WRTY)",33999,45999,26.1,FALSE,4.5,0,https://www.jumia.co.ke/redmi-note-15-pro-6.83-amoled-256gb-8gb-ram-dual-sim-50mp-multi-directional-pdaf-2yrs-wrty-326766561.html,07/26/26 13:42,256,8,,50,Excellent,Premium (30k-50k),0.528
smartphones,"Samsung Samsung Galaxy A16 5G - 4GB RAM, 128GB Storage, 6.7"" AMOLED, 50MP Camera, Android 14","Samsung Samsung Galaxy A16 5G - 4GB RAM, 128GB Storage, 6.7"" AMOLED, 50MP Camera, Android 14",17499,45999,62,TRUE,4,0,https://www.jumia.co.ke/samsung-samsung-galaxy-a16-5g-4gb-ram-128gb-storage-6.7-amoled-50mp-camera-android-14-297108198.html,07/26/26 13:42,128,4,,50,Good,Mid-Range (15k-30k),0.586
smartphones,"Tecno SPARK 50 4G 128GB ROM+ 8GB RAM 6.78"" SCREEN 120Hz Refresh Rate 7000mAh Battery 50MP CAMERA ANDROID 16 COMES WITH FREE LED WATCH , POWERBANK AND AIRPODS FOR YOU blue","Tecno SPARK 50 4G 128GB ROM+ 8GB RAM 6.78"" SCREEN 120Hz Refresh Rate 7000mAh Battery 50MP CAMERA ANDROID 16  COMES WITH FREE    LED WATCH , POWERBANK AND AIRPODS FOR YOU  blue",19259,30999,37.9,FALSE,4,0,https://www.jumia.co.ke/tecno-spark-50-4g-128gb-rom-8gb-ram-6.78-screen-120hz-refresh-rate-7000mah-battery-50mp-camera-android-16-comes-with-free-led-watch-powerbank-and-airpods-for-you-blue-327606872.html,07/26/26 13:42,128,8,7000,50,Good,Mid-Range (15k-30k),0.514
smartphones,"Samsung GALAXY A17, 6.7'' HD+, 6GB RAM + 128GB ROM, DUAL SIM, 50MP, 5000mAh/24 MONTHS WARRANTY+AWESOME GIFTS GRAY.","Samsung GALAXY A17, 6.7'' HD+, 6GB RAM + 128GB ROM, DUAL SIM, 50MP, 5000mAh/24 MONTHS WARRANTY+AWESOME GIFTS GRAY.",22250,35000,36.4,FALSE,4.1,0,https://www.jumia.co.ke/samsung-galaxy-a17-6.7-hd-6gb-ram-128gb-rom-dual-sim-50mp-5000mah24-months-warrantyawesome-gifts-gray.-325431413.html,07/26/26 13:42,128,6,5000,50,Good,Mid-Range (15k-30k),0.519
smartphones,"Smarta 2, IPS LCD Display, 5"", 32GB ROM + 2GB RAM (Dual SIM), 3300mAh + FREE GIFTS(WATCH+EARPHONES+HEADPHONES+FLASH DISK)","Smarta 2, IPS LCD Display, 5"", 32GB ROM + 2GB RAM (Dual SIM), 3300mAh + FREE GIFTS(WATCH+EARPHONES+HEADPHONES+FLASH DISK)",3839,3999,4,FALSE,4.7,0,https://www.jumia.co.ke/neon-smarta-2-ips-lcd-display-5-32gb-rom-2gb-ram-dual-sim-3300mah-free-giftswatchearphonesheadphonesflash-disk-327743113.html,07/26/26 13:42,32,2,3300,,Excellent,Budget (<5k),0.482
smartphones,"Safaricom Neon Smarta 2, IPS LCD DISPLAY, 5"" Inches, 32GB STORAGE+ 2GB RAM (Dual SIM ), 3300mAh -+GIFTS .","Safaricom  Neon Smarta 2, IPS LCD DISPLAY, 5"" Inches, 32GB STORAGE+ 2GB RAM (Dual SIM ), 3300mAh -+GIFTS .",3490,5000,30.2,FALSE,3.4,0,https://www.jumia.co.ke/safaricom-neon-smarta-2-ips-lcd-display-5-inches-32gb-storage-2gb-ram-dual-sim-3300mah-gifts-.-327366873.html,07/26/26 13:42,32,2,3300,,Average,Budget (<5k),0.431
smartphones,"Samsung GALAXY A16, 6.7'' HD+, 4GB RAM + 128GB ROM, DUAL SIM, 50MP, 5000mAh + FREE GIFTS","Samsung  GALAXY A16, 6.7'' HD+, 4GB RAM + 128GB ROM, DUAL SIM, 50MP, 5000mAh + FREE GIFTS",17899,20500,12.7,FALSE,3.6,0,https://www.jumia.co.ke/samsung-galaxy-a16-6.7-hd-4gb-ram-128gb-rom-dual-sim-50mp-5000mah-free-gifts-325825502.html,07/26/26 13:42,128,4,5000,50,Good,Mid-Range (15k-30k),0.398
smartphones,"Corn Classy S26 Ultra, 6.67"", 64GB ROM+5GB (2+3 expanded) GB RAM, 5000mAh (Dual SIM) - Titanium (1YR WRTY)","Corn Classy S26 Ultra, 6.67"", 64GB ROM+5GB (2+3 expanded) GB RAM, 5000mAh (Dual SIM) - Titanium (1YR WRTY)",7999,14999,46.7,FALSE,3.8,0,https://www.jumia.co.ke/corn-classy-s26-ultra-6.67-64gb-rom5gb-23-expanded-gb-ram-5000mah-dual-sim-titanium-1yr-wrty-326002032.html,07/26/26 13:42,64,,5000,,Good,Entry (5k-15k),0.52
smartphones,"Infinix Hot 60i 4G""6.7-inch, 6GBRAM+128GB ROM' Battery: 5160mAh Black","Infinix Hot 60i 4G""6.7-inch, 6GBRAM+128GB ROM' Battery: 5160mAh Black",14999,16999,11.8,FALSE,3.6,0,https://www.jumia.co.ke/hot-60i-4g6.7-inch-6gbram128gb-rom-battery-5160mah-infinix-mpg9262044.html,07/26/26 13:42,128,6,5160,,Good,Entry (5k-15k),0.395
smartphones,"Safaricom Neon Smarta 2, IPS LCD DISPLAY, 5"" Inches, 32GB STORAGE+ 2GB RAM (Dual SIM ), 3300mAh -+FEATURE PHONE.","Safaricom  Neon Smarta 2, IPS LCD DISPLAY, 5"" Inches, 32GB STORAGE+ 2GB RAM (Dual SIM ), 3300mAh -+FEATURE PHONE.",3790,5000,24.2,FALSE,4.1,0,https://www.jumia.co.ke/safaricom-neon-smarta-2-ips-lcd-display-5-inches-32gb-storage-2gb-ram-dual-sim-3300mah-feature-phone.-327366845.html,07/26/26 13:42,32,2,3300,,Good,Budget (<5k),0.483
smartphones,"Apple iPhone 17 Pro Max, 6.9"", 256GB Cosmic Orange","Apple iPhone 17 Pro Max, 6.9"", 256GB Cosmic Orange",189490,250000,24.2,FALSE,0,0,https://www.jumia.co.ke/apple-iphone-17-pro-max-6.9-256gb-cosmic-orange-326097446.html,07/26/26 13:42,256,,,,No Rating,Luxury (>50k),0.073
smartphones,"Samsung Galaxy A15, 6.5'' Display, 4GB RAM + 128GB ROM (Dual Sim) 50MP, 5000mAh - Blue(2YRs WRTY)","Samsung Galaxy A15, 6.5'' Display, 4GB RAM + 128GB ROM (Dual Sim) 50MP,  5000mAh - Blue(2YRs WRTY)",17499,29999,41.7,FALSE,4.3,0,https://www.jumia.co.ke/samsung-galaxy-a15-6.5-display-4gb-ram-128gb-rom-dual-sim-50mp-5000mah-blue2yrs-wrty-175649804.html,07/26/26 13:42,128,4,5000,50,Good,Mid-Range (15k-30k),0.555
smartphones,"Samsung GALAXY AO6 6.7"" Display, 4GB RAM/128GB ROM (Dual Sim)50MP Camera,4G Nertwork, 5000mAh","Samsung GALAXY AO6 6.7"" Display, 4GB RAM/128GB ROM (Dual Sim)50MP Camera,4G Nertwork, 5000mAh",13999,15500,9.7,FALSE,4,0,https://www.jumia.co.ke/samsung-galaxy-ao6-6.7-display-4gb-ram128gb-rom-dual-sim50mp-camera4g-nertwork-5000mah-325391021.html,07/26/26 13:42,128,4,5000,50,Good,Entry (5k-15k),0.429
smartphones,Redmi 15C 128GB Storage Upto 8(4+4)GB Ram 6.9'' 50MP Main Cam +8MP front 6000mAh 33W Fast Charger -BLACK(1 YEAR WARRANTY) +FREE GIFTS(AIRPODS+C-C CABLE+SPEAKER+POWERBANK +WATCH),Redmi 15C 128GB Storage Upto 8(4+4)GB Ram 6.9'' 50MP Main Cam +8MP front 6000mAh 33W Fast Charger -BLACK(1 YEAR WARRANTY) +FREE GIFTS(AIRPODS+C-C CABLE+SPEAKER+POWERBANK +WATCH),15843,19999,20.8,FALSE,0,0,https://www.jumia.co.ke/redmi-15c-128gb-storage-upto-844gb-ram-6.9-50mp-main-cam-8mp-front-6000mah-33w-fast-charger-black1-year-warranty-free-giftsairpodsc-c-cablespeakerpowerbank-watch-327388258.html,07/26/26 13:42,128,,6000,50,No Rating,Mid-Range (15k-30k),0.062
smartphones,"Samsung GALAXY A17 5G, 6.7'' HD+, 8GB RAM + 256GB ROM, DUAL SIM, 50MP, 5000mAh","Samsung GALAXY A17 5G, 6.7'' HD+, 8GB RAM + 256GB ROM, DUAL SIM, 50MP, 5000mAh",27599,40999,32.7,FALSE,3.2,0,https://www.jumia.co.ke/samsung-galaxy-a17-5g-6.7-hd-8gb-ram-256gb-rom-dual-sim-50mp-5000mah-325637533.html,07/26/26 13:42,256,8,5000,50,Average,Mid-Range (15k-30k),0.418
smartphones,"Redmi Note 15 128GB ROM +6GB RAM 6.77"" 120Hz AMOLED Curved Display 108 MP Rear Camera 20MP Selfie 6000mAh Battery","Redmi Note 15 128GB ROM +6GB RAM 6.77"" 120Hz AMOLED Curved Display 108 MP Rear Camera 20MP Selfie 6000mAh Battery",26999,29980,9.9,FALSE,3.7,0,https://www.jumia.co.ke/redmi-note-15-128gb-rom-6gb-ram-6.77-120hz-amoled-curved-display-108-mp-rear-camera-20mp-selfie-6000mah-battery-327106083.html,07/26/26 13:42,128,6,6000,108,Good,Mid-Range (15k-30k),0.4
smartphones,"Samsung Galaxy S26 Ultra, 12GB RAM + 256GB ROM (Dual SIM), 5000mAh, Black","Samsung Galaxy S26 Ultra, 12GB RAM + 256GB ROM (Dual SIM), 5000mAh,  Black",128990,250000,48.4,FALSE,0,0,https://www.jumia.co.ke/samsung-galaxy-s26-ultra-12gb-ram-256gb-rom-dual-sim-5000mah-black-327156070.html,07/26/26 13:42,256,12,5000,,No Rating,Luxury (>50k),0.145
smartphones,"Oppo A6X 6.75'' Display, 256GB ROM + Up to 8GB RAM, 6500mAh 50MP Camera (Dual SIM) - Ice Blue (2 Years Warranty) + Earpods + Led Watch & Power bank","Oppo A6X 6.75'' Display, 256GB ROM + Up to 8GB RAM, 6500mAh 50MP Camera (Dual SIM) - Ice Blue (2 Years Warranty) + Earpods + Led Watch & Power bank",22399,29999,25.3,FALSE,4.5,0,https://www.jumia.co.ke/oppo-a6x-6.75-display-256gb-rom-up-to-8gb-ram-6500mah-50mp-camera-dual-sim-ice-blue-2-years-warranty-earpods-led-watch-power-bank-326659401.html,07/26/26 13:42,256,8,6500,50,Excellent,Mid-Range (15k-30k),0.526
smartphones,"Tecno Spark 50 4G, 6.78'', 128GB + 4GB RAM (+8GB Extended), 6700mAh (Dual SIM)- Ink Black","Tecno Spark 50 4G, 6.78'', 128GB + 4GB RAM (+8GB Extended), 6700mAh (Dual SIM)- Ink Black",17900,19999,10.5,FALSE,5,0,https://www.jumia.co.ke/tecno-spark-50-4g-6.78-128gb-4gb-ram-8gb-extended-6700mah-dual-sim-ink-black-327985629.html,07/26/26 13:43,128,4,6700,,Excellent,Mid-Range (15k-30k),0.532
smartphones,"Tecno SPARK 50 4G 256 GB ROM+ 8GB RAM 6.78"" SCREEN 120Hz Refresh Rate 6300 mAh Battery 50MP COMES WITH FREE STRAP WATCH , POWERBANK AND AIRPODS FOR YOU black","Tecno SPARK 50 4G 256 GB ROM+ 8GB RAM 6.78"" SCREEN 120Hz Refresh Rate 6300 mAh Battery 50MP COMES WITH FREE    STRAP WATCH , POWERBANK AND AIRPODS FOR YOU  black",20569,40999,49.8,FALSE,5,0,https://www.jumia.co.ke/tecno-spark-50-4g-256-gb-rom-8gb-ram-6.78-screen-120hz-refresh-rate-6300-mah-battery-50mp-comes-with-free-strap-watch-powerbank-and-airpods-for-you-black-327418767.html,07/26/26 13:43,256,8,6300,50,Excellent,Mid-Range (15k-30k),0.649
smartphones,"M Horse S25 ULTRA +, 8GB RAM + 128 GB ROM, 6.6'' display, 16MP +32MP CAMERA, 5000mAh, ANDROID 14 SMARTPHONE, FACE UNLOCK, WITH EARPODS AND SILICONE COVER.","M Horse S25 ULTRA +, 8GB RAM + 128 GB ROM, 6.6'' display, 16MP +32MP CAMERA, 5000mAh, ANDROID 14 SMARTPHONE, FACE UNLOCK, WITH EARPODS AND SILICONE COVER.",11949,21999,45.7,FALSE,0,0,https://www.jumia.co.ke/m-horse-s25-ultra-8gb-ram-128-gb-rom-6.6-display-16mp-32mp-camera-5000mah-android-14-smartphone-face-unlock-with-earpods-and-silicone-cover.-328599122.html,07/26/26 13:43,128,8,5000,16,No Rating,Entry (5k-15k),0.137
smartphones,"Safaricom Neon Smarta - 5.0"" Display, 2GB RAM, 32GB Storage, Dual SIM, 3300mAh","Safaricom  Neon Smarta - 5.0"" Display, 2GB RAM, 32GB Storage, Dual SIM, 3300mAh",3999,8999,55.6,FALSE,4.4,0,https://www.jumia.co.ke/safaricom-neon-smarta-5.0-display-2gb-ram-32gb-storage-dual-sim-3300mah-327805596.html,07/26/26 13:43,32,2,3300,,Good,Budget (<5k),0.607
smartphones,"Redmi 15C By Xiaomi, 6.9"", 4GB RAM + 128GB, 6000mAh (Dual Sim) 1 Year warranty - Black +LEDwatch+Earpods+Cable+Cardreader+Powerbank","Redmi 15C By Xiaomi, 6.9"", 4GB RAM + 128GB, 6000mAh (Dual Sim) 1 Year warranty - Black +LEDwatch+Earpods+Cable+Cardreader+Powerbank",15899,29999,47,FALSE,4,0,https://www.jumia.co.ke/redmi-15c-byxiaomi-6.9-4gb-ram-128gb-6000mah-dual-sim-1-year-warranty-black-ledwatchearpodscablecardreaderpowerbank-325233796.html,07/26/26 13:43,4,4,6000,,Good,Mid-Range (15k-30k),0.541
smartphones,"Samsung Galaxy A26 5G, 6.7'' 6GB RAM + 128GB ROM, 50MP -black","Samsung Galaxy A26 5G, 6.7'' 6GB RAM + 128GB ROM, 50MP -black",26499,37000,28.4,FALSE,4.3,0,https://www.jumia.co.ke/samsung-galaxy-a26-5g-6.7-6gb-ram-128gb-rom-50mp-black-325609833.html,07/26/26 13:43,128,6,,50,Good,Mid-Range (15k-30k),0.515
smartphones,"Safaricom Neon Smarta 2, IPS LCD Display, 5"", 32GB ROM + 2GB RAM (Dual SIM), 3300mAh","Safaricom Neon Smarta 2, IPS LCD Display, 5"", 32GB ROM + 2GB RAM (Dual SIM), 3300mAh",2880,3490,17.5,FALSE,5,0,https://www.jumia.co.ke/safaricom-neon-smarta-2-ips-lcd-display-5-32gb-rom-2gb-ram-dual-sim-3300mah-327490801.html,07/26/26 13:43,32,2,3300,,Excellent,Budget (<5k),0.552
smartphones,"Safaricom Neon Smarta 2, IPS LCD DISPLAY, 5"" Inches, 32GB ROM + 2GB RAM (Dual SIM), 3300mAh - BLACK","Safaricom Neon Smarta 2, IPS LCD DISPLAY, 5"" Inches, 32GB ROM + 2GB RAM (Dual SIM), 3300mAh - BLACK",2990,5999,50.2,FALSE,3.8,0,https://www.jumia.co.ke/safaricom-neon-smarta-2-ips-lcd-display-5-inches-32gb-rom-2gb-ram-dual-sim-3300mah-black-326283163.html,07/26/26 13:43,32,2,3300,,Good,Budget (<5k),0.531
smartphones,"Infinix Hot 60i 4G, 6.7"", 8GB RAM, 256GB, 5160mAh, Black + Plus Free Gifts.","Infinix Hot 60i 4G, 6.7"", 8GB RAM, 256GB, 5160mAh, Black + Plus Free Gifts.",18150,30000,39.5,FALSE,4.2,0,https://www.jumia.co.ke/infinix-hot-60i-4g-6.7-8gb-ram-256gb-5160mah-black-plus-free-gifts.-319432690.html,07/26/26 13:43,8,8,5160,,Good,Mid-Range (15k-30k),0.538
smartphones,"XIAOMI Xiaomi Redmi Note 15 Pro - 6.83"" AMOLED, 256GB, 8GB RAM, 4G, 50MP Camera, Dual SIM, Black","XIAOMI Xiaomi Redmi Note 15 Pro - 6.83"" AMOLED, 256GB, 8GB RAM, 4G, 50MP Camera, Dual SIM, Black",34450,50000,31.1,FALSE,3.8,0,https://www.jumia.co.ke/xiaomi-xiaomi-redmi-note-15-pro-6.83-amoled-256gb-8gb-ram-4g-50mp-camera-dual-sim-black-305048838.html,07/26/26 13:43,256,8,,50,Good,Premium (30k-50k),0.473
smartphones,"Samsung Galaxy A26 5G, 6.7"", 256GB + 8GB RAM (Dual SIM), 5000mAh, Awesome Black","Samsung Galaxy A26 5G, 6.7"", 256GB + 8GB RAM (Dual SIM), 5000mAh, Awesome Black",30690,50000,38.6,FALSE,4.5,0,https://www.jumia.co.ke/samsung-galaxy-a26-5g6.7-256gb-8gb-ram-dual-sim-5000mah-awesome-black-315259176.html,07/26/26 13:43,256,8,5000,,Excellent,Premium (30k-50k),0.566
smartphones,"Samsung GALAXY A16, 6.7'' HD+, 4GB RAM + 128GB ROM, DUAL SIM, 50MP, 5000mAh Led watch + powerbank + airpods black","Samsung GALAXY A16, 6.7'' HD+, 4GB RAM + 128GB ROM, DUAL SIM, 50MP, 5000mAh Led watch +  powerbank + airpods   black",17599,40999,57.1,FALSE,5,0,https://www.jumia.co.ke/samsung-galaxy-a16-6.7-hd-4gb-ram-128gb-rom-dual-sim-50mp-5000mah-led-watch-powerbank-airpods-black-326856389.html,07/26/26 13:43,128,4,5000,50,Excellent,Mid-Range (15k-30k),0.671
smartphones,"Samsung Galaxy A17, 6.7"", 4GB RAM + 128GB, 5000mAh,COMES WITH FREE LED WATCH , DUAL OTG AND AIRPODS FOR YOU(2YRs WRTY) GREY","Samsung  Galaxy A17, 6.7"", 4GB RAM + 128GB, 5000mAh,COMES WITH FREE LED WATCH , DUAL OTG AND AIRPODS  FOR YOU(2YRs WRTY)  GREY",19199,40999,53.2,FALSE,4,0,https://www.jumia.co.ke/samsung-galaxy-a17-6.7-4gb-ram-128gb-5000mahcomes-with-free-led-watch-dual-otg-and-airpods-for-you2yrs-wrty-grey-326394539.html,07/26/26 13:43,4,4,5000,,Good,Mid-Range (15k-30k),0.56
smartphones,Samsung Galaxy s22 ultra 12+512gb dual sim with esim brand new,Samsung Galaxy s22 ultra 12+512gb dual sim with esim brand new,63100,78000,19.1,FALSE,0,0,https://www.jumia.co.ke/samsung-galaxy-s22-ultra-12512gb-dual-sim-with-esim-brand-new-327119195.html,07/26/26 13:43,,,,,No Rating,Luxury (>50k),0.057
smartphones,"Redmi 15C By Xiaomi, 6.9"", 4GB RAM +128GB, 6000mAh WITH FREE GIFTS ( AIRPODS + LED WATCH +POWERBANK ) - Black","Redmi 15C By Xiaomi, 6.9"", 4GB RAM +128GB, 6000mAh WITH FREE GIFTS ( AIRPODS + LED WATCH +POWERBANK ) - Black",16479,30999,46.8,FALSE,3.8,0,https://www.jumia.co.ke/redmi-15c-byxiaomi-6.9-4gb-ram-128gb-6000mah-with-free-gifts-airpods-led-watch-powerbank-black-325233624.html,07/26/26 13:43,4,4,6000,,Good,Mid-Range (15k-30k),0.52
smartphones,"Samsung Galaxy Z Flip3 256GB 8GB RAM 6.7” Foldable AMOLED, Dual Camera, 5G Smartphone","Samsung Galaxy Z Flip3 256GB 8GB RAM 6.7” Foldable AMOLED, Dual Camera, 5G Smartphone",39200,64000,38.8,FALSE,0,0,https://www.jumia.co.ke/samsung-galaxy-z-flip3-256gb-8gb-ram-6.7-foldable-amoled-dual-camera-5g-smartphone-327194861.html,07/26/26 13:43,256,8,,,No Rating,Premium (30k-50k),0.116
smartphones,"XIAOMI Redmi 15C, 6.9'',up to 16GB Extended RAM+ 256GB Storage, Battery: 6000 mAh,1 YEAR WARRANTY - Black + LED Watch + Earpods + Card Reader + Cable + Power bank","XIAOMI Redmi 15C, 6.9'',up to 16GB Extended RAM+ 256GB Storage, Battery: 6000 mAh,1 YEAR WARRANTY - Black + LED Watch + Earpods + Card Reader + Cable + Power bank",21399,29999,28.7,FALSE,4.4,0,https://www.jumia.co.ke/xiaomi-redmi-15c-6.9up-to-16gb-extended-ram-256gb-storage-battery-6000-mah1-year-warranty-black-led-watch-earpods-card-reader-cable-power-bank-325233729.html,07/26/26 13:43,256,,6000,,Good,Mid-Range (15k-30k),0.526
smartphones,"Tecno SPARK 50 4G 128GB ROM+ 4GB RAM 6.78"" SCREEN 120Hz Refresh Rate 7000mAh Battery 50MP CAMERA ANDROID 16+1 YEAR WARRANTY....","Tecno  SPARK 50 4G 128GB ROM+ 4GB RAM 6.78"" SCREEN 120Hz Refresh Rate 7000mAh Battery 50MP CAMERA ANDROID 16+1 YEAR WARRANTY....",19899,29999,33.7,FALSE,4,0,https://www.jumia.co.ke/tecno-spark-50-4g-128gb-rom-4gb-ram-6.78-screen-120hz-refresh-rate-7000mah-battery-50mp-camera-android-161-year-warranty....-327632256.html,07/26/26 13:43,128,4,7000,50,Good,Mid-Range (15k-30k),0.501
smartphones,"Tecno SPARK 50 4G 256GB ROM+ 16GB RAM 6.78"" SCREEN 120Hz Refresh Rate 7000mAh Battery 50MP CAMERA ANDROID 16 COMES WITH FREE LED WATCH , POWERBANK AND AIRPODS FOR YOU blue","Tecno SPARK 50 4G 256GB ROM+ 16GB RAM 6.78"" SCREEN 120Hz Refresh Rate 7000mAh Battery 50MP CAMERA ANDROID 16 COMES WITH FREE    LED WATCH , POWERBANK AND AIRPODS FOR YOU  blue",20569,30999,33.6,FALSE,3.7,0,https://www.jumia.co.ke/tecno-spark-50-4g-256gb-rom-16gb-ram-6.78-screen-120hz-refresh-rate-7000mah-battery-50mp-camera-android-16-comes-with-free-led-watch-powerbank-and-airpods-for-you-blue-327607053.html,07/26/26 13:43,256,16,7000,50,Good,Mid-Range (15k-30k),0.471
smartphones,"XIAOMI Redmi 14C - 6.88"" - 16GB RAM - 256GB","XIAOMI  Redmi 14C - 6.88"" - 16GB RAM - 256GB",17499,21999,20.5,FALSE,3.3,0,https://www.jumia.co.ke/xiaomi-redmi-14c-6.88-16gb-ram-256gb-327979396.html,07/26/26 13:43,16,16,,,Average,Mid-Range (15k-30k),0.391
smartphones,"Tecno CAMON 50 PRO_6.78"" Curved AMOLED 144Hz 1.5K_ 256GB ROM+8GB RAM ( +8GB Extended) (Daul Sim)_Sony LYTIA 700C 50MP Camera (4G)_ 6150mAh 45W - Black + Free Gifts (13 months)","Tecno CAMON 50 PRO_6.78"" Curved AMOLED 144Hz 1.5K_ 256GB ROM+8GB RAM ( +8GB Extended) (Daul Sim)_Sony LYTIA 700C 50MP Camera (4G)_ 6150mAh 45W - Black  + Free Gifts (13 months)",41449,45999,9.9,FALSE,4.3,0,https://www.jumia.co.ke/tecno-camon-50-pro6.78-curved-amoled-144hz-1.5k-256gb-rom8gb-ram-8gb-extended-daul-simsony-lytia-700c-50mp-camera-4g-6150mah-45w-black-free-gifts-13-months-326943497.html,07/26/26 13:43,256,8,6150,50,Good,Premium (30k-50k),0.46
smartphones,"Tecno Pop 20 Smartphone - 6.75"" Display, 64GB Storage, 4GB RAM, 4G, Titanium Grey","Tecno  Pop 20 Smartphone - 6.75"" Display, 64GB Storage, 4GB RAM, 4G, Titanium Grey",14300,16999,15.9,FALSE,5,0,https://www.jumia.co.ke/tecno-pop-20-smartphone-6.75-display-64gb-storage-4gb-ram-4g-titanium-grey-328005384.html,07/26/26 13:43,64,4,,,Excellent,Entry (5k-15k),0.548
smartphones,"Samsung Galaxy A07, 6.7'', 4GB RAM + 128GB Storage (Dual), 5000mAh Battery-2 YEARS WARRANTY with complete charger","Samsung Galaxy A07, 6.7'', 4GB RAM + 128GB Storage (Dual), 5000mAh Battery-2 YEARS WARRANTY with complete charger",15399,19999,23,FALSE,4.5,0,https://www.jumia.co.ke/samsung-galaxy-a07-6.7-4gb-ram-128gb-storage-dual-5000mah-battery-2-years-warranty-with-complete-charger-325428438.html,07/26/26 13:43,128,4,5000,,Excellent,Mid-Range (15k-30k),0.519
smartphones,"Samsung Galaxy A36 5G, 6.7"", 256GB + 8GB RAM (Dual SIM), 5000mAh, Awesome Lime","Samsung Galaxy A36 5G, 6.7"", 256GB + 8GB RAM (Dual SIM), 5000mAh, Awesome Lime",37885,49999,24.2,FALSE,4,0,https://www.jumia.co.ke/samsung-galaxy-a36-5g-6.7-256gb-8gb-ram-dual-sim-5000mah-awesome-lime-326311816.html,07/26/26 13:43,256,8,5000,,Good,Premium (30k-50k),0.473
smartphones,"Oale Pop9 4G,6.6 Inches,Dual SIM,3GB Ram And 64GB Rom,fingerprint Enabled,big Battery 5075,Type C Charger - & Free Gift..","Oale Pop9 4G,6.6 Inches,Dual SIM,3GB Ram And 64GB Rom,fingerprint Enabled,big Battery 5075,Type C Charger - & Free Gift..",8000,10500,23.8,FALSE,5,0,https://www.jumia.co.ke/oale-pop9-4g6.6-inchesdual-sim3gb-ram-and-64gb-romfingerprint-enabledbig-battery-5075type-c-charger-free-gift..-319301495.html,07/26/26 13:43,64,3,,,Excellent,Entry (5k-15k),0.571
smartphones,Nokia 2720 Flip 4G - Dual SIM - Black,Nokia  2720 Flip 4G - Dual SIM - Black,2590,5000,48.2,FALSE,3.8,0,https://www.jumia.co.ke/nokia-2720-flip-4g-dual-sim-black-326676904.html,07/26/26 13:43,,,,,Good,Budget (<5k),0.525
smartphones,"Samsung Galaxy A17 5G, 6.7"", 256GB + 8GB RAM (Dual SIM), 5000mAh, Black","Samsung Galaxy A17 5G, 6.7"", 256GB + 8GB RAM (Dual SIM), 5000mAh, Black",27500,40000,31.2,FALSE,4.3,0,https://www.jumia.co.ke/samsung-galaxy-a17-5g-6.7-256gb-8gb-ram-dual-sim-5000mah-black-326347468.html,07/26/26 13:43,256,8,5000,,Good,Mid-Range (15k-30k),0.524
smartphones,"XIAOMI Redmi Note 15 Pro, 6.77"", 8GB RAM + 256GB (Dual SIM), 200MP CAMERA, 6500mAh (25 Months Warranty)- Black + Led Watch + Earpods & Power bank","XIAOMI Redmi Note 15 Pro, 6.77"", 8GB RAM + 256GB (Dual SIM), 200MP CAMERA, 6500mAh (25 Months Warranty)- Black + Led Watch + Earpods & Power bank",34699,50000,30.6,FALSE,4.2,0,https://www.jumia.co.ke/xiaomi-redmi-note-15-pro-6.77-8gb-ram-256gb-dual-sim-200mp-camera-6500mah-25-months-warranty-black-led-watch-earpods-power-bank-326689178.html,07/26/26 13:43,8,8,6500,200,Good,Premium (30k-50k),0.512
smartphones,"Tecno Pop 20 ,6.75 inch display, Up to 8GB RAM + 128GB storage, 5000mAh Battery (1 YEAR WARRANTY) +Earpods+powerbank+LEd Watch & Card reader","Tecno Pop 20 ,6.75 inch display, Up to 8GB RAM + 128GB storage, 5000mAh Battery (1 YEAR WARRANTY) +Earpods+powerbank+LEd Watch & Card reader",17899,19999,10.5,FALSE,5,0,https://www.jumia.co.ke/tecno-pop-20-6.75-inch-display-up-to-8gb-ram-128gb-storage-5000mah-battery-1-year-warranty-earpodspowerbankled-watch-card-reader-326923914.html,07/26/26 13:43,128,8,5000,,Excellent,Mid-Range (15k-30k),0.532
smartphones,Samsung GALAXY A36 5G 6.7 DISPLAY 8GB RAM + 256 ROM 5000Mah BATTERY DUAL SIM....WATCH ADAPTER,Samsung GALAXY A36 5G 6.7 DISPLAY 8GB RAM + 256 ROM 5000Mah BATTERY DUAL SIM....WATCH ADAPTER,38250,60000,36.2,FALSE,4.7,0,https://www.jumia.co.ke/samsung-galaxy-a36-5g-6.7-display-8gb-ram-256-rom-5000mah-battery-dual-sim....watch-adapter-311071261.html,07/26/26 13:43,8,8,5000,,Excellent,Premium (30k-50k),0.579
smartphones,"Redmi 15C By Xiaomi Smartphone, 6.9"", 8GB RAM+ 256GB (Dual SIM), 6000mAh, 1 YEAR WARRANTY - Black","Redmi 15C By Xiaomi Smartphone, 6.9"", 8GB RAM+ 256GB (Dual SIM), 6000mAh, 1 YEAR WARRANTY - Black",20899,29999,30.3,FALSE,4.1,0,https://www.jumia.co.ke/redmi-15c-byxiaomi-smartphone-6.9-8gb-ram-256gb-dual-sim-6000mah-1-year-warranty-black-325383506.html,07/26/26 13:43,8,8,6000,,Good,Mid-Range (15k-30k),0.501
smartphones,"Smarta 2, IPS LCD DISPLAY, 5"" Inches, 32GB ROM + 2GB RAM (Dual SIM), 3300mAh - BLACK+FREE GIFTS (SPEAKER+POWERBANK+EARPODS+FLASH DISK+HEADPHONES+CABLE)","Smarta 2, IPS LCD DISPLAY, 5"" Inches, 32GB ROM + 2GB RAM (Dual SIM), 3300mAh - BLACK+FREE GIFTS (SPEAKER+POWERBANK+EARPODS+FLASH DISK+HEADPHONES+CABLE)",4449,4890,9,FALSE,3.8,0,https://www.jumia.co.ke/neon-smarta-2-ips-lcd-display-5-inches-32gb-rom-2gb-ram-dual-sim-3300mah-blackfree-gifts-speakerpowerbankearpodsflash-diskheadphonescable-327722614.html,07/26/26 13:43,32,2,3300,,Good,Budget (<5k),0.407
smartphones,"Samsung GALAXY A17, 6.7'' HD+, 8GB RAM + 256GB ROM, DUAL SIM, 50MP, 5000mAh COMES WITH FREE GIFTS (C TO C HEADER + SILICONE COVER ) FOR YOU","Samsung GALAXY A17, 6.7'' HD+, 8GB RAM + 256GB ROM, DUAL SIM, 50MP, 5000mAh  COMES WITH FREE GIFTS (C TO C HEADER  + SILICONE COVER  ) FOR YOU",24999,40999,39,FALSE,5,0,https://www.jumia.co.ke/samsung-galaxy-a17-6.7-hd-8gb-ram-256gb-rom-dual-sim-50mp-5000mah-comes-with-free-gifts-c-to-c-header-silicone-cover-for-you-325390728.html,07/26/26 13:43,256,8,5000,50,Excellent,Mid-Range (15k-30k),0.617
smartphones,"Redmi 15C By Xiaomi, 6.9"", 8GB RAM + 256GB, 6000mAh (Dual SIM) - Green (1 YR WRTY)+ LED Watch+ EarPods+ Cable+ Card Reader+ Power bank","Redmi 15C By Xiaomi, 6.9"", 8GB RAM + 256GB, 6000mAh (Dual SIM) - Green (1 YR WRTY)+ LED Watch+ EarPods+ Cable+ Card Reader+ Power bank",21599,35999,40,FALSE,3.9,0,https://www.jumia.co.ke/redmi-15c-byxiaomi-6.9-8gb-ram-256gb-6000mah-dual-sim-green-1-yr-wrty-led-watch-earpods-cable-card-reader-power-bank-325233848.html,07/26/26 13:43,8,8,6000,,Good,Mid-Range (15k-30k),0.51
smartphones,"Safaricom BRAND NEW Smarta 2, IPS LCD DISPLAY, 5"" Inches, 32GB ROM + 2GB RAM (Dual SIM), 3300mAh - BLACK","Safaricom BRAND NEW Smarta 2, IPS LCD DISPLAY, 5"" Inches, 32GB ROM + 2GB RAM (Dual SIM), 3300mAh - BLACK",2819,3299,14.5,FALSE,0,0,https://www.jumia.co.ke/safaricom-brand-new-smarta-2-ips-lcd-display-5-inches-32gb-rom-2gb-ram-dual-sim-3300mah-black-328015703.html,07/26/26 13:43,32,2,3300,,No Rating,Budget (<5k),0.044
smartphones,Apple iPhone Xr 256gb IN 17Pro Chassis,Apple iPhone Xr 256gb IN 17Pro Chassis,35600,48999,27.3,FALSE,4,0,https://www.jumia.co.ke/apple-iphone-xr-256gb-in-17pro-chassis-327376352.html,07/26/26 13:43,,,,,Good,Premium (30k-50k),0.482
smartphones,"Samsung Galaxy S22 Ultra, 5G","Samsung Galaxy S22 Ultra, 5G",51400,57999,11.4,FALSE,0,0,https://www.jumia.co.ke/samsung-galaxy-s22-ultra-5g-326174045.html,07/26/26 13:43,,,,,No Rating,Luxury (>50k),0.034
smartphones,"XIAOMI Redmi Note 15, 6.77"" Curved Screen, 8GB RAM + 256GB, 108MP Camera, 6000mAh, Black (25 Months Warranty)","XIAOMI Redmi Note 15, 6.77"" Curved Screen, 8GB RAM + 256GB, 108MP Camera, 6000mAh, Black (25 Months Warranty)",27399,39999,31.5,FALSE,4.7,0,https://www.jumia.co.ke/xiaomi-redmi-note-15-6.77-curved-screen-8gb-ram-256gb-108mp-camera-6000mah-black-25-months-warranty-326253168.html,07/26/26 13:43,8,8,6000,108,Excellent,Mid-Range (15k-30k),0.564
smartphones,"Itel A200 6.75-INCH DISPLAY 3GB RAM + 128GB ROM ,BATTERY 5000mAh ANDROID 15 CAMERA 13MP MAIN+ 5MP FRONT DUAL SIM Plus Watch, power bank and pod","Itel A200 6.75-INCH DISPLAY 3GB RAM + 128GB ROM ,BATTERY 5000mAh ANDROID 15 CAMERA 13MP MAIN+ 5MP FRONT DUAL SIM Plus Watch, power bank and pod",15299,20000,23.5,FALSE,2,0,https://www.jumia.co.ke/itel-a200-6.75-inch-display-3gb-ram-128gb-rom-battery-5000mah-android-15-camera-13mp-main-5mp-front-dual-sim-plus-watch-power-bank-and-pod-327598901.html,07/26/26 13:43,128,3,5000,13,Poor,Mid-Range (15k-30k),0.27
smartphones,"Corn Classy S26 Ultra, 6.67"", 64GB ROM+5GB (2+3 expanded) 5GB RAM, 5000mAh (Dual SIM) - Black (1YR WRTY)","Corn Classy S26 Ultra, 6.67"", 64GB ROM+5GB (2+3 expanded) 5GB RAM, 5000mAh (Dual SIM) - Black (1YR WRTY)",7999,14999,46.7,FALSE,5,0,https://www.jumia.co.ke/corn-classy-s26-ultra-6.67-64gb-rom5gb-23-expanded-5gb-ram-5000mah-dual-sim-black-1yr-wrty-326002016.html,07/26/26 13:43,64,5,5000,,Excellent,Entry (5k-15k),0.64
smartphones,"Infinix Hot 60i 4G""6.7-inch,12 GB(6+6)RAM+128GB ROM' Battery: 5160mAh COMES WITH FREE GIFTS ( AIRPODS + LED WATCH +POWERBANK ) FOR YOU","Infinix Hot 60i 4G""6.7-inch,12 GB(6+6)RAM+128GB ROM' Battery: 5160mAh COMES WITH FREE GIFTS ( AIRPODS + LED WATCH +POWERBANK ) FOR YOU",16599,30999,46.5,FALSE,4.1,0,https://www.jumia.co.ke/infinix-hot-60i-4g6.7-inch12-gb66ram128gb-rom-battery-5160mah-comes-with-free-gifts-airpods-led-watch-powerbank-for-you-324994853.html,07/26/26 13:43,128,,5160,,Good,Mid-Range (15k-30k),0.55
smartphones,"Tecno CAMON 50 PRO,6.78"", Up to 16GB RAM + 256GB, 5200mAh - Black + FREE GIFTS","Tecno CAMON 50 PRO,6.78"", Up to 16GB RAM + 256GB, 5200mAh - Black + FREE GIFTS",38999,45000,13.3,FALSE,4.2,0,https://www.jumia.co.ke/tecno-camon-50-pro6.78-up-to-16gb-ram-256gb-5200mah-black-free-gifts-312785893.html,07/26/26 13:43,16,16,5200,,Good,Premium (30k-50k),0.46
smartphones,"Redmi Note 15 256GB ROM +8 GB RAM 6.77"" 120Hz AMOLED Curved Display 108 MP Rear Camera 20MP Selfie 6000mAh Battery","Redmi   Note 15 256GB ROM +8 GB RAM 6.77"" 120Hz AMOLED Curved Display 108 MP Rear Camera 20MP Selfie 6000mAh Battery",28999,35899,19.2,FALSE,0,0,https://www.jumia.co.ke/redmi-note-15-256gb-rom-8-gb-ram-6.77-120hz-amoled-curved-display-108-mp-rear-camera-20mp-selfie-6000mah-battery-328451399.html,07/26/26 13:43,256,8,6000,108,No Rating,Mid-Range (15k-30k),0.058
smartphones,"Samsung GALAXY A17, 6.7'' HD+, 4GB RAM + 128GB ROM, DUAL SIM, 50MP, 5000mAh COMES WITH FREE GIFTS (C TO C HEADER + SILICONE COVER ) FOR YOU (Black)","Samsung GALAXY A17, 6.7'' HD+, 4GB RAM + 128GB ROM, DUAL SIM, 50MP, 5000mAh COMES WITH FREE GIFTS (C TO C HEADER  + SILICONE COVER  ) FOR YOU (Black)",19849,40999,51.6,FALSE,3.9,0,https://www.jumia.co.ke/samsung-galaxy-a17-6.7-hd-4gb-ram-128gb-rom-dual-sim-50mp-5000mah-comes-with-free-gifts-c-to-c-header-silicone-cover-for-you-black-325397150.html,07/26/26 13:43,128,4,5000,50,Good,Mid-Range (15k-30k),0.545
smartphones,"Infinix HOT 60 Pro Plus 6.78'' Inches, AMOLED (Curved Screen) Up to 16GB RAM & 256GB ROM, 5160mAh Battery - Sleek Black+Smartwatch+Powerbank+Earbuds","Infinix HOT 60 Pro Plus 6.78'' Inches, AMOLED (Curved Screen) Up to 16GB RAM & 256GB ROM, 5160mAh Battery -  Sleek Black+Smartwatch+Powerbank+Earbuds",29499,35999,18.1,FALSE,3.8,0,https://www.jumia.co.ke/infinix-hot-60-pro-plus-6.78-inches-amoled-curved-screen-up-to-16gb-ram-256gb-rom-5160mah-battery-sleek-blacksmartwatchpowerbankearbuds-325267054.html,07/26/26 13:43,256,16,5160,,Good,Mid-Range (15k-30k),0.434
smartphones,Corn S26 Ultra UpTo 5gb+64gb storage 5000MAh battery 6.6screen Fingerprint Dual sim-Blue,Corn S26 Ultra UpTo 5gb+64gb storage 5000MAh battery 6.6screen Fingerprint Dual sim-Blue,7999,15990,50,FALSE,4,0,https://www.jumia.co.ke/corn-s26-ultra-upto-5gb64gb-storage-5000mah-battery-6.6screen-fingerprint-dual-sim-blue-327608890.html,07/26/26 13:43,,,5000,,Good,Entry (5k-15k),0.55
smartphones,"Samsung A36 5G, 6.6"", 256GB + 8GB RAM (Dual SIM), 50MP, 5000mAh - Awesome Black","Samsung A36 5G, 6.6"", 256GB + 8GB RAM (Dual SIM), 50MP, 5000mAh -  Awesome Black",37100,47800,22.4,FALSE,4.6,0,https://www.jumia.co.ke/samsung-a36-5g-6.6-256gb-8gb-ram-dual-sim-50mp-5000mah-awesome-black-325733835.html,07/26/26 13:43,256,8,5000,50,Excellent,Premium (30k-50k),0.527
smartphones,"Itel RS4 6.56"" 8GB RAM +256 GB, 5000 mAh, DUAL SIM, 4G (2YRs WRTY)BLACK","Itel RS4 6.56"" 8GB RAM +256 GB, 5000 mAh, DUAL SIM, 4G (2YRs WRTY)BLACK",16599,20000,17,FALSE,3.4,0,https://www.jumia.co.ke/itel-rs4-6.56-8gb-ram-256-gb-5000-mah-dual-sim-4g-2yrs-wrtyblack-325022892.html,07/26/26 13:43,8,8,5000,,Average,Mid-Range (15k-30k),0.391
smartphones,"Vivo Y21d (6GB RAM + 256GB ROM) - 6500mAh 5-Year Health Battery, IP69+ Waterproof, 44W FlashCharge, 90Hz Display-Coral Red+Smartwatch+otg+Power Bank+USB drive","Vivo  Y21d (6GB RAM + 256GB ROM) - 6500mAh 5-Year Health Battery, IP69+ Waterproof, 44W FlashCharge, 90Hz Display-Coral Red+Smartwatch+otg+Power Bank+USB drive",24249,26249,7.6,FALSE,4.7,0,https://www.jumia.co.ke/vivo-y21d-6gb-ram-256gb-rom-6500mah-5-year-health-battery-ip69-waterproof-44w-flashcharge-90hz-display-coral-redsmartwatchotgpower-bankusb-drive-325755032.html,07/26/26 13:43,256,6,6500,,Excellent,Mid-Range (15k-30k),0.493
smartphones,"Apple iPhone 17 Pro Max, 6.9"", 512GB Cosmic Orange","Apple iPhone 17 Pro Max, 6.9"", 512GB Cosmic Orange",229999,300000,23.3,FALSE,0,0,https://www.jumia.co.ke/apple-iphone-17-pro-max-6.9-512gb-cosmicorange-326097492.html,07/26/26 13:43,512,,,,No Rating,Luxury (>50k),0.07
smartphones,"Redmi 15C By Xiaomi, 6.88 inches,(4+4)8GB RAM+128GB ROM, 5000mAh - Green COMES WITH FREE GIFTS ( AIRPODS + SMART WATCH +POWERBANK ) FOR YOU","Redmi 15C By Xiaomi, 6.88 inches,(4+4)8GB RAM+128GB ROM, 5000mAh - Green COMES WITH FREE GIFTS ( AIRPODS + SMART WATCH +POWERBANK ) FOR YOU",16489,30999,46.8,FALSE,4.4,0,https://www.jumia.co.ke/redmi-15c-6.88-inches448gb-ram128gb-rombattery-5000-mah-comes-with-free-gifts-airpods-smart-watch-powerbank-for-you-xiaomi-mpg9119363.html,07/26/26 13:43,128,8,5000,,Good,Mid-Range (15k-30k),0.58
smartphones,"Oppo A83 5.7” HD+ FullView Display, 4GB RAM 32GB Storage, 13MP Camera, Face Unlock, Dual SIM, 4G LTE Smartphone","Oppo A83 5.7” HD+ FullView Display, 4GB RAM 32GB Storage, 13MP Camera, Face Unlock, Dual SIM, 4G LTE Smartphone",5700,7800,26.9,FALSE,3.5,0,https://www.jumia.co.ke/oppo-a83-5.7-hd-fullview-display-4gb-ram-32gb-storage-13mp-camera-face-unlock-dual-sim-4g-lte-smartphone-327720833.html,07/26/26 13:43,32,4,,13,Good,Entry (5k-15k),0.431
smartphones,"XIAOMI Redmi Note 15, 6.77"", 8GB RAM + 256GB ROM, 6000mAh, Black (25 Months Warranty) blue+free cable+Magsafe powerbank","XIAOMI  Redmi Note 15, 6.77"", 8GB RAM + 256GB ROM, 6000mAh, Black (25 Months Warranty) blue+free cable+Magsafe powerbank",27999,39999,30,FALSE,5,0,https://www.jumia.co.ke/xiaomi-redmi-note-15-6.77-8gb-ram-256gb-rom-6000mah-black-25-months-warranty-bluefree-cablemagsafe-powerbank-327272716.html,07/26/26 13:43,256,8,6000,,Excellent,Mid-Range (15k-30k),0.59
smartphones,"Tecno SPARK 50 4G 256GB ROM+ 8GB RAM 6.78"" SCREEN 120Hz Refresh Rate 6300 mAh Battery 50MP CAMERA ANDROID 16 COMES WITH FREE GIFTS+13 MONTHS WARRANTY","Tecno SPARK 50 4G 256GB ROM+ 8GB RAM 6.78"" SCREEN 120Hz Refresh Rate 6300 mAh Battery 50MP CAMERA ANDROID 16 COMES WITH FREE GIFTS+13 MONTHS WARRANTY",21350,35000,39,FALSE,3,0,https://www.jumia.co.ke/tecno-spark-50-4g-256gb-rom-8gb-ram-6.78-screen-120hz-refresh-rate-6300-mah-battery-50mp-camera-android-16-comes-with-free-gifts13-months-warranty-327784282.html,07/26/26 13:43,256,8,6300,50,Average,Mid-Range (15k-30k),0.417
smartphones,"Corn C16 Pro Max 64GB Storage +5(2+3Extended ) RamUnlocked Cell Phone, Android 6.6""HD +WATERDROP SCREEN 13MP Main Camera,8mp Front camera 5000mAh Dual SIM, Face ID, smart Phone purple","Corn C16 Pro Max 64GB Storage +5(2+3Extended ) RamUnlocked Cell Phone, Android 6.6""HD +WATERDROP SCREEN 13MP Main Camera,8mp Front camera 5000mAh Dual SIM, Face ID, smart Phone   purple",8199,20999,61,TRUE,0,0,https://www.jumia.co.ke/corn-c16-pro-max-64gb-storage-523extended-ramunlocked-cell-phone-android-6.6hd-waterdrop-screen-13mp-main-camera8mp-front-camera-5000mah-dual-sim-face-id-smart-phone-purple-327031927.html,07/26/26 13:43,64,,5000,13,No Rating,Entry (5k-15k),0.183
smartphones,"Samsung Galaxy A06, 6.7'' Display, 4GB RAM + 64GB ROM (Dual Sim) 50MP Camera, 5000mAh - Light Blue","Samsung Galaxy A06, 6.7'' Display, 4GB RAM + 64GB ROM (Dual Sim) 50MP Camera, 5000mAh - Light Blue",12299,19999,38.5,FALSE,4.1,0,https://www.jumia.co.ke/samsung-galaxy-a06-6.7-display-4gb-ram-64gb-rom-dual-sim-50mp-camera-5000mah-light-blue-278228233.html,07/26/26 13:43,64,4,5000,50,Good,Entry (5k-15k),0.526
smartphones,"Corn CPHONE 17PRO MAX, 6.6"", 64GB Storage +5(2+3Extended) RAM, 5000mAh (Dual SIM) - ORANGE (2YR WRTY).","Corn  CPHONE 17PRO MAX, 6.6"", 64GB Storage +5(2+3Extended) RAM, 5000mAh (Dual SIM) - ORANGE (2YR WRTY).",7749,14999,48.3,FALSE,4.1,0,https://www.jumia.co.ke/corn-cphone-17pro-max-6.6-64gb-storage-523extended-ram-5000mah-dual-sim-orange-2yr-wrty.-326002021.html,07/26/26 13:43,64,,5000,,Good,Entry (5k-15k),0.555
smartphones,"Samsung Galaxy M36 5G, 6.7"", 128GB + 6GB (Dual SIM), 5000mAh, Light Green","Samsung Galaxy M36 5G, 6.7"", 128GB + 6GB (Dual SIM), 5000mAh, Light Green",24390,30000,18.7,FALSE,4.9,0,https://www.jumia.co.ke/samsung-galaxy-m36-5g-6.7-128gb-6gb-dual-sim-5000mah-lightgreen-325604247.html,07/26/26 13:43,128,,5000,,Excellent,Mid-Range (15k-30k),0.546
smartphones,"Safaricom Neon Smarta 2, 5"", 32GB + 2GB RAM (Dual SIM), 3300mAh, Black//WZ//Plus Free Phone","Safaricom Neon Smarta 2, 5"", 32GB + 2GB RAM (Dual SIM), 3300mAh, Black//WZ//Plus Free Phone",3599,5500,34.6,FALSE,2,0,https://www.jumia.co.ke/safaricom-neon-smarta-2-5-32gb-2gb-ram-dual-sim-3300mah-blackwzplus-free-phone-327479485.html,07/26/26 13:43,32,2,3300,,Poor,Budget (<5k),0.304
smartphones,"Infinix Hot 60i 4G""6.7-inch, 6GBRAM+128GB ROM' Battery: 5000mAh - Silver+ LED Watch+powerbank+Earpods+Card Reader - Silver","Infinix  Hot 60i 4G""6.7-inch, 6GBRAM+128GB ROM' Battery: 5000mAh - Silver+ LED Watch+powerbank+Earpods+Card Reader - Silver",16599,39999,58.5,FALSE,4.3,0,https://www.jumia.co.ke/infinix-hot-60i-4g6.7-inch-6gbram128gb-rom-battery-5000mah-silver-led-watchpowerbankearpodscard-reader-silver-319460099.html,07/26/26 13:43,128,6,5000,,Good,Mid-Range (15k-30k),0.605
smartphones,Tecno Camon 30 Pro 5G 12GB RAM 512GB ROM Snowy ( Silver),Tecno Camon 30 Pro 5G 12GB RAM 512GB ROM  Snowy ( Silver),30000,102000,70.6,TRUE,0,0,https://www.jumia.co.ke/tecno-camon-30-pro-5g-12gb-ram-512gb-rom-snowy-silver-328685157.html,07/26/26 13:43,512,12,,,No Rating,Premium (30k-50k),0.212
smartphones,"Tecno SPARK 50 4G 128GB ROM+ 4GB RAM 6.78"" SCREEN 120Hz Refresh Rate 7000mAh Battery 50MP CAMERA ANDROID 16 COMES WITH FREE STRAP WATCH , POWERBANK AND AIRPODS FOR YOU silver","Tecno SPARK 50 4G 128GB ROM+ 4GB RAM 6.78"" SCREEN 120Hz Refresh Rate 7000mAh Battery 50MP CAMERA ANDROID 16 COMES WITH FREE    STRAP WATCH , POWERBANK AND AIRPODS FOR YOU  silver",19259,40999,53,FALSE,0,0,https://www.jumia.co.ke/tecno-spark-50-4g-128gb-rom-4gb-ram-6.78-screen-120hz-refresh-rate-7000mah-battery-50mp-camera-android-16-comes-with-free-strap-watch-powerbank-and-airpods-for-you-silver-327389247.html,07/26/26 13:43,128,4,7000,50,No Rating,Mid-Range (15k-30k),0.159
smartphones,"Samsung Galaxy A07, -2 YEARS WARRANTY-6.7'' Display, 4GB RAM + 64GB ROM (Dual Sim) 50MP Camera, 5000mAh ...comes with free strap, powerbank and airpods for you..black","Samsung Galaxy A07, -2 YEARS WARRANTY-6.7'' Display, 4GB RAM + 64GB ROM (Dual Sim) 50MP Camera, 5000mAh ...comes with free strap, powerbank and airpods  for you..black",13989,40999,65.9,TRUE,4,0,https://www.jumia.co.ke/samsung-galaxy-a07-2-years-warranty-6.7-display-4gb-ram-64gb-rom-dual-sim-50mp-camera-5000mah-...comes-with-free-strap-powerbank-and-airpods-for-you..black-326518999.html,07/26/26 13:43,64,4,5000,50,Good,Entry (5k-15k),0.598
smartphones,"Oppo This A37 is a compact and reliable smartphone designed for everyday use. It features a 5.0 inch HD display, Snapdragon processor, 8MP rear camera, Lightweight with a long lasting battery, is ideal for calls, messaging, browsing and multi media functions.","Oppo This A37 is a compact and reliable smartphone designed for everyday use. It features a 5.0 inch HD display, Snapdragon processor, 8MP rear camera, Lightweight with a long lasting battery, is ideal for calls, messaging, browsing and multi media functions.",4899,4999,2,FALSE,1.3,0,https://www.jumia.co.ke/oppo-this-a37-is-a-compact-and-reliable-smartphone-designed-for-everyday-use.-it-features-a-5.0-inch-hd-display-snapdragon-processor-8mp-rear-camera-lightweight-with-a-long-lasting-battery-is-ideal-for-calls-messaging-browsing-and-multi-media-functions.-326878511.html,07/26/26 13:43,,,,8,Poor,Budget (<5k),0.136
smartphones,"Corn C16 Pro Max 64GB Storage +5(2+3Extended ) RamUnlocked Cell Phone, Android 6.6""HD +WATERDROP SCREEN 13MP Main Camera,8mp Front camera 5000mAh Dual SIM, Face ID, smart Phone COMES WITH FREE STRAP WATCH , POWERBANK AND AIRPODS FOR YOU GOLD","Corn C16 Pro Max 64GB Storage +5(2+3Extended ) RamUnlocked Cell Phone, Android 6.6""HD +WATERDROP SCREEN 13MP Main Camera,8mp Front camera 5000mAh Dual SIM, Face ID, smart Phone   COMES WITH FREE    STRAP WATCH , POWERBANK AND AIRPODS FOR YOU GOLD",8900,30999,71.3,TRUE,2.5,0,https://www.jumia.co.ke/corn-c16-pro-max-64gb-storage-523extended-ramunlocked-cell-phone-android-6.6hd-waterdrop-screen-13mp-main-camera8mp-front-camera-5000mah-dual-sim-face-id-smart-phone-comes-with-free-strap-watch-powerbank-and-airpods-for-you-gold-327473505.html,07/26/26 13:43,64,,5000,13,Average,Entry (5k-15k),0.464
smartphones,Apple iPhone 12 pro 256Gb new,Apple iPhone 12 pro 256Gb new,47999,68000,29.4,FALSE,0,0,https://www.jumia.co.ke/apple-iphone-12-pro-256gb-new-326139629.html,07/26/26 13:43,,,,,No Rating,Premium (30k-50k),0.088
smartphones,"Samsung A07 DISPLAY 6.7 INCHES 4GB RAM + 64GB ROM DUAL SIM cover ADAPTER, BLACK","Samsung A07 DISPLAY 6.7 INCHES 4GB RAM + 64GB ROM  DUAL SIM cover ADAPTER, BLACK",13499,20000,32.5,FALSE,4.6,0,https://www.jumia.co.ke/samsung-a07-display-6.7-inches-4gb-ram-64gb-rom-dual-sim-cover-adapter-black-325445125.html,07/26/26 13:43,64,4,,,Excellent,Entry (5k-15k),0.558
smartphones,"Samsung Galaxy S20 Ultra, 5G 12GB ram, 256GB Rom","Samsung Galaxy S20 Ultra, 5G 12GB ram, 256GB Rom",36699,45000,18.4,FALSE,5,0,https://www.jumia.co.ke/samsung-galaxy-s20-ultra-5g-12gb-ram-256gb-rom-327329700.html,07/26/26 13:43,256,12,,,Excellent,Premium (30k-50k),0.555
smartphones,"Redmi Note 15 128GB ROM +6GB RAM 6.77"" 120Hz AMOLED Curved Display 108 MP Rear Camera 20MP Selfie 6000mAh Battery + FREE GIFTS(SMART WATCH+ EARPODS +PROTECTOR)","Redmi Note 15 128GB ROM +6GB RAM 6.77"" 120Hz AMOLED Curved Display 108 MP Rear Camera 20MP Selfie 6000mAh Battery + FREE GIFTS(SMART WATCH+ EARPODS +PROTECTOR)",27649,29800,7.2,FALSE,4.3,0,https://www.jumia.co.ke/redmi-note-15-128gb-rom-6gb-ram-6.77-120hz-amoled-curved-display-108-mp-rear-camera-20mp-selfie-6000mah-battery-free-giftssmart-watch-earpods-protector-327490889.html,07/26/26 13:43,128,6,6000,108,Good,Mid-Range (15k-30k),0.452
smartphones,"Tecno SPARK 50 4G 128GB ROM+ 4GB RAM 6.78"" SCREEN 120Hz Refresh Rate 6700mAh Battery 50MP CAMERA ANDROID 16'1 YEAR WARRANTY'.......,","Tecno SPARK 50 4G 128GB ROM+ 4GB RAM 6.78"" SCREEN 120Hz Refresh Rate 6700mAh Battery 50MP CAMERA ANDROID 16'1 YEAR WARRANTY'.......,",18599,25000,25.6,FALSE,5,0,https://www.jumia.co.ke/tecno-spark-50-4g-128gb-rom-4gb-ram-6.78-screen-120hz-refresh-rate-6700mah-battery-50mp-camera-android-161-year-warranty.......-327437279.html,07/26/26 13:43,128,4,6700,50,Excellent,Mid-Range (15k-30k),0.577
smartphones,"XIAOMI Redmi Note 15, 6.77"", 8GB RAM + 256GB ROM, 6000mAh, Black (25 Months Warranty)","XIAOMI  Redmi Note 15, 6.77"", 8GB RAM + 256GB ROM, 6000mAh, Black (25 Months Warranty)",27399,29999,8.7,FALSE,4.7,0,https://www.jumia.co.ke/xiaomi-redmi-note-15-6.77-8gb-ram-256gb-rom-6000mah-black-25-months-warranty-327272170.html,07/26/26 13:43,256,8,6000,,Excellent,Mid-Range (15k-30k),0.496
smartphones,"Samsung Galaxy S10+ Plus 6.4"" 512 GB - 8GB RAM, 12MP Camera, Single SIM - Black","Samsung Galaxy S10+ Plus 6.4"" 512 GB - 8GB RAM, 12MP Camera, Single SIM - Black",31800,45000,29.3,FALSE,4.2,0,https://www.jumia.co.ke/galaxy-s10-plus-6.4-512-gb-8gb-ram-12mp-camera-single-sim-black-samsung-mpg5269329.html,07/26/26 13:43,512,8,,12,Good,Premium (30k-50k),0.508
smartphones,XIAOMI Redmi Note 15 Black 6G RAM 128GB,XIAOMI Redmi Note 15 Black 6G RAM 128GB,28399,31239,9.1,FALSE,0,0,https://www.jumia.co.ke/xiaomi-redmi-note-15-black-6g-ram-128gb-328419358.html,07/26/26 13:43,128,,,,No Rating,Mid-Range (15k-30k),0.027
smartphones,"Samsung GALAXY A17, 6.7'' HD+, 6GB RAM + 128GB ROM, DUAL SIM, 50MP, 5000mAh COMES WITH FREE GIFTS ( AIRPODS + SMART WATCH +POWERBANK ) FOR YOU","Samsung GALAXY A17, 6.7'' HD+, 6GB RAM + 128GB ROM, DUAL SIM, 50MP, 5000mAh COMES WITH FREE GIFTS ( AIRPODS + SMART WATCH +POWERBANK ) FOR YOU",22199,40999,45.9,FALSE,4.3,0,https://www.jumia.co.ke/samsung-galaxy-a17-6.7-hd-6gb-ram-128gb-rom-dual-sim-50mp-5000mah-comes-with-free-gifts-airpods-smart-watch-powerbank-for-you-325397338.html,07/26/26 13:43,128,6,5000,50,Good,Mid-Range (15k-30k),0.568
smartphones,"Samsung Galaxy A06, 6.7'' Display, 4GB RAM + 64GB ROM (Dual Sim) 50MP Camera, 5000mAh - Black+LEDwatch+Powerbank","Samsung Galaxy A06, 6.7'' Display, 4GB RAM + 64GB ROM (Dual Sim) 50MP Camera, 5000mAh - Black+LEDwatch+Powerbank",12750,19999,36.2,FALSE,3.7,0,https://www.jumia.co.ke/samsung-galaxy-a06-6.7-display-4gb-ram-64gb-rom-dual-sim-50mp-camera-5000mah-blackledwatchpowerbank-306245917.html,07/26/26 13:43,64,4,5000,50,Good,Entry (5k-15k),0.479
smartphones,"Samsung Galaxy S10+ Plus 6.4"" 512 GB - 8GB RAM, 12MP Camera, Single SIM - White","Samsung Galaxy S10+ Plus 6.4"" 512 GB - 8GB RAM, 12MP Camera, Single SIM - White",31400,45000,30.2,FALSE,0,0,https://www.jumia.co.ke/samsung-galaxy-s10-plus-6.4-512-gb-8gb-ram-12mp-camera-single-sim-white-327118445.html,07/26/26 13:43,512,8,,12,No Rating,Premium (30k-50k),0.091
smartphones,"Infinix HOT 60 PRO PLUS,AMOLED CURVED SCREEN DISPLAY 6.78"" INCHES(8GB +8GB) 16GB RAM & 256GB 5160 MAH BATTERY WATCH","Infinix HOT 60 PRO PLUS,AMOLED CURVED SCREEN DISPLAY 6.78"" INCHES(8GB +8GB) 16GB RAM & 256GB 5160 MAH BATTERY  WATCH",28550,40000,28.6,FALSE,3.5,0,https://www.jumia.co.ke/infinix-hot-60-pro-plusamoled-curved-screen-display-6.78-inches8gb-8gb-16gb-ram-256gb-5160-mah-battery-watch-325362948.html,07/26/26 13:43,8,16,5160,,Good,Mid-Range (15k-30k),0.436
smartphones,"Samsung Galaxy A07, 6.7'' Display, 4GB RAM + 64GB Storage(Dual Sim) 50MP Camera, 5000mAh -2 YEARS WARRANTY COMES WITH FREE GIFTS (C TO C HEADER + SILICONE COVER ) FOR YOU","Samsung Galaxy A07, 6.7'' Display, 4GB RAM + 64GB Storage(Dual Sim) 50MP Camera, 5000mAh -2 YEARS WARRANTY   COMES WITH FREE GIFTS (C TO C HEADER  + SILICONE COVER  ) FOR YOU",13759,40999,66.4,TRUE,4.3,0,https://www.jumia.co.ke/samsung-galaxy-a07-6.7-display-4gb-ram-64gb-storagedual-sim-50mp-camera-5000mah-2-years-warranty-comes-with-free-gifts-c-to-c-header-silicone-cover-for-you-325435152.html,07/26/26 13:43,64,4,5000,50,Good,Entry (5k-15k),0.629
smartphones,"Tecno SPARK 50 4G 256GB ROM+ 16GB RAM 6.78"" SCREEN 120Hz Refresh Rate 7000mAh Battery 50MP CAMERA ANDROID 16 COMES WITH FREE LED WATCH , POWERBANK AND AIRPODS FOR YOU gray","Tecno SPARK 50 4G 256GB ROM+ 16GB RAM 6.78"" SCREEN 120Hz Refresh Rate 7000mAh Battery 50MP CAMERA ANDROID 16 COMES WITH FREE    LED WATCH , POWERBANK AND AIRPODS FOR YOU  gray",20569,30999,33.6,FALSE,0,0,https://www.jumia.co.ke/tecno-spark-50-4g-256gb-rom-16gb-ram-6.78-screen-120hz-refresh-rate-7000mah-battery-50mp-camera-android-16-comes-with-free-led-watch-powerbank-and-airpods-for-you-gray-327607035.html,07/26/26 13:43,256,16,7000,50,No Rating,Mid-Range (15k-30k),0.101
smartphones,"Samsung GALAXY A16, 6.7'' HD+, 4GB RAM + 128GB ROM, 5000mAh + FREE GIFTS","Samsung  GALAXY A16, 6.7'' HD+, 4GB RAM + 128GB ROM, 5000mAh + FREE GIFTS",17899,35999,50.3,FALSE,1,0,https://www.jumia.co.ke/samsung-galaxy-a16-6.7-hd-4gb-ram-128gb-rom-5000mah-free-gifts-325547021.html,07/26/26 13:43,128,4,5000,,Poor,Mid-Range (15k-30k),0.251
smartphones,"Tecno SPARK 50 4G 128GB ROM+ 8GB RAM 6.78"" SCREEN 120Hz Refresh Rate 6300 mAh Battery 50MP COMES WITH FREE Powerbank,strap & otg","Tecno SPARK 50 4G 128GB ROM+ 8GB RAM 6.78"" SCREEN 120Hz Refresh Rate 6300 mAh Battery 50MP COMES WITH FREE Powerbank,strap & otg",19259,40999,53,FALSE,4,0,https://www.jumia.co.ke/tecno-spark-50-4g-128gb-rom-8gb-ram-6.78-screen-120hz-refresh-rate-6300-mah-battery-50mp-comes-with-free-powerbankstrap-otg-327409371.html,07/26/26 13:43,128,8,6300,50,Good,Mid-Range (15k-30k),0.559
smartphones,"Tecno SPARK 50 4G 256GB ROM+ 16GB RAM 6.78"" SCREEN 120Hz Refresh Rate 7000mAh Battery 50MP CAMERA ANDROID 16 COMES WITH FREE LED WATCH , POWERBANK AND AIRPODS FOR YOU black","Tecno SPARK 50 4G 256GB ROM+ 16GB RAM 6.78"" SCREEN 120Hz Refresh Rate 7000mAh Battery 50MP CAMERA ANDROID 16 COMES WITH FREE    LED WATCH , POWERBANK AND AIRPODS FOR YOU  black",20569,30999,33.6,FALSE,5,0,https://www.jumia.co.ke/tecno-spark-50-4g-256gb-rom-16gb-ram-6.78-screen-120hz-refresh-rate-7000mah-battery-50mp-camera-android-16-comes-with-free-led-watch-powerbank-and-airpods-for-you-black-327607047.html,07/26/26 13:44,256,16,7000,50,Excellent,Mid-Range (15k-30k),0.601
smartphones,"XIAOMI Redmi 15C' 6.88 inches,(4+4)8GB RAM+128GB ROM,Battery: 5000 mAh+ I12 WATCH+1 YEAR WARRANTY","XIAOMI  Redmi 15C' 6.88 inches,(4+4)8GB RAM+128GB ROM,Battery: 5000 mAh+ I12 WATCH+1 YEAR WARRANTY",15150,25000,39.4,FALSE,3.7,0,https://www.jumia.co.ke/xiaomi-redmi-15c-6.88-inches448gb-ram128gb-rombattery-5000-mah-i12-watch1-year-warranty-325223408.html,07/26/26 13:44,128,8,5000,,Good,Mid-Range (15k-30k),0.488
smartphones,"Samsung Galaxy Note 10 Plus Brand New, 256GB 12GB RAM, 6.8inches, 4300mAh","Samsung Galaxy Note 10 Plus Brand New, 256GB 12GB RAM, 6.8inches, 4300mAh",37700,50000,24.6,FALSE,4.5,0,https://www.jumia.co.ke/samsung-galaxy-note-10-plus-brand-new-256gb-12gb-ram-6.8inches-4300mah-325466157.html,07/26/26 13:44,256,12,4300,,Excellent,Premium (30k-50k),0.524
smartphones,"Safaricom Neon Smarta 2, IPS LCD Display, 5"", 32GB ROM + 2GB RAM (Dual SIM), 3300mAh - Black","Safaricom Neon Smarta 2, IPS LCD Display, 5"", 32GB ROM + 2GB RAM (Dual SIM), 3300mAh - Black",2990,4999,40.2,FALSE,3.7,0,https://www.jumia.co.ke/safaricom-neon-smarta-2-ips-lcd-display-5-32gb-rom-2gb-ram-dual-sim-3300mah-black-326704376.html,07/26/26 13:44,32,2,3300,,Good,Budget (<5k),0.491
smartphones,"Samsung Galaxy A56 5G, 6.7"", 256GB + 8GB RAM (Dual SIM), 5000mAh, Awesome Graphite","Samsung Galaxy A56 5G, 6.7"", 256GB + 8GB RAM (Dual SIM), 5000mAh, Awesome Graphite",45700,70000,34.7,FALSE,4.6,0,https://www.jumia.co.ke/samsung-galaxy-a56-5g-6.7-256gb-8gb-ram-dual-sim-5000mah-awesomegraphite-311307685.html,07/26/26 13:44,256,8,5000,,Excellent,Premium (30k-50k),0.564
smartphones,VILLAON v20SE//5.0 SCREEN DISPLAY//3000MAH BATTERY//4GB +32GB STORAGE./,VILLAON v20SE//5.0 SCREEN DISPLAY//3000MAH BATTERY//4GB +32GB STORAGE./,6500,7000,7.1,FALSE,3.5,0,https://www.jumia.co.ke/villaon-v20se5.0-screen-display3000mah-battery4gb-32gb-storage.-259815444.html,07/26/26 13:44,4,,3000,,Good,Entry (5k-15k),0.371
laptops,"Refurbished ThinkPad Yoga 11e X360 Intel -Touchscreen- 11.6""- 4GB RAM - SSD 128GB - Black","Refurbished ThinkPad Yoga 11e  X360 Intel -Touchscreen- 11.6""- 4GB RAM - SSD 128GB - Black",12999,22500,42.2,FALSE,3.8,0,https://www.jumia.co.ke/refurbished-thinkpad-yoga-11e-x360-intel-touchscreen-11.6-4gb-ram-ssd-128gb-black-lenovo-mpg1662751.html,07/26/26 13:44,4,4,,,Good,Entry (5k-15k),0.507
laptops,Lenovo Renewed IdeaPad D330 2-in-1 Touchscreen Laptop & Tablet | 4GB RAM | 64GB SSD | Windows 11 | Keyboard Included |6 Months Warranty,Lenovo Renewed IdeaPad D330 2-in-1 Touchscreen Laptop & Tablet | 4GB RAM | 64GB SSD | Windows 11 | Keyboard Included |6 Months Warranty,9999,28999,65.5,TRUE,4.1,0,https://www.jumia.co.ke/lenovo-renewed-ideapad-d330-2-in-1-touchscreen-laptop-tablet-4gb-ram-64gb-ssd-windows-11-keyboard-included-6-months-warranty-327839623.html,07/26/26 13:44,4,4,,,Good,Entry (5k-15k),0.606
laptops,"HP ProBook 640 G5/G4 - Core i5-8365U - 8GB RAM - 256GB SSD - 14"" FHD - Windows 11","HP ProBook 640 G5/G4 - Core i5-8365U - 8GB RAM - 256GB SSD - 14"" FHD - Windows 11",24999,31999,21.9,FALSE,3,0,https://www.jumia.co.ke/hp-probook-640-g5g4-core-i5-8365u-8gb-ram-256gb-ssd-14-fhd-windows-11-327123936.html,07/26/26 13:44,8,8,,,Average,Mid-Range (15k-30k),0.366
laptops,"Nec Refurbished VersaPro Laptop, 13.3 Type, FHD, 8th Generation Core i5, CPU, 8 GB Memory, 256GB, Windows 11 & Office 2021, Lightweight, Business Laptop, Wireless Wi-Fi, HDMI, USB-C Compatible Computer","Nec Refurbished VersaPro Laptop, 13.3 Type, FHD, 8th Generation Core i5, CPU, 8 GB Memory, 256GB, Windows 11 & Office 2021, Lightweight, Business Laptop, Wireless Wi-Fi, HDMI, USB-C Compatible Computer",17599,31999,45,FALSE,3.8,0,https://www.jumia.co.ke/nec-refurbished-versapro-laptop-13.3-type-fhd-8th-generation-core-i5-cpu-8-gb-memory-256gb-windows-11-office-2021-lightweight-business-laptop-wireless-wi-fi-hdmi-usb-c-compatible-computer-328130802.html,07/26/26 13:44,8,,,,Good,Mid-Range (15k-30k),0.515
laptops,"Blueing 15.6"" Laptop J4125 8GB+256GB SSD Student Portable Computer","Blueing 15.6"" Laptop J4125 8GB+256GB SSD Student Portable Computer",22780,27131,16,FALSE,3.7,0,https://www.jumia.co.ke/blueing-15.6-laptop-j4125-8gb256gb-ssd-student-portable-computer-304572281.html,07/26/26 13:44,256,,,,Good,Mid-Range (15k-30k),0.418
laptops,Refurbished ThinkPad Yoga 11e Touch Screen Intel Celeron 4GB 128GB SSD 11.6INCH X360,Refurbished ThinkPad Yoga 11e Touch Screen Intel Celeron 4GB 128GB SSD 11.6INCH X360,14000,18000,22.2,FALSE,0,0,https://www.jumia.co.ke/renewed-refurbished-thinkpad-yoga-11e-touch-screen-intel-celeron-4gb-128gb-ssd-11.6inch-x360-327374145.html,07/26/26 13:44,4,,,,No Rating,Entry (5k-15k),0.067
laptops,Yoga 11e X360 Celeron N2940 8GB RAM 128GB SSD 11.6 Inch Touchscreen Laptop – Refurbished,Yoga 11e X360 Celeron N2940 8GB RAM 128GB SSD 11.6 Inch  Touchscreen Laptop – Refurbished,20000,,0,FALSE,0,0,https://www.jumia.co.ke/renewed-yoga-11e-x360-celeron-n2940-8gb-ram-128gb-ssd-11.6-inch-touchscreen-laptop-refurbished-327519505.html,07/26/26 13:44,8,8,,,No Rating,Mid-Range (15k-30k),0
laptops,Nec Refurbished VersaPro 2-in-1 Tablet PC 7th Generation Core i5 Wi-fi Bluetooth 12.5-inch Full HD Touch screen with Office USB 3.0 PC Laptop Windows 11,Nec Refurbished VersaPro 2-in-1 Tablet PC 7th Generation Core i5 Wi-fi Bluetooth 12.5-inch Full HD Touch screen with Office USB 3.0 PC Laptop Windows 11,16599,31000,46.5,FALSE,3.8,0,https://www.jumia.co.ke/nec-refurbished-versapro-2-in-1-tablet-pc-7th-generation-core-i5-wi-fi-bluetooth-12.5-inch-full-hd-touch-screen-with-office-usb-3.0-pc-laptop-windows-11-327922457.html,07/26/26 13:44,,,,,Good,Mid-Range (15k-30k),0.52
laptops,"Blueing 14"" Laptop N3350 6GB+192GB SSD Portable Computer Student Pc","Blueing 14"" Laptop N3350 6GB+192GB SSD Portable Computer Student Pc",20100,23817,15.6,FALSE,3.8,0,https://www.jumia.co.ke/blueing-14-laptop-n3350-6gb192gb-ssd-portable-computer-student-pc-304776120.html,07/26/26 13:44,192,,,,Good,Mid-Range (15k-30k),0.427
laptops,"HP Renewed EliteBook 840 G7 Laptop Intel Core i5 10th Gen 8GB RAM 256GB SSD 14"" FHD Windows 11 Pro Free Mouse","HP Renewed EliteBook 840 G7 Laptop Intel Core i5 10th Gen 8GB RAM 256GB SSD 14"" FHD Windows 11 Pro Free Mouse",34999,52999,34,FALSE,0,0,https://www.jumia.co.ke/hp-renewed-elitebook-840-g7-laptop-intel-core-i5-10th-gen-8gb-ram-256gb-ssd-14-fhd-windows-11-pro-free-mouse-327816393.html,07/26/26 13:44,8,8,,,No Rating,Premium (30k-50k),0.102
laptops,"Lenovo Renewed ThinkPad T14s Laptop Intel Core i5 10th Gen 8GB RAM 256GB SSD 14"" FHD Windows 11 Free Mouse","Lenovo Renewed ThinkPad T14s Laptop Intel Core i5 10th Gen 8GB RAM 256GB SSD 14"" FHD Windows 11 Free Mouse",26999,48999,44.9,FALSE,1,0,https://www.jumia.co.ke/lenovo-renewed-thinkpad-t14s-laptop-intel-core-i5-10th-gen-8gb-ram-256gb-ssd-14-fhd-windows-11-free-mouse-327796732.html,07/26/26 13:44,8,8,,,Poor,Mid-Range (15k-30k),0.235
laptops,"Nec Refurbished Laptop, 10th Generation Core i5, 12.5-inch Windows 11 pro, MS Office Built-in WEB Camera, USB Type-C, Wi-Fi, USB-Wi-Fi, HDMI, USB3.0","Nec Refurbished Laptop, 10th Generation Core i5, 12.5-inch  Windows 11 pro, MS Office  Built-in WEB Camera, USB Type-C, Wi-Fi, USB-Wi-Fi, HDMI, USB3.0",19999,42000,52.4,FALSE,4,0,https://www.jumia.co.ke/nec-refurbished-laptop-10th-generation-core-i5-12.5-inch-windows-11-pro-ms-office-built-in-web-camera-usb-type-c-wi-fi-usb-wi-fi-hdmi-usb3.0-328130719.html,07/26/26 13:44,,,,,Good,Mid-Range (15k-30k),0.557
laptops,Chromebook 100e – 4GB RAM 32GB SSD – Durable Student Laptop refurbished,Chromebook 100e – 4GB RAM 32GB SSD – Durable Student Laptop refurbished,6799,24000,71.7,TRUE,4,0,https://www.jumia.co.ke/renewed-chromebook-100e-4gb-ram-32gb-ssd-durable-student-laptop-refurbished-327526247.html,07/26/26 13:44,4,4,,,Good,Entry (5k-15k),0.615
laptops,Lenovo Refurbished 500w Gen 3 x360 Intel Pentium Silver N6000 8GB RAM 128GB SSD 11.6 inch HD Touchscreen Windows 11 Pro,Lenovo Refurbished 500w Gen 3 x360 Intel Pentium Silver N6000 8GB RAM 128GB SSD 11.6 inch HD Touchscreen Windows 11 Pro,15699,31999,50.9,FALSE,3,0,https://www.jumia.co.ke/lenovo-refurbished-500w-gen-3-x360-intel-pentium-silver-n6000-8gb-ram-128gb-ssd-11.6-inch-hd-touchscreen-windows-11-pro-327990246.html,07/26/26 13:44,8,8,,,Average,Mid-Range (15k-30k),0.453
laptops,"Refurbished ThinkPad Yoga 11e 11.6"" Touch Screen Intel Celeron 4GB 128GB SSD - Black (6 Months WRTY)","Refurbished ThinkPad Yoga 11e 11.6"" Touch Screen Intel Celeron 4GB 128GB SSD - Black (6 Months WRTY)",10990,22000,50,FALSE,4,0,https://www.jumia.co.ke/refurbished-thinkpad-yoga-11e-touch-screen-intel-celeron-4gb-128gb-ssd-11.6-lenovo-mpg1964991.html,07/26/26 13:44,4,,,,Good,Entry (5k-15k),0.55
laptops,Surface Refurbished Microsoft S urface Pro 5 Model 1807 2-in-1 Convertible Laptop Intel Core i5 7th 4GB RAM 128GB SSD 12.3 inch Touchscreen Windows 11 pro,Surface Refurbished Microsoft S urface Pro 5 Model 1807 2-in-1 Convertible Laptop Intel Core i5 7th 4GB RAM 128GB SSD 12.3 inch Touchscreen Windows 11 pro,17599,59999,70.7,TRUE,0,0,https://www.jumia.co.ke/surface-refurbished-microsoft-s-urface-pro-5-model-1807-2-in-1-convertible-laptop-intel-core-i5-7th-4gb-ram-128gb-ssd-12.3-inch-touchscreen-windows-11-pro-328781396.html,07/26/26 13:44,4,4,,,No Rating,Mid-Range (15k-30k),0.212
laptops,"HP Renewed Elitebook 820 Core I5, 8GB RAM 500GB HDD -12.5"", Black","HP Renewed Elitebook 820 Core I5, 8GB RAM 500GB HDD -12.5"", Black",16495,27000,38.9,FALSE,3.9,0,https://www.jumia.co.ke/refurbished-elitebook-820-core-i5-8gb-ram-500gb-hdd-12.5-black-hp-mpg1964976.html,07/26/26 13:44,8,8,,,Good,Mid-Range (15k-30k),0.507
laptops,"Lenovo Chromebook 100e – 11.6"" HD, 4GB RAM, 32GB Black","Lenovo  Chromebook 100e – 11.6"" HD, 4GB RAM, 32GB  Black",6800,17000,60,TRUE,4.5,0,https://www.jumia.co.ke/lenovo-chromebook-100e-11.6-hd-4gb-ram-32gb-black-327726460.html,07/26/26 13:44,4,4,,,Excellent,Entry (5k-15k),0.63
laptops,"Refurbished Thinkpad X250 Intel Core I5, 8GB RAM, 256GB SSD, 12.5"" Black (6 Months WRTY)","Refurbished Thinkpad X250 Intel Core I5, 8GB RAM, 256GB SSD, 12.5"" Black (6 Months WRTY)",15490,24000,35.5,FALSE,3.6,0,https://www.jumia.co.ke/renewed-refurbished-thinkpad-x250-intel-core-i5-8gb-ram-256gb-ssd-12.5-black-6-months-wrty-309562291.html,07/26/26 13:44,8,8,,,Good,Mid-Range (15k-30k),0.466
laptops,"HP Renewed Elitebook 820 Core I5, 8GB RAM 256GB SSD -12.5"", Black","HP Renewed Elitebook 820 Core I5, 8GB RAM 256GB SSD -12.5"", Black",17199,27000,36.3,FALSE,3.7,0,https://www.jumia.co.ke/renewed-elitebook-820-core-i5-8gb-ram-256gb-ssd-12.5-black-hp-mpg1556268.html,07/26/26 13:44,8,8,,,Good,Mid-Range (15k-30k),0.479
laptops,ThinkPad T450/T440 Core i5 HDD 500GB RAM 8gb 14 inches Refurbished - Black,ThinkPad T450/T440 Core i5 HDD 500GB RAM  8gb 14 inches Refurbished - Black,16499,21499,23.3,FALSE,3.7,0,https://www.jumia.co.ke/renewed-thinkpad-t450t440-core-i5-hdd-500gb-ram-8gb-14-inches-refurbished-black-326150388.html,07/26/26 13:44,500,500,,,Good,Mid-Range (15k-30k),0.44
laptops,HP EliteBook 820 Intel Core I5 Gen 8GB RAM 256GB SSD 12.5 Inches,HP EliteBook 820  Intel Core I5  Gen 8GB RAM 256GB SSD 12.5 Inches,18499,37998,51.3,FALSE,3.7,0,https://www.jumia.co.ke/hp-elitebook-820-intel-core-i5-gen-8gb-ram-256gb-ssd-12.5-inches-279940309.html,07/26/26 13:44,8,8,,,Good,Mid-Range (15k-30k),0.524
laptops,"MacBook Pro 13"" Core I5 2.4GHz 8GB RAM, 500GB HDD (2012) Silver Refurbished","MacBook Pro 13"" Core I5 2.4GHz 8GB RAM, 500GB HDD (2012) Silver Refurbished",22500,30000,25,FALSE,3.8,0,https://www.jumia.co.ke/renewed-macbook-pro-13-core-i5-2.4ghz-8gb-ram-500gb-hdd-2012-silver-refurbished-189512072.html,07/26/26 13:44,8,8,,,Good,Mid-Range (15k-30k),0.455
laptops,"Apple MacBook Pro 13""- Core I5 -8GB RAM, 256GB SSD (2012) Laptop -Silver","Apple MacBook Pro 13""- Core I5 -8GB RAM, 256GB SSD (2012) Laptop -Silver",17899,24000,25.4,FALSE,3.2,0,https://www.jumia.co.ke/apple-macbook-pro-13-core-i5-8gb-ram-256gb-ssd-2012-laptop-silver-325576728.html,07/26/26 13:44,8,8,,,Average,Mid-Range (15k-30k),0.396
laptops,"HP ELITEBOOK 840 G3, CORE I5 6TH GEN, 8GB RAM, 256GB SSD , 14"" SCREEN RREFUBRISHED","HP ELITEBOOK 840 G3, CORE I5 6TH GEN, 8GB RAM, 256GB SSD , 14"" SCREEN RREFUBRISHED",23999,30000,20,FALSE,4.3,0,https://www.jumia.co.ke/hp-elitebook-840-g3-core-i5-6th-gen-8gb-ram-256gb-ssd-14-screen-rrefubrished-325728989.html,07/26/26 13:44,8,8,,,Good,Mid-Range (15k-30k),0.49
laptops,"Refurbished Lenovo ThinkPad Yoga 11e Touch Screen Intel Celeron 4GB 128GB SSD 11.6"" - Black (6 Months Warranty)","Refurbished Lenovo ThinkPad Yoga 11e Touch Screen Intel Celeron 4GB 128GB SSD 11.6"" - Black (6 Months Warranty)",11295,24000,52.9,FALSE,3.9,0,https://www.jumia.co.ke/renewed-refurbished-lenovo-thinkpad-yoga-11e-touch-screen-intel-celeron-4gb-128gb-ssd-11.6-black-6-months-warranty-216079518.html,07/26/26 13:44,4,,,,Good,Entry (5k-15k),0.549
laptops,"Refurbished HP Chromebook 11 G6 EE, Intel Celeron Dual N3350 , Storage 4GB RAM/16GB SSD, TYPE C, WIFI, Bluetooth, Camera , Chrome OS, Black (6 Months WRTY)","Refurbished HP Chromebook 11 G6 EE, Intel Celeron Dual N3350 , Storage 4GB RAM/16GB SSD, TYPE C, WIFI, Bluetooth, Camera , Chrome OS,  Black   (6 Months WRTY)",8999,17999,50,FALSE,3.9,0,https://www.jumia.co.ke/renewed-refurbished-hp-chromebook-11-g6-ee-intel-celeron-dual-n3350-storage-4gb-ram16gb-ssd-type-c-wifi-bluetooth-camera-chrome-os-black-6-months-wrty-261936973.html,07/26/26 13:44,4,4,,,Good,Entry (5k-15k),0.54
laptops,"Thinkpad Refurbished ThinkPad Yoga 11e X360 Celeron -Touchscreen- 11.6""- 4GB RAM - SSD 128GB","Thinkpad Refurbished ThinkPad Yoga 11e X360 Celeron -Touchscreen- 11.6""- 4GB RAM - SSD 128GB",11361,17000,33.2,FALSE,3.8,0,https://www.jumia.co.ke/thinkpad-refurbished-thinkpad-yoga-11e-x360-celeron-touchscreen-11.6-4gb-ram-ssd-128gb-lenovo-mpg1337401.html,07/26/26 13:44,4,4,,,Good,Entry (5k-15k),0.48
laptops,Refurbished HP Chromebook 11 G7 - Intel Celeron - 4GB RAM - Type C - WiFi - Webcam - Bluetooth - Chrome OS- (6 Months Warranty),Refurbished HP Chromebook 11 G7 - Intel Celeron - 4GB RAM - Type C - WiFi - Webcam - Bluetooth - Chrome OS- (6 Months Warranty),8799,16800,47.6,FALSE,3.1,0,https://www.jumia.co.ke/renewed-refurbished-hp-chromebook-11-g7-intel-celeron-4gb-ram-type-c-wifi-webcam-bluetooth-chrome-os-6-months-warranty-298872854.html,07/26/26 13:45,4,4,,,Average,Entry (5k-15k),0.453
laptops,"Refurbished Lenovo 11E, 11.6"" Celeron 128GB SSD, 4GB RAM - Black (6 Months WRTY)","Refurbished Lenovo 11E, 11.6"" Celeron 128GB SSD, 4GB RAM - Black (6 Months WRTY)",11291,24000,53,FALSE,4.1,0,https://www.jumia.co.ke/renewed-refurbished-lenovo-11e-11.6-celeron-128gb-ssd-4gb-ram-black-6-months-wrty-154311458.html,07/26/26 13:45,128,4,,,Good,Entry (5k-15k),0.569
laptops,"Chromebook – 4GB RAM, 32GB SSD, 11.6” HD Display, Wi-Fi, Chrome OS – Student Laptop Refurbished","Chromebook – 4GB RAM, 32GB SSD, 11.6” HD Display, Wi-Fi, Chrome OS – Student Laptop Refurbished",6980,19000,63.3,TRUE,3.6,0,https://www.jumia.co.ke/renewed-chromebook-4gb-ram-32gb-ssd-11.6-hd-display-wi-fi-chrome-os-student-laptop-refurbished-324119134.html,07/26/26 13:45,4,4,,,Good,Entry (5k-15k),0.55
laptops,"Refurbished Chromebook 11A G8 EE AMD A4 - Storage 4GB / 32GB eMMC 11.6-inch HD Webcam - WiFi, Chrome OS - Grade A (6 Months WRTY)","Refurbished Chromebook 11A G8 EE AMD A4 - Storage 4GB / 32GB eMMC 11.6-inch  HD Webcam - WiFi, Chrome OS -  Grade A  (6 Months WRTY)",8499,16999,50,FALSE,3.5,0,https://www.jumia.co.ke/renewed-refurbished-chromebook-11a-g8-ee-amd-a4-storage-4gb-32gb-emmc-11.6-inch-hd-webcam-wifi-chrome-os-grade-a-6-months-wrty-268445200.html,07/26/26 13:45,4,,,,Good,Entry (5k-15k),0.5
laptops,"DELL Renewed Latitude 7280, Core I5 -6300U 6th Gen , 8GB RAM, 256GB SSD, - 12.5""","DELL Renewed Latitude 7280, Core I5 -6300U 6th Gen , 8GB RAM, 256GB SSD, - 12.5""",18200,30000,39.3,FALSE,3.8,0,https://www.jumia.co.ke/dell-renewed-latitude-7280-core-i5-6300u-6th-gen-8gb-ram-256gb-ssd-12.5-168152932.html,07/26/26 13:45,8,8,,,Good,Mid-Range (15k-30k),0.498
laptops,"Lenovo 8GB RAM, ThinkPad Yoga 11e X360 Intel -Touchscreen- 11.6""- - SSD 128GB - Black, refurbished","Lenovo 8GB RAM, ThinkPad Yoga 11e X360 Intel -Touchscreen- 11.6""-  - SSD 128GB - Black, refurbished",13899,18999,26.8,FALSE,5,0,https://www.jumia.co.ke/lenovo-8gb-ram-thinkpad-yoga-11e-x360-intel-touchscreen-11.6-ssd-128gb-black-refurbished-327783663.html,07/26/26 13:45,8,8,,,Excellent,Entry (5k-15k),0.58
laptops,Refurbished HP Chromebook 11 G8 Intel Celeron N4020 Storage 32GB / 4GB RAM Bluetooth WiFi HD Webcam Grade A(6 Months WRTY),Refurbished HP Chromebook 11 G8 Intel Celeron N4020 Storage 32GB / 4GB RAM Bluetooth WiFi HD Webcam  Grade A(6 Months WRTY),8499,15799,46.2,FALSE,3.4,0,https://www.jumia.co.ke/renewed-refurbished-hp-chromebook-11-g8-intel-celeron-n4020-storage-32gb-4gb-ram-bluetooth-wifi-hd-webcam-grade-a6-months-wrty-268456861.html,07/26/26 13:45,32,4,,,Average,Entry (5k-15k),0.479
laptops,"HP EliteBook 840 G1 - Intel Core i5, 8GB RAM, 500GB HDD, 14"" Refurbished","HP EliteBook 840 G1 - Intel Core i5, 8GB RAM, 500GB HDD, 14"" Refurbished",18999,30000,36.7,FALSE,4,0,https://www.jumia.co.ke/renewed-hp-elitebook-840-g1-intel-core-i5-8gb-ram-500gb-hdd-14-refurbished-313709626.html,07/26/26 13:45,8,8,,,Good,Mid-Range (15k-30k),0.51
laptops,"HP Elitebook 830 G8, 11th Generation Intel Core I7, 16GB Ram, 512GB SSD, 13.3"" FHD (1920 X 1080) Touchscreen Display,","HP Elitebook 830 G8, 11th Generation Intel Core I7, 16GB Ram, 512GB SSD, 13.3"" FHD (1920 X 1080) Touchscreen Display,",46499,70000,33.6,FALSE,3.5,0,https://www.jumia.co.ke/hp-elitebook-830-g8-11th-generation-intel-core-i7-16gb-ram-512gb-ssd-13.3-fhd-1920-x-1080-touchscreen-display-326009923.html,07/26/26 13:45,16,16,,,Good,Premium (30k-50k),0.451
laptops,"Lenovo Chromebook 100e – 11.6"" HD, 4GB RAM, 32GB eMMC Storage – Black","Lenovo Chromebook 100e – 11.6"" HD, 4GB RAM, 32GB eMMC Storage – Black",6800,16500,58.8,FALSE,3.3,0,https://www.jumia.co.ke/chromebook-100e-11.6-hd-4gb-ram-32gb-emmc-storage-black-lenovo-mpg10366840.html,07/26/26 13:45,4,4,,,Average,Entry (5k-15k),0.506
laptops,HP EliteBook 820 Core I5 8GB RAM 500gb Hdd Slim Ultrabook Laptop refurb (6 Months WRTY),HP EliteBook 820  Core I5 8GB RAM 500gb Hdd Slim Ultrabook Laptop refurb (6 Months WRTY),17499,34998,50,FALSE,4.2,0,https://www.jumia.co.ke/hp-elitebook-820-core-i5-8gb-ram-500gb-hdd-slim-ultrabook-laptop-refurb-6-months-wrty-265322683.html,07/26/26 13:45,8,8,,,Good,Mid-Range (15k-30k),0.57
laptops,"HP Refurbished EliteBook 850 G5/G6 15.6"" Full HD Business Laptop – Intel Core i7-8665U Processor, 8GB RAM, 256GB NVMe M.2 SSD, Thunderbolt 3 USB-C, HD Webcam, Windows 11 Pro, Premium Enterprise Notebook","HP Refurbished EliteBook 850 G5/G6 15.6"" Full HD Business Laptop – Intel Core i7-8665U Processor, 8GB RAM, 256GB NVMe M.2 SSD, Thunderbolt 3 USB-C, HD Webcam, Windows 11 Pro, Premium Enterprise Notebook",31500,,0,FALSE,0,0,https://www.jumia.co.ke/hp-refurbished-elitebook-850-g5g6-15.6-full-hd-business-laptop-intel-core-i7-8665u-processor-8gb-ram-256gb-nvme-m.2-ssd-thunderbolt-3-usb-c-hd-webcam-windows-11-pro-premium-enterprise-notebook-328432970.html,07/26/26 13:45,8,8,,,No Rating,Premium (30k-50k),0
laptops,"Lenovo Lenovo ThinkPad T460s, Intel Core i5, 8GB RAM, 512GB SSD, 14""","Lenovo Lenovo ThinkPad T460s, Intel Core i5, 8GB RAM, 512GB SSD, 14""",25999,32000,18.8,FALSE,3.8,0,https://www.jumia.co.ke/thinkpad-t460-core-i5-8gb-ram-500gb-hdd-6th-generation-14-renewed-lenovo-mpg1291485.html,07/26/26 13:45,8,8,,,Good,Mid-Range (15k-30k),0.436
laptops,"Refurbished ThinkPad Yoga 11e Touch Screen Intel Celeron 8GB 128GB SSD 11.6""","Refurbished ThinkPad Yoga 11e Touch Screen Intel Celeron 8GB 128GB SSD 11.6""",12800,28000,54.3,FALSE,3.9,0,https://www.jumia.co.ke/renewed-refurbished-thinkpad-yoga-11e-touch-screen-intel-celeron-8gb-128gb-ssd-11.6-309719166.html,07/26/26 13:45,8,,,,Good,Entry (5k-15k),0.553
laptops,"Elitebook 840 G3 (Refurbished), Intel Core i5 6th Gen, 8GB RAM, 256GB SSD, 14-Inch FHD Laptop - Silver (6 Months WRTY)","Elitebook 840 G3 (Refurbished), Intel Core i5 6th Gen, 8GB RAM, 256GB SSD, 14-Inch FHD Laptop - Silver (6 Months WRTY)",23999,46999,48.9,FALSE,3.8,0,https://www.jumia.co.ke/renewed-elitebook-840-g3-refurbished-intel-core-i5-6th-gen-8gb-ram-256gb-ssd-14-inch-fhd-laptop-silver-6-months-wrty-69832784.html,07/26/26 13:45,8,8,,,Good,Mid-Range (15k-30k),0.527
laptops,"Refurbished EliteBook 820 G2 Core I5-5300U 2.3GHz, 8GB RAM 500GB HDD 12.5"" Windows 10 Pro","Refurbished EliteBook 820 G2 Core I5-5300U 2.3GHz, 8GB RAM 500GB HDD 12.5"" Windows 10 Pro",16480,32000,48.5,FALSE,3.2,0,https://www.jumia.co.ke/renewed-refurbished-elitebook-820-g2-core-i5-5300u-2.3ghz-8gb-ram-500gb-hdd-12.5-windows-10-pro-172416195.html,07/26/26 13:45,8,8,,,Average,Mid-Range (15k-30k),0.466
laptops,"Refurbished Hp ProBook 640 Intel Core i5, 8GB RAM, 256GB SSD, 14"" - Black (6 Months Warranty)","Refurbished Hp ProBook 640 Intel Core i5, 8GB RAM, 256GB SSD, 14"" - Black (6 Months Warranty)",18525,27000,31.4,FALSE,3.6,0,https://www.jumia.co.ke/renewed-refurbished-hp-probook-640-intel-core-i5-8gb-ram-256gb-ssd-14-black-6-months-warranty-325307176.html,07/26/26 13:45,8,8,,,Good,Mid-Range (15k-30k),0.454
laptops,"Refurbished Chromebook 3180 Laptop Computer, 11.6 Inch Laptop PC, Intel Celeron N3060, 4GB RAM, 16GB SSD, Web Camera, Wi-Fi, Bluetooth, HDMI, Chrome OS,","Refurbished Chromebook 3180 Laptop Computer, 11.6 Inch Laptop PC, Intel Celeron N3060, 4GB RAM, 16GB SSD, Web Camera, Wi-Fi, Bluetooth, HDMI, Chrome OS,",7999,15798,49.4,FALSE,3.8,0,https://www.jumia.co.ke/renewed-refurbished-chromebook-3180-laptop-computer-11.6-inch-laptop-pc-intel-celeron-n3060-4gb-ram-16gb-ssd-web-camera-wi-fi-bluetooth-hdmi-chrome-os-280981482.html,07/26/26 13:45,4,4,,,Good,Entry (5k-15k),0.528
laptops,"Lenovo ThinkPad T490s Touchscreen – Intel Core i5 8th Gen, 8GB RAM, 256GB SSD, 14"" FHD Refurbished 6moths warranty","Lenovo ThinkPad T490s Touchscreen – Intel Core i5 8th Gen, 8GB RAM, 256GB SSD, 14"" FHD Refurbished 6moths warranty",24499,29000,15.5,FALSE,0,0,https://www.jumia.co.ke/lenovo-thinkpad-t490s-touchscreen-intel-core-i5-8th-gen-8gb-ram-256gb-ssd-14-fhd-refurbished-6moths-warranty-328522141.html,07/26/26 13:45,8,8,,,No Rating,Mid-Range (15k-30k),0.046
laptops,"Apple MacBook Pro 13""- Core I5 -8GB RAM, 256GB SSD (2012) Laptop -Silver","Apple  MacBook Pro 13""- Core I5 -8GB RAM, 256GB SSD (2012) Laptop -Silver",19899,26500,24.9,FALSE,4.5,0,https://www.jumia.co.ke/apple-macbook-pro-13-core-i5-8gb-ram-256gb-ssd-2012-laptop-silver-326887451.html,07/26/26 13:45,8,8,,,Excellent,Mid-Range (15k-30k),0.525
laptops,"Refurbished Lenovo ThinkPad x260 12.5'', Intel Core i5, 8GB RAM, 256GB SSD - Black (6 Months Warranty)","Refurbished Lenovo ThinkPad x260 12.5'', Intel Core i5, 8GB RAM, 256GB SSD - Black (6 Months Warranty)",15996,40000,60,TRUE,3.3,0,https://www.jumia.co.ke/renewed-refurbished-lenovo-thinkpad-x260-12.5-intel-core-i5-8gb-ram-256gb-ssd-black-6-months-warranty-270294120.html,07/26/26 13:45,8,8,,,Average,Mid-Range (15k-30k),0.51
laptops,"Refurbished Elitebook 840 Core I5, Slim Model , 8GB RAM 500GB HDD -14"", Black (6 Months WRTY)","Refurbished Elitebook 840  Core  I5, Slim Model ,  8GB RAM 500GB  HDD -14"", Black  (6 Months WRTY)",18999,29999,36.7,FALSE,3.6,0,https://www.jumia.co.ke/renewed-refurbished-elitebook-840-core-i5-slim-model-8gb-ram-500gb-hdd-14-black-6-months-wrty-106787503.html,07/26/26 13:45,8,8,,,Good,Mid-Range (15k-30k),0.47
laptops,"Lenovo THINKPAD 11e Intel Celeron 8GB Ram, 128GB Ssd Touch Screen","Lenovo  THINKPAD 11e Intel Celeron 8GB Ram, 128GB Ssd Touch Screen",13599,23000,40.9,FALSE,5,0,https://www.jumia.co.ke/lenovo-thinkpad-11e-intel-celeron-8gb-ram-128gb-ssd-touch-screen-324640838.html,07/26/26 13:45,8,8,,,Excellent,Entry (5k-15k),0.623
laptops,"HP EliteBook 840 G6 -8th Gen -Core I5, 8GB RAM, 256GB-SSD Windows 11 Pro Installed 6Months Warranty","HP EliteBook 840 G6 -8th Gen -Core I5, 8GB RAM, 256GB-SSD Windows 11 Pro Installed 6Months Warranty",28999,35000,17.1,FALSE,1.8,0,https://www.jumia.co.ke/hp-elitebook-840-g6-8th-gen-core-i5-8gb-ram-256gb-ssd-windows-11-pro-installed-6months-warranty-327069850.html,07/26/26 13:45,8,8,,,Poor,Mid-Range (15k-30k),0.231
laptops,"Lenovo ThinkPad Yoga 11e X360 Intel -Touchscreen- 11.6""- 4GB RAM - SSD 128GB - Black, free Bag. refurbished","Lenovo ThinkPad Yoga 11e X360 Intel -Touchscreen- 11.6""- 4GB RAM - SSD 128GB - Black, free Bag. refurbished",12999,19999,35,FALSE,0,0,https://www.jumia.co.ke/lenovo-thinkpad-yoga-11e-x360-intel-touchscreen-11.6-4gb-ram-ssd-128gb-black-free-bag.-refurbished-328442124.html,07/26/26 13:45,4,4,,,No Rating,Entry (5k-15k),0.105
laptops,"Chromebook – 4GB RAM, 32GB SSD, 11.6” HD Display, Wi-Fi, Chrome OS – Refurbished","Chromebook – 4GB RAM, 32GB SSD, 11.6” HD Display, Wi-Fi, Chrome OS – Refurbished",7000,20000,65,TRUE,4.1,0,https://www.jumia.co.ke/renewed-chromebook-4gb-ram-32gb-ssd-11.6-hd-display-wi-fi-chrome-os-refurbished-326248155.html,07/26/26 13:45,4,4,,,Good,Entry (5k-15k),0.605
laptops,"HP 8th Generation, Probook X360 11 G4 EE Intel Core I5 8GB RAM 256GB SSD 8th Generation 11.6 Inches Touchscreen, HDMI, 2 In 1 Laptop, refurb. free bag","HP 8th Generation, Probook X360 11 G4 EE Intel Core I5 8GB RAM 256GB SSD 8th Generation 11.6 Inches Touchscreen, HDMI, 2 In 1 Laptop, refurb. free bag",21999,29999,26.7,FALSE,0,0,https://www.jumia.co.ke/hp-8th-generation-probook-x360-11-g4-ee-intel-core-i5-8gb-ram-256gb-ssd-8th-generation-11.6-inches-touchscreen-hdmi-2-in-1-laptop-refurb.-free-bag-328437696.html,07/26/26 13:45,8,8,,,No Rating,Mid-Range (15k-30k),0.08
laptops,"EliteBook 840 Intel Core I5, hdd 500gb , Ram 8gb, 14'' inches Display, Windows 11 PRO Activated, Office & Basic Software Installed, Free Bag + Free Wireless Mouse + Charger + Mouse Pad + Free Extension. Refurbished","EliteBook 840 Intel Core I5, hdd 500gb , Ram 8gb, 14'' inches Display, Windows 11 PRO Activated, Office & Basic Software Installed, Free Bag + Free Wireless Mouse + Charger + Mouse Pad + Free Extension. Refurbished",19998,,0,FALSE,4.5,0,https://www.jumia.co.ke/elitebook-840-intel-core-i5-hdd-500gb-ram-8gb-14-inches-display-windows-11-pro-activated-office-basic-software-installed-free-bag-free-wireless-mouse-charger-mouse-pad-free-extension.-refurbished-hp-mpg10289683.html,07/26/26 13:45,,,,,Excellent,Mid-Range (15k-30k),0.45
laptops,"HP Renewed Elitebook 820 Core I5, 8GB RAM 500GB HdD -12.5"", Black, free Bag, Mouse and pad","HP Renewed Elitebook 820 Core I5, 8GB RAM 500GB HdD -12.5"", Black, free Bag, Mouse and pad",18999,,0,FALSE,0,0,https://www.jumia.co.ke/hp-renewed-elitebook-820-core-i5-8gb-ram-500gb-hdd-12.5-black-free-bag-mouse-and-pad-328108108.html,07/26/26 13:45,8,8,,,No Rating,Mid-Range (15k-30k),0
laptops,Lenovo Thinkpad X250 Intel Core I5 8GB RAM 256GB SSD 12.5'' Black,Lenovo Thinkpad X250 Intel Core I5 8GB RAM 256GB SSD 12.5'' Black,16999,29500,42.4,FALSE,3.4,0,https://www.jumia.co.ke/lenovo-thinkpad-x250-intel-core-i5-8gb-ram-256gb-ssd-12.5-black-158940589.html,07/26/26 13:45,8,8,,,Average,Mid-Range (15k-30k),0.467
laptops,"Lenovo Refurbished ThinkPad Yoga 11e Touchscreen 11.6"" Laptop Intel Celeron 4GB RAM 128GB SSD Webcam HDMI Wifi With Windows 11 PRO Installed Activated, Office 2021 Pro Installed Activated + Free Wireless Mouse","Lenovo Refurbished ThinkPad Yoga 11e Touchscreen 11.6"" Laptop Intel Celeron 4GB RAM 128GB SSD Webcam HDMI Wifi With Windows 11 PRO Installed Activated, Office 2021 Pro Installed Activated + Free Wireless Mouse",13500,20000,32.5,FALSE,0,0,https://www.jumia.co.ke/refurbished-thinkpad-yoga-11e-touchscreen-11.6-laptop-intel-celeron-4gb-ram-128gb-ssd-webcam-hdmi-wifi-with-windows-11-pro-installed-activated-office-2021-pro-installed-activated-free-wireless-mouse-lenovo-mpg9555657.html,07/26/26 13:45,4,4,,,No Rating,Entry (5k-15k),0.098
laptops,"Renewed EliteBook 840 - Intel Core i5, 8GB RAM, 500GB HDD, 14"" - Refurbished","Renewed EliteBook 840 - Intel Core i5, 8GB RAM, 500GB HDD, 14"" - Refurbished",18999,30000,36.7,FALSE,0,0,https://www.jumia.co.ke/renewed-renewed-elitebook-840-intel-core-i5-8gb-ram-500gb-hdd-14-refurbished-327906423.html,07/26/26 13:45,8,8,,,No Rating,Mid-Range (15k-30k),0.11
laptops,"Lenovo Renewed ThinkPad T470s Core i5 8GB RAM 256GB SSD 14"" Ultrabook","Lenovo Renewed ThinkPad T470s Core i5 8GB RAM 256GB SSD 14"" Ultrabook",18500,29000,36.2,FALSE,4.2,0,https://www.jumia.co.ke/lenovo-renewed-thinkpad-t470s-core-i5-8gb-ram-256gb-ssd-14-ultrabook-326252528.html,07/26/26 13:45,8,8,,,Good,Mid-Range (15k-30k),0.529
laptops,"Lenovo 8GB RAM, 500GB HDD, Renewed Laptops ThinkPad X240 Intel Core I5, Windows 11 PRO Activated, Office & Basic Software + Free smart Watch+ Charger + Wireless Mouse + Mouse Pad + Free Extension.","Lenovo 8GB RAM, 500GB HDD, Renewed Laptops ThinkPad X240  Intel Core I5, Windows 11 PRO Activated, Office & Basic Software + Free smart Watch+ Charger + Wireless Mouse + Mouse Pad + Free Extension.",18999,20000,5,FALSE,0,0,https://www.jumia.co.ke/lenovo-8gb-ram-500gb-hdd-renewed-laptops-thinkpad-x240-intel-core-i5-windows-11-pro-activated-office-basic-software-free-smart-watch-charger-wireless-mouse-mouse-pad-free-extension.-328213148.html,07/26/26 13:45,8,8,,,No Rating,Mid-Range (15k-30k),0.015
laptops,HP Hewlett Packard EliteBook 840 G3 Renewed 6th Gen Core i5 8GB RAM 256GB SSD 14 Inches Silver,HP Hewlett Packard EliteBook 840 G3 Renewed 6th Gen Core i5 8GB RAM 256GB SSD 14 Inches Silver,23999,35000,31.4,FALSE,4.5,0,https://www.jumia.co.ke/hp-hewlett-packard-elitebook-840-g3-renewed-6th-gen-core-i5-8gb-ram-256gb-ssd-14-inches-silver-325400174.html,07/26/26 13:45,8,8,,,Excellent,Mid-Range (15k-30k),0.544
laptops,"ThinkPad X260 Intel Core I5, 8GB RAM, 256GB SSD, 12.5'' REFURBISHED","ThinkPad X260 Intel Core I5, 8GB RAM, 256GB SSD, 12.5'' REFURBISHED",15990,28000,42.9,FALSE,3.8,0,https://www.jumia.co.ke/renewed-thinkpad-x260-intel-core-i5-8gb-ram-256gb-ssd-12.5-refurbished-172363965.html,07/26/26 13:45,8,8,,,Good,Mid-Range (15k-30k),0.509
laptops,"Refurbished Hp Elitebook 820 Core i5, 8GB RAM, 500GB HDD, 12.5"" - Black (6 Months Warranty)","Refurbished Hp Elitebook 820 Core i5, 8GB RAM, 500GB HDD, 12.5"" - Black (6 Months Warranty)",15410,25000,38.4,FALSE,0,0,https://www.jumia.co.ke/renewed-refurbished-hp-elitebook-820-core-i5-8gb-ram-500gb-hdd-12.5-black-6-months-warranty-156089300.html,07/26/26 13:45,8,8,,,No Rating,Mid-Range (15k-30k),0.115
laptops,"HP core i7 840 g4 8gb ram, 256gb ssd EliteBook 840 G4","HP core i7 840 g4 8gb ram, 256gb ssd EliteBook 840 G4",26000,30000,13.3,FALSE,3,0,https://www.jumia.co.ke/hp-core-i7-840-g4-8gb-ram-256gb-ssd-elitebook-840-g4-325918032.html,07/26/26 13:45,,,,,Average,Mid-Range (15k-30k),0.34
laptops,"ProBook 640 G5/G4 -Core i5 -8GB RAM-256GB SSD- Refurbished-14""-Win 11 -Silver, RENEWED","ProBook 640 G5/G4 -Core i5 -8GB RAM-256GB SSD- Refurbished-14""-Win 11 -Silver, RENEWED",23999,35000,31.4,FALSE,3.6,0,https://www.jumia.co.ke/renewed-probook-640-g5g4-core-i5-8gb-ram-256gb-ssd-refurbished-14-win-11-silver-renewed-327725307.html,07/26/26 13:45,8,8,,,Good,Mid-Range (15k-30k),0.454
laptops,"Refurbished ThinkPad x250 Intel Core i5, 8GB-256GB SSD, 12.5'' - Black (6 Months Warranty)","Refurbished ThinkPad x250 Intel Core i5, 8GB-256GB SSD, 12.5'' - Black (6 Months Warranty)",15496,28000,44.7,FALSE,4.1,0,https://www.jumia.co.ke/renewed-refurbished-thinkpad-x250-intel-core-i5-8gb-256gb-ssd-12.5-black-6-months-warranty-166192413.html,07/26/26 13:45,256,,,,Good,Mid-Range (15k-30k),0.544
laptops,"HP Laptops EliteBook 840 G1 Intel Core i5, 8GB RAM, 500GB HDD Refurbished Laptop, 14"" Screen Display, Office & Basic Software Windows 11 PRO Activated, Office & Basic software Installed + Free Bag + Charger + wireless Mouse,MousePad + Extension","HP Laptops EliteBook 840 G1 Intel Core i5, 8GB RAM, 500GB HDD Refurbished Laptop, 14"" Screen Display, Office & Basic Software  Windows 11 PRO Activated, Office & Basic software Installed + Free Bag + Charger + wireless Mouse,MousePad + Extension",19999,25000,20,FALSE,3.7,0,https://www.jumia.co.ke/renewed-hp-laptops-elitebook-840-g1-intel-core-i5-8gb-ram-500gb-hdd-refurbished-laptop-14-screen-display-office-basic-software-windows-11-pro-activated-office-basic-software-installed-free-bag-charger-wireless-mousemousepad-extension-299264225.html,07/26/26 13:45,8,8,,,Good,Mid-Range (15k-30k),0.43
laptops,"Refurbished HP EliteBook 820, Intel Core I5, Slim Model ,8GB RAM , 256GB SSD, Black- 12.5","Refurbished HP EliteBook 820, Intel Core I5, Slim Model ,8GB RAM , 256GB SSD, Black- 12.5",16899,30000,43.7,FALSE,3.7,0,https://www.jumia.co.ke/refurbished-elitebook-820-intel-core-i5-slim-model-8gb-ram-256gb-ssd-black-12.5-hp-mpg1702393.html,07/26/26 13:45,8,8,,,Good,Mid-Range (15k-30k),0.501
laptops,"HP Renewed Laptops 8GB Ram, 500GB HDD EliteBook 820 G1, 12.5'' Screen Display Intel Core i5 Laptop. Bluetooth,Webcam, Windows 11 PRO Activated, Office & Software Installed + Free Phone + Free Bag + Charger + Wireless Mouse,MousePad + Extension.","HP Renewed  Laptops 8GB Ram, 500GB HDD EliteBook 820 G1, 12.5'' Screen Display Intel Core i5 Laptop. Bluetooth,Webcam, Windows 11 PRO Activated, Office & Software Installed + Free Phone + Free Bag + Charger + Wireless Mouse,MousePad + Extension.",20499,30000,31.7,FALSE,0,0,https://www.jumia.co.ke/hp-renewed-laptops-8gb-ram-500gb-hdd-elitebook-820-g1-12.5-screen-display-intel-core-i5-laptop.-bluetoothwebcam-windows-11-pro-activated-office-software-installed-free-phone-free-bag-charger-wireless-mousemousepad-extension.-328296793.html,07/26/26 13:45,8,8,,,No Rating,Mid-Range (15k-30k),0.095
laptops,"Asus C403 Intel Celeron N3360 4GB RAM 32 GB SSD 14"" FHD NON-TOUCH DISPLAY REFURBISHED","Asus C403 Intel Celeron N3360 4GB RAM 32 GB SSD 14"" FHD NON-TOUCH DISPLAY REFURBISHED",8000,,0,FALSE,4.8,0,https://www.jumia.co.ke/asus-c403-intel-celeron-n3360-4gb-ram-32-gb-ssd-14-fhd-non-touch-display-refurbished-326896698.html,07/26/26 13:45,4,4,,,Excellent,Entry (5k-15k),0.48
laptops,HP EliteBook 840 G7 Touchscreen 10th Gen Core i5-16GB RAM-256GB SSD-Refurbished-Windows 11 Pro -Silver-14'',HP EliteBook 840 G7 Touchscreen 10th Gen Core i5-16GB RAM-256GB SSD-Refurbished-Windows 11 Pro -Silver-14'',35999,45000,20,FALSE,0,0,https://www.jumia.co.ke/hp-elitebook-840-g7-touchscreen-10th-gen-core-i5-16gb-ram-256gb-ssd-refurbished-windows-11-pro-silver-14-328486377.html,07/26/26 13:45,16,16,,,No Rating,Premium (30k-50k),0.06
laptops,"ThinkPad X380 Yoga – 13.3"" FHD Touch, Intel Core i5 (8th Gen), 8GB RAM, 256GB SSD, X360 Convertible with Pen, Windows 11 Pro, Refurbished – Black + 6 Months Warranty","ThinkPad X380 Yoga – 13.3"" FHD Touch, Intel Core i5 (8th Gen), 8GB RAM, 256GB SSD, X360 Convertible with Pen, Windows 11 Pro, Refurbished – Black + 6 Months Warranty",26500,35600,25.6,FALSE,4,0,https://www.jumia.co.ke/thinkpad-x380-yoga-13.3-fhd-touch-intel-core-i5-8th-gen-8gb-ram-256gb-ssd-x360-convertible-with-pen-windows-11-pro-refurbished-black-6-months-warranty-lenovo-mpg10357194.html,07/26/26 13:45,8,8,,,Good,Mid-Range (15k-30k),0.477
laptops,"8GB RAM 256GB SSD ThinkPad Yoga 11e Refurbished Laptop X360 Touchscreen Webcam Bluetooth, HDMI WIFI With Windows 11 PRO Activated, Office 2021 Pro, Basic Software Installed","8GB RAM 256GB SSD ThinkPad Yoga 11e Refurbished Laptop X360 Touchscreen Webcam Bluetooth, HDMI WIFI With Windows 11 PRO Activated, Office 2021 Pro, Basic Software Installed",18799,25000,24.8,FALSE,0,0,https://www.jumia.co.ke/renewed-8gb-ram-256gb-ssd-thinkpad-yoga-11e-refurbished-laptop-x360-touchscreen-webcam-bluetooth-hdmi-wifi-with-windows-11-pro-activated-office-2021-pro-basic-software-installed-327379921.html,07/26/26 13:45,8,8,,,No Rating,Mid-Range (15k-30k),0.074
laptops,"ThinkPad T490-8th Gen-Core i5-16GB RAM-128GB SSD-Refurbished- 14""-Black-Win 11","ThinkPad T490-8th Gen-Core i5-16GB RAM-128GB SSD-Refurbished- 14""-Black-Win 11",24499,36000,31.9,FALSE,3,0,https://www.jumia.co.ke/renewed-thinkpad-t490-8th-gen-core-i5-16gb-ram-128gb-ssd-refurbished-14-black-win-11-327584152.html,07/26/26 13:45,16,16,,,Average,Mid-Range (15k-30k),0.396
laptops,"HP Laptops EliteBook 840 G5 Intel Core i5 8th Gen Laptop 8GB RAM 256GB SSD 14"" Full HD,Drivers Ready, Office & Basic Software, windows 11 pro + Charger + Free Wireless Mouse + Extension","HP Laptops EliteBook 840 G5 Intel Core i5 8th Gen Laptop 8GB RAM 256GB SSD 14"" Full HD,Drivers Ready, Office & Basic Software, windows 11 pro + Charger + Free Wireless Mouse + Extension",29984,39000,23.1,FALSE,0,0,https://www.jumia.co.ke/hp-laptops-elitebook-840-g5-intel-core-i5-8th-gen-laptop-8gb-ram-256gb-ssd-14-full-hddrivers-ready-office-basic-software-windows-11-pro-charger-free-wireless-mouse-extension-328297296.html,07/26/26 13:45,8,8,,,No Rating,Mid-Range (15k-30k),0.069
laptops,"Lenovo ThinkPad Yoga 11e X360 - Intel Celeron, 4GB RAM, 128GB SSD, 11.6"" Touchscreen, Black","Lenovo ThinkPad Yoga 11e X360 - Intel Celeron, 4GB RAM, 128GB SSD, 11.6"" Touchscreen, Black",12999,60000,78.3,TRUE,5,0,https://www.jumia.co.ke/lenovo-thinkpad-yoga-11e-x360-intel-celeron-4gb-ram-128gb-ssd-11.6-touchscreen-black-327873337.html,07/26/26 13:45,4,4,,,Excellent,Entry (5k-15k),0.735
laptops,"Refurbished Lenovo ThinkPad x250 Intel Core i5, 8GB RAM, 500GB HDD, 12.5'', Windows 10 - Black (6 Months Warranty)","Refurbished Lenovo ThinkPad x250 Intel Core i5, 8GB RAM, 500GB HDD, 12.5'', Windows 10 - Black (6 Months Warranty)",15495,27000,42.6,FALSE,3.7,0,https://www.jumia.co.ke/refurbished-thinkpad-x250-intel-core-i5-8gb-ram-500gb-hdd-12.5-black-win-10-lenovo-mpg1833915.html,07/26/26 13:45,8,8,,,Good,Mid-Range (15k-30k),0.498
laptops,"Lenovo ThinkPad Yoga 11e X360 Intel -Touchscreen- 11.6""- 4GB RAM - SSD 128GB - Black","Lenovo  ThinkPad Yoga 11e X360 Intel -Touchscreen- 11.6""- 4GB RAM - SSD 128GB - Black",12999,25999,50,FALSE,4.5,0,https://www.jumia.co.ke/lenovo-thinkpad-yoga-11e-x360-intel-touchscreen-11.6-4gb-ram-ssd-128gb-black-327122966.html,07/26/26 13:45,4,4,,,Excellent,Entry (5k-15k),0.6
laptops,"HP 1OTH Generation, ProBook laptop 11 X360 G6 10th gen core i5 8GB Ram 256GB SSD Touchscreen Display","HP  1OTH Generation, ProBook laptop 11 X360 G6 10th gen core i5 8GB Ram 256GB SSD Touchscreen Display",24599,28999,15.2,FALSE,4,0,https://www.jumia.co.ke/hp-1oth-generation-probook-laptop-11-x360-g6-10th-gen-core-i5-8gb-ram-256gb-ssd-touchscreen-display-327786634.html,07/26/26 13:45,8,8,,,Good,Mid-Range (15k-30k),0.446
laptops,"Lenovo Thinkpad Yoga X370 Core i5 8GB 256GB SSD, 12.5 Inches Touchscreen With stylus pen","Lenovo Thinkpad Yoga  X370 Core i5 8GB 256GB SSD, 12.5 Inches Touchscreen With stylus pen",25499,34000,25,FALSE,3.3,0,https://www.jumia.co.ke/lenovo-thinkpad-yoga-x370-core-i5-8gb-256gb-ssd-12.5-inches-touchscreen-with-stylus-pen-325840738.html,07/26/26 13:45,8,,,,Average,Mid-Range (15k-30k),0.405
laptops,"Refurbished MacBook Pro 13""- Core I5 -8GB RAM, 256GB SSD (2012) Laptop -Silver","Refurbished MacBook Pro 13""- Core I5 -8GB RAM, 256GB SSD (2012) Laptop -Silver",18099,30000,39.7,FALSE,0,0,https://www.jumia.co.ke/renewed-refurbished-macbook-pro-13-core-i5-8gb-ram-256gb-ssd-2012-laptop-silver-325798882.html,07/26/26 13:45,8,8,,,No Rating,Mid-Range (15k-30k),0.119
laptops,"HP Renewed EliteBook 840 G1/G2 - Intel Core i5, 8GB RAM, 256GB SSD, 14"" - Black","HP Renewed EliteBook 840 G1/G2 - Intel Core i5, 8GB RAM, 256GB SSD, 14"" - Black",17899,30000,40.3,FALSE,3.8,0,https://www.jumia.co.ke/hp-renewed-elitebook-840-g1g2-intel-core-i5-8gb-ram-256gb-ssd-14-black-247886969.html,07/26/26 13:45,8,8,,,Good,Mid-Range (15k-30k),0.501
laptops,"EliteBook 830 G5 Core I5 8250U 8GB 256GB -Refurbished-13.3""'.Silver.","EliteBook 830 G5 Core I5 8250U 8GB 256GB -Refurbished-13.3""'.Silver.",26499,45999,42.4,FALSE,4.2,0,https://www.jumia.co.ke/elitebook-830-g5-core-i5-8250u-8gb-256gb-refurbished-13.3.silver-hp-mpg7351963.html,07/26/26 13:45,8,,,,Good,Mid-Range (15k-30k),0.547
laptops,"8GB RAM, 500GB HDD Laptops Lenovo ThinkPad X240/X250 Intel Core I5, Windows 11 PRO Activated, Office & Basic Software + Bag + Charger + Wireless Mouse + Mouse Pad + Free Extension.","8GB RAM, 500GB HDD Laptops Lenovo ThinkPad X240/X250 Intel Core I5, Windows 11 PRO Activated, Office & Basic Software + Bag + Charger + Wireless Mouse + Mouse Pad + Free Extension.",18999,19000,0,FALSE,0,0,https://www.jumia.co.ke/renewed-8gb-ram-500gb-hdd-laptops-lenovo-thinkpad-x240x250-intel-core-i5-windows-11-pro-activated-office-basic-software-bag-charger-wireless-mouse-mouse-pad-free-extension.-328212774.html,07/26/26 13:45,8,8,,,No Rating,Mid-Range (15k-30k),0
laptops,"HP EliteBook 840 G1 Laptop – Intel Core i5, 8GB RAM, 500GB HDD, 14” Full HD Display (1080p), Windows 10 Pro, Free Mouse","HP EliteBook 840 G1 Laptop – Intel Core i5, 8GB RAM, 500GB HDD, 14” Full HD Display (1080p), Windows 10 Pro, Free Mouse",18500,28500,35.1,FALSE,3.3,0,https://www.jumia.co.ke/hp-elitebook-840-g1-laptop-intel-core-i5-8gb-ram-500gb-hdd-14-full-hd-display-1080p-windows-10-pro-free-mouse-327629173.html,07/26/26 13:45,8,8,,,Average,Mid-Range (15k-30k),0.435
laptops,"Refurbished MacBook Pro 13"" Core i5, 2.4GHz 8GB RAM, 500GB HDD (2012) - Silver (6 Months Warranty)","Refurbished MacBook Pro 13"" Core i5, 2.4GHz 8GB RAM, 500GB HDD (2012) - Silver (6 Months Warranty)",18499,35000,47.1,FALSE,5,0,https://www.jumia.co.ke/macbook-pro-13-core-i5-2.4ghz-8gb-ram-500gb-hdd-2012-silver-renewed-apple-mpg1474084.html,07/26/26 13:45,8,8,,,Excellent,Mid-Range (15k-30k),0.641
laptops,"Lenovo Renewed Laptops ThinkPad X240 Intel Core I5, 8GB RAM, 320GB HDD, Windows 11 PRO Activated, Office & Basic Software + Free smart Watch+ Charger + Wireless Mouse + Mouse Pad + Free Extension.","Lenovo Renewed Laptops ThinkPad X240  Intel Core I5, 8GB RAM, 320GB HDD, Windows 11 PRO Activated, Office & Basic Software + Free smart Watch+ Charger + Wireless Mouse + Mouse Pad + Free Extension.",18500,19999,7.5,FALSE,0,0,https://www.jumia.co.ke/lenovo-renewed-laptops-thinkpad-x240-intel-core-i5-8gb-ram-320gb-hdd-windows-11-pro-activated-office-basic-software-free-smart-watch-charger-wireless-mouse-mouse-pad-free-extension.-328213050.html,07/26/26 13:45,8,8,,,No Rating,Mid-Range (15k-30k),0.022
laptops,"DELL Latitude 7280 Intel i5 2.40GHz Processor, 8GB RAM DDR4, 256GB SSD, HDMI, Webcam, WiFi , Windows 10 Pro","DELL Latitude 7280 Intel i5 2.40GHz Processor, 8GB RAM DDR4, 256GB SSD, HDMI, Webcam, WiFi , Windows 10 Pro",19989,24000,16.7,FALSE,3.9,0,https://www.jumia.co.ke/dell-latitude-7280-intel-i5-2.40ghz-processor-8gb-ram-ddr4-256gb-ssd-hdmi-webcam-wifi-windows-10-pro-310920897.html,07/26/26 13:45,8,8,,,Good,Mid-Range (15k-30k),0.44
laptops,"HP ProBook 640 G5/G4 -Core i5 -8GB RAM-256GB SSD- Refurbished-14""-Win 11 -Silver, RENEWED","HP ProBook 640 G5/G4 -Core i5 -8GB RAM-256GB SSD- Refurbished-14""-Win 11 -Silver, RENEWED",22890,31000,26.2,FALSE,4.3,0,https://www.jumia.co.ke/probook-640-g5g4-core-i5-8gb-ram-256gb-ssd-refurbished-14-win-11-silver-renewed-hp-mpg10245748.html,07/26/26 13:45,8,8,,,Good,Mid-Range (15k-30k),0.509
laptops,"HP EliteBook 845 G8 – 14"" FHD, AMD Ryzen 5 Pro, 16GB RAM, 512GB SSD, Windows 11 Pro, Refurbished – Silver + 6 Months Warranty","HP EliteBook 845 G8 – 14"" FHD, AMD Ryzen 5 Pro, 16GB RAM, 512GB SSD, Windows 11 Pro, Refurbished – Silver + 6 Months Warranty",38700,51000,24.1,FALSE,0,0,https://www.jumia.co.ke/hp-elitebook-845-g8-14-fhd-amd-ryzen-5-pro-16gb-ram-512gb-ssd-windows-11-pro-refurbished-silver-6-months-warranty-328295330.html,07/26/26 13:45,16,16,,,No Rating,Premium (30k-50k),0.072
laptops,"HP Renewed Laptops 16GB RAM 512GB SSD 840 G1 Intel Core I5 14"" Laptop, Windows 11 PRO Activated, Office & Basic software Installed, Free Smart Watch Free Bag + Charger + Wireless Mouse + Mouse Pad + extension.","HP Renewed Laptops 16GB RAM 512GB SSD 840 G1  Intel Core I5  14"" Laptop, Windows 11 PRO Activated, Office & Basic software Installed, Free Smart Watch Free Bag + Charger + Wireless Mouse + Mouse Pad + extension.",31600,35000,9.7,FALSE,0,0,https://www.jumia.co.ke/hp-renewed-laptops-16gb-ram-512gb-ssd-840-g1-intel-core-i5-14-laptop-windows-11-pro-activated-office-basic-software-installed-free-smart-watch-free-bag-charger-wireless-mouse-mouse-pad-extension.-328433445.html,07/26/26 13:45,16,16,,,No Rating,Premium (30k-50k),0.029
laptops,"ProBook 640 G4/G5-Core i5-8th Gen-8GB RAM-256GB SSD- Refurbished-14""-Win 11 -Silver","ProBook 640 G4/G5-Core i5-8th Gen-8GB RAM-256GB SSD- Refurbished-14""-Win 11 -Silver",26899,35499,24.2,FALSE,0,0,https://www.jumia.co.ke/renewed-probook-640-g4g5-core-i5-8th-gen-8gb-ram-256gb-ssd-refurbished-14-win-11-silver-327345587.html,07/26/26 13:45,8,8,,,No Rating,Mid-Range (15k-30k),0.073
laptops,"Probook 640 Core I5, 8GB RAM, 500GB HDD, 14'' Inch Screen Display Laptop Windows 11 PRO Activated, Office & Basic software Installed, Free Bag + Free wireless mouse + Charger + Mouse Pad + Extension, refurbished","Probook 640 Core I5, 8GB RAM, 500GB HDD, 14'' Inch Screen Display Laptop Windows 11 PRO Activated, Office & Basic software Installed, Free Bag + Free wireless mouse + Charger + Mouse Pad + Extension, refurbished",19999,,0,FALSE,4,0,https://www.jumia.co.ke/probook-640-core-i5-8gb-ram-500gb-hdd-14-inch-screen-display-laptop-windows-11-pro-activated-office-basic-software-installed-free-bag-free-wireless-mouse-charger-mouse-pad-extension-refurbished-hp-mpg10302466.html,07/26/26 13:45,8,8,,,Good,Mid-Range (15k-30k),0.4
laptops,"ThinkPad T490-Core i5 -8th Gen-16GB RAM-256GB SSD-Refurbished-14""-Black-Win 11","ThinkPad T490-Core i5 -8th Gen-16GB RAM-256GB SSD-Refurbished-14""-Black-Win 11",27999,36000,22.2,FALSE,4.5,0,https://www.jumia.co.ke/renewed-thinkpad-t490-core-i5-8th-gen-16gb-ram-256gb-ssd-refurbished-14-black-win-11-327584188.html,07/26/26 13:45,16,16,,,Excellent,Mid-Range (15k-30k),0.517
laptops,"Apple Refurbished MacBook Pro 13"" Core I5 8GB RAM, 1TB HDD ( 2012) 2.5GHz- Silver, 6 Months WRTY","Apple Refurbished MacBook Pro 13"" Core I5 8GB RAM, 1TB HDD ( 2012)  2.5GHz- Silver, 6 Months WRTY",23560,49999,52.9,FALSE,4.4,0,https://www.jumia.co.ke/refurbished-macbook-pro-13-core-i5-8gb-ram-1tb-hdd-2012-2.5ghz-silver-apple-mpg1291358.html,07/26/26 13:45,8,8,,,Good,Mid-Range (15k-30k),0.599
laptops,"Refurbished Elitebook 840 G5 8th Generation Core I5, 16GB RAM, 512GBGB SSD -14"" inches screen display windows 10 pro installed and activated plus complete charger","Refurbished Elitebook 840 G5 8th Generation Core I5, 16GB RAM, 512GBGB SSD -14"" inches screen display windows 10 pro installed and activated plus complete charger",35000,36000,2.8,FALSE,4.1,0,https://www.jumia.co.ke/renewed-refurbished-elitebook-840-g5-8th-generation-core-i5-16gb-ram-512gbgb-ssd-14-inches-screen-display-windows-10-pro-installed-and-activated-plus-complete-charger-294202970.html,07/26/26 13:45,16,16,,,Good,Premium (30k-50k),0.418
laptops,"Lenovo Renewed Laptops ThinkPad Yoga 11e X360 Touch Screen Intel Celeron 8GB 128GB SSD 11.6"" Laptop Drivers Ready, Office & Basic Software windows 11 pro Installed, Charger + Free Mouse","Lenovo Renewed  Laptops ThinkPad Yoga 11e X360 Touch Screen Intel Celeron 8GB 128GB SSD 11.6"" Laptop  Drivers Ready, Office & Basic Software windows 11 pro Installed, Charger + Free Mouse",14999,20000,25,FALSE,3,0,https://www.jumia.co.ke/lenovo-renewed-laptops-thinkpad-yoga-11e-x360-touch-screen-intel-celeron-8gb-128gb-ssd-11.6-laptop-drivers-ready-office-basic-software-windows-11-pro-installed-charger-free-mouse-327379814.html,07/26/26 13:45,8,,,,Average,Entry (5k-15k),0.375
laptops,HP EliteBook 840 G6 Core i7 8GB RAM 256SSD 14 Inch Display FHD Display Bluetooth MS Office 2019,HP EliteBook 840 G6 Core i7  8GB RAM 256SSD 14 Inch Display FHD Display Bluetooth MS Office 2019,33999,56000,39.3,FALSE,0,0,https://www.jumia.co.ke/hp-elitebook-840-g6-core-i7-8gb-ram-256ssd-14-inch-display-fhd-display-bluetooth-ms-office-2019-157294379.html,07/26/26 13:45,8,8,,,No Rating,Premium (30k-50k),0.118
laptops,"HP Renwed Laptops 16GB Ram, 500GB Hard Disk Laptop Probook 640 G1, Intel Core i5, 4th generation,14'' Inches Screen Display Laptop, Windows 11 PRO Activated, Office & Basic Software Installed + Free Bag + Charger +Mouse Pad + Free Wireless Mouse+ Extension","HP  Renwed Laptops 16GB Ram, 500GB Hard Disk Laptop Probook 640 G1, Intel Core i5, 4th generation,14'' Inches Screen Display Laptop, Windows 11 PRO Activated, Office & Basic Software Installed + Free Bag + Charger +Mouse Pad + Free Wireless Mouse+ Extension",22599,25000,9.6,FALSE,3,0,https://www.jumia.co.ke/16gb-ram-500gb-hard-disk-refurbished-laptop-probook-640-g1-intel-core-i5-4th-generation14-inches-screen-display-laptop-windows-11-pro-activated-office-basic-software-installed-free-bag-charger-mouse-pad-free-wireless-mouse-extension-hp-mpg9564645.html,07/26/26 13:45,16,16,,,Average,Mid-Range (15k-30k),0.329
laptops,"256GB SSD 8GB RAM Refurbished Laptop ThinkPad Yoga 11e X360 Touchscreen Webcam Bluetooth, HDMI WIFI Windows 11 PRO Activated, Office Pro, Basic software Installed, Free Bag + Free wireless mouse + Charger + Mouse Pad + Free Extension.","256GB SSD  8GB RAM Refurbished Laptop ThinkPad Yoga 11e X360 Touchscreen  Webcam Bluetooth, HDMI WIFI  Windows 11 PRO Activated, Office Pro, Basic software Installed, Free Bag + Free wireless mouse + Charger + Mouse Pad + Free Extension.",19999,26000,23.1,FALSE,4,0,https://www.jumia.co.ke/renewed-256gb-ssd-8gb-ram-refurbished-laptop-thinkpad-yoga-11e-x360-touchscreen-webcam-bluetooth-hdmi-wifi-windows-11-pro-activated-office-pro-basic-software-installed-free-bag-free-wireless-mouse-charger-mouse-pad-free-extension.-327386395.html,07/26/26 13:45,256,8,,,Good,Mid-Range (15k-30k),0.469
laptops,"DELL Latitude 7280 – 12.5"" HD/FHD, Intel Core i5 (7th Gen), 8GB RAM, 256GB SSD, Windows 11 Pro, Refurbished – Black + 6 Months Warranty","DELL Latitude 7280 – 12.5"" HD/FHD, Intel Core i5 (7th Gen), 8GB RAM, 256GB SSD, Windows 11 Pro, Refurbished – Black + 6 Months Warranty",18500,27000,31.5,FALSE,0,0,https://www.jumia.co.ke/dell-latitude-7280-12.5-hdfhd-intel-core-i5-7th-gen-8gb-ram-256gb-ssd-windows-11-pro-refurbished-black-6-months-warranty-328295770.html,07/26/26 13:45,8,8,,,No Rating,Mid-Range (15k-30k),0.094
laptops,HP ProBook 11 G1 Intel Celeron 4gb ram 128gb ssd Touchscreen,HP ProBook 11 G1 Intel Celeron 4gb ram 128gb ssd Touchscreen,12999,18000,27.8,FALSE,3.5,0,https://www.jumia.co.ke/hp-probook-11-g1-intel-celeron-4gb-ram-128gb-ssd-touchscreen-327153323.html,07/26/26 13:45,,,,,Good,Entry (5k-15k),0.433
laptops,"DELL Latitude REFURBISHED 7290 INTEL CORE I5 8GB RAM MEMORY 256GB SSD 8TH GENERATION13""-Black-Win 11 pro installed and activated plus complete charger","DELL Latitude REFURBISHED 7290 INTEL CORE I5 8GB RAM MEMORY 256GB SSD 8TH GENERATION13""-Black-Win 11 pro installed and activated plus complete charger",20899,31000,32.6,FALSE,0,0,https://www.jumia.co.ke/dell-latitude-refurbished-7290-intel-core-i5-8gb-ram-memory-256gb-ssd-8th-generation13-black-win-11-pro-installed-and-activated-plus-complete-charger-327762179.html,07/26/26 13:45,8,8,,,No Rating,Mid-Range (15k-30k),0.098
laptops,"HP Refurbished 640 G2 8GB RAM,500GB HDD Core I5 6th Gen 14"" Inch Display Laptop WINDOWS 11 PRO ACTIVATED,Office & Basic Softwares Installed","HP  Refurbished 640 G2 8GB RAM,500GB HDD Core I5 6th Gen 14"" Inch Display Laptop WINDOWS 11 PRO ACTIVATED,Office & Basic Softwares Installed",19500,30000,35,FALSE,0,0,https://www.jumia.co.ke/hp-refurbished-640-g2-8gb-ram500gb-hdd-core-i5-6th-gen-14-inch-display-laptop-windows-11-pro-activatedoffice-basic-softwares-installed-328254350.html,07/26/26 13:45,8,8,,,No Rating,Mid-Range (15k-30k),0.105
laptops,"Lenovo Thinkpad X13 Yoga x360 core 15 16GB RAM 512GB SSD 10th generation Quad core 13.3 Inches FHD Touch windows 11 pro, HD Camera, HDMI, USB Type C, Stylus Pen convertible 2 in 1 Refurbished laptop","Lenovo  Thinkpad X13 Yoga x360 core 15 16GB RAM 512GB SSD 10th generation Quad core 13.3 Inches FHD Touch windows 11 pro, HD Camera, HDMI, USB Type C, Stylus Pen convertible 2 in 1 Refurbished laptop",43000,55000,21.8,FALSE,0,0,https://www.jumia.co.ke/lenovo-thinkpad-x13-yoga-x360-core-15-16gb-ram-512gb-ssd-10th-generation-quad-core-13.3-inches-fhd-touch-windows-11-pro-hd-camera-hdmi-usb-type-c-stylus-pen-convertible-2-in-1-refurbished-laptop-325912413.html,07/26/26 13:45,16,16,,,No Rating,Premium (30k-50k),0.065
laptops,"DELL Latitude 7280, Core I5 8GB RAM 256GB SSD, 12.5"" RENEWED","DELL Latitude 7280, Core I5  8GB RAM 256GB SSD, 12.5"" RENEWED",18990,28500,33.4,FALSE,4.2,0,https://www.jumia.co.ke/latitude-7280-core-i5-8gb-ram-256gb-ssd-12.5-refurbished-dell-mpg1474094.html,07/26/26 13:46,8,8,,,Good,Mid-Range (15k-30k),0.52
laptops,"HP 1OTH Generation, ProBook laptop 11 X360 G6 10th gen core i5 8GB Ram 256GB SSD Touchscreen Display","HP 1OTH Generation, ProBook laptop 11 X360 G6 10th gen core i5 8GB Ram 256GB SSD Touchscreen Display",23999,32999,27.3,FALSE,0,0,https://www.jumia.co.ke/hp-1oth-generation-probook-laptop-11-x360-g6-10th-gen-core-i5-8gb-ram-256gb-ssd-touchscreen-display-328437527.html,07/26/26 13:46,8,8,,,No Rating,Mid-Range (15k-30k),0.082
laptops,"Apple Renewed MacBook Pro 13"" - Inte Corel i5, 16GB RAM, 256GB SSD, Macbook Operating System Installed, Office Installed, Free Bag + Smart watch + Charger + Wireless Mouse + Mouse Pad + Free Extension","Apple Renewed MacBook Pro 13"" - Inte Corel i5, 16GB RAM, 256GB SSD, Macbook Operating System Installed, Office Installed, Free Bag + Smart watch + Charger + Wireless Mouse + Mouse Pad + Free Extension",24999,32000,21.9,FALSE,3.9,0,https://www.jumia.co.ke/refurbished-16gb-ram-macbook-pro-132012-fast-256gb-ssd-macbook-operating-system-installed-office-installedfree-bag-charger-wireless-mouse-mouse-pad-free-extension.-apple-mpg9548155.html,07/26/26 13:46,16,16,,,Good,Mid-Range (15k-30k),0.456
laptops,"MacBook Pro 13"" Core I5 2.4GHz 8GB RAM, 500GB HDD (2012) Silver Refurbished, free bag","MacBook Pro 13"" Core I5 2.4GHz 8GB RAM, 500GB HDD (2012) Silver Refurbished, free bag",18999,29999,36.7,FALSE,5,0,https://www.jumia.co.ke/renewed-macbook-pro-13-core-i5-2.4ghz-8gb-ram-500gb-hdd-2012-silver-refurbished-free-bag-328299813.html,07/26/26 13:46,8,8,,,Excellent,Mid-Range (15k-30k),0.61
laptops,"HP Renewed Elitebook 840 G3 6th Gen , Core I5, 8GB RAM- SSD 256 -14"", Sliver","HP Renewed Elitebook 840 G3 6th Gen , Core I5, 8GB RAM- SSD 256 -14"", Sliver",22800,38000,40,FALSE,3.4,0,https://www.jumia.co.ke/hp-renewed-elitebook-840-g3-6th-gen-core-i5-8gb-ram-ssd-256-14-sliver-168153032.html,07/26/26 13:46,8,8,,,Average,Mid-Range (15k-30k),0.46
laptops,"HP Elite X2 1012 G2 Detachable 2-in-1, Intel Core I5 7th Gen, 8GB RAM, 256GB SSD 12.3"" HD Touchscreen Display","HP Elite X2 1012 G2 Detachable 2-in-1, Intel Core I5 7th Gen, 8GB RAM, 256GB SSD 12.3"" HD Touchscreen Display",29500,40000,26.2,FALSE,0,0,https://www.jumia.co.ke/hp-elite-x2-1012-g2-detachable-2-in-1-intel-core-i5-7th-gen-8gb-ram-256gb-ssd-12.3-hd-touchscreen-display-327916939.html,07/26/26 13:46,8,8,,,No Rating,Mid-Range (15k-30k),0.079
laptops,Universal HDD Caddy Slim 9.5mm SATA,Universal HDD Caddy Slim 9.5mm SATA,700,800,12.5,FALSE,4.3,0,https://www.jumia.co.ke/generic-universal-hdd-caddy-slim-9.5mm-sata-326500086.html,07/26/26 13:46,,,,,Good,Budget (<5k),0.467
laptops,"Lenovo ThinkPad X280 Intel Core i5-8350U Quad-Core 8GB RAM 256GB SSD 12.5"" FHD IPS Display","Lenovo  ThinkPad X280 Intel Core i5-8350U Quad-Core 8GB RAM 256GB SSD 12.5"" FHD IPS Display",21499,28100,23.5,FALSE,4.3,0,https://www.jumia.co.ke/thinkpad-x280-intel-core-i5-8350u-quad-core-8gb-ram-256gb-ssd-12.5-fhd-ips-display-lenovo-mpg9537867.html,07/26/26 13:46,8,8,,,Good,Mid-Range (15k-30k),0.5
laptops,"HP EliteBook 830 G7 - Intel Core i5 10th Gen - 8GB RAM - 256GB NVMe SSD - 13.3"" FHD Touch screen, Windows 11 Pro - Refurbished + 6 Months Warranty","HP EliteBook 830 G7 - Intel Core i5 10th Gen - 8GB RAM - 256GB NVMe SSD - 13.3"" FHD Touch screen, Windows 11 Pro - Refurbished + 6 Months Warranty",34999,44900,22.1,FALSE,0,0,https://www.jumia.co.ke/hp-elitebook-830-g7-intel-core-i5-10th-gen-8gb-ram-256gb-nvme-ssd-13.3-fhd-touch-screen-windows-11-pro-refurbished-6-months-warranty-328635293.html,07/26/26 13:46,8,8,,,No Rating,Premium (30k-50k),0.066
laptops,DELL Latitude 7280 6th Gen-Core I5-8GB Ram-256GB SSD-Refurbished-Win 10,DELL Latitude 7280 6th Gen-Core I5-8GB Ram-256GB SSD-Refurbished-Win 10,18250,60000,69.6,TRUE,0,0,https://www.jumia.co.ke/dell-latitude-7280-6th-gen-core-i5-8gb-ram-256gb-ssd-refurbished-win-10-327873118.html,07/26/26 13:46,8,8,,,No Rating,Mid-Range (15k-30k),0.209
laptops,"Elitebook 840 Core I5, Slim Model , 8GB RAM 500GB HDD -14"", Black, refurbished","Elitebook 840 Core I5, Slim Model , 8GB RAM 500GB HDD -14"", Black, refurbished",18999,29999,36.7,FALSE,0,0,https://www.jumia.co.ke/renewed-elitebook-840-core-i5-slim-model-8gb-ram-500gb-hdd-14-black-refurbished-327350770.html,07/26/26 13:46,8,8,,,No Rating,Mid-Range (15k-30k),0.11
laptops,"Lenovo Renewed Laptops ThinkPad X240 Intel Core I5, 8GB RAM, 500GB HDD, Windows 11 PRO Activated, Office & Basic Software + Bag + Charger + Wireless Mouse + Mouse Pad + Free Extension.","Lenovo Renewed Laptops ThinkPad X240  Intel Core I5, 8GB RAM, 500GB HDD, Windows 11 PRO Activated, Office & Basic Software + Bag + Charger + Wireless Mouse + Mouse Pad + Free Extension.",16989,19000,10.6,FALSE,4,0,https://www.jumia.co.ke/lenovo-renewed-laptops-thinkpad-x240-intel-core-i5-8gb-ram-500gb-hdd-windows-11-pro-activated-office-basic-software-bag-charger-wireless-mouse-mouse-pad-free-extension.-328212866.html,07/26/26 13:46,8,8,,,Good,Mid-Range (15k-30k),0.432
laptops,Elitebook 840 G3 Intel Core i7 6th Gen 16GB RAM 512GB SSD 14 Inches- refurbished,Elitebook 840 G3 Intel Core i7 6th Gen 16GB RAM 512GB SSD 14 Inches- refurbished,32499,47599,31.7,FALSE,4.1,0,https://www.jumia.co.ke/renewed-elitebook-840-g3-intel-core-i7-6th-gen-16gb-ram-512gb-ssd-14-inches-refurbished-169297990.html,07/26/26 13:46,16,16,,,Good,Premium (30k-50k),0.505
laptops,"Lenovo Renewed ThinkPad X390, Intel i5-8350U, 8GB RAM, 256GB SSD, 13.3"" Ultrabook, Black","Lenovo Renewed ThinkPad X390, Intel i5-8350U, 8GB RAM, 256GB SSD, 13.3"" Ultrabook, Black",21790,30000,27.4,FALSE,5,0,https://www.jumia.co.ke/lenovo-renewed-thinkpad-x390-intel-i5-8350u-8gb-ram-256gb-ssd-13.3-ultrabook-black-327877240.html,07/26/26 13:46,8,8,,,Excellent,Mid-Range (15k-30k),0.582
laptops,ThinkPad X270 Intel Core I5-Refurbished-8GB RAM 256GB SSD Windows 10 Pro laptop,ThinkPad X270 Intel Core I5-Refurbished-8GB RAM 256GB SSD Windows 10 Pro laptop,16791,29000,42.1,FALSE,3.3,0,https://www.jumia.co.ke/renewed-thinkpad-x270-intel-core-i5-refurbished-8gb-ram-256gb-ssd-windows-10-pro-laptop-309562425.html,07/26/26 13:46,8,8,,,Average,Mid-Range (15k-30k),0.456
laptops,"DELL Latitude 5300 – Core i5 8th Gen, 8GB RAM, 256GB SSD, 13.3” Full HD, Windows 10 refurbiished","DELL Latitude 5300 – Core i5 8th Gen, 8GB RAM, 256GB SSD, 13.3” Full HD, Windows 10 refurbiished",21990,30000,26.7,FALSE,0,0,https://www.jumia.co.ke/dell-latitude-5300-core-i5-8th-gen-8gb-ram-256gb-ssd-13.3-full-hd-windows-10-refurbiished-327761901.html,07/26/26 13:46,8,8,,,No Rating,Mid-Range (15k-30k),0.08
laptops,"EliteBook 820 G3 Core I5 8GB-256GB SSD 6th Gen 12.5"" Refurbished Windows 10","EliteBook 820 G3 Core I5 8GB-256GB SSD 6th Gen 12.5"" Refurbished Windows 10",19999,35000,42.9,FALSE,3.8,0,https://www.jumia.co.ke/elitebook-820-g3-core-i5-8gb-256gb-ssd-6th-gen-12.5-renewed-windows-10-hp-mpg1556262.html,07/26/26 13:46,256,,,,Good,Mid-Range (15k-30k),0.509
laptops,Refurbished Thinkpad Intel Core I5 8 GB RAM 500 GB HDD 12.5'' Black (6 Months WRTY),Refurbished Thinkpad Intel Core I5 8 GB RAM 500 GB HDD 12.5'' Black  (6 Months WRTY),15699,37500,58.1,FALSE,3.3,0,https://www.jumia.co.ke/refurbished-thinkpad-intel-core-i5-8-gb-ram-500-gb-hdd-12.5-black-lenovo-mpg1857560.html,07/26/26 13:46,8,8,,,Average,Mid-Range (15k-30k),0.504
laptops,"Refurbished/Renewed Lenovo 11e - 11.6"" Celeron 128GB SSD-8GB RAM","Refurbished/Renewed Lenovo 11e - 11.6"" Celeron 128GB SSD-8GB RAM",12800,28000,54.3,FALSE,4.1,0,https://www.jumia.co.ke/refurbished-yoga-11e-11.6-touchscreen-intel-celeron-128gb-ssd-8gb-ramx360-lenovo-mpg1702427.html,07/26/26 13:46,128,8,,,Good,Entry (5k-15k),0.573
laptops,"Refurbished EliteBook 840 G5 Core I5 8GB 256GB -14""'.Silver","Refurbished EliteBook 840 G5 Core I5  8GB 256GB -14""'.Silver",28999,34999,17.1,FALSE,0,0,https://www.jumia.co.ke/renewed-refurbished-elitebook-840-g5-core-i5-8gb-256gb-14.silver-313791692.html,07/26/26 13:46,8,,,,No Rating,Mid-Range (15k-30k),0.051
laptops,"Lenovo Chromebook – 11.6"" HD, 4GB RAM, 32GB eMMC Storage, Chrome OS – Black","Lenovo Chromebook – 11.6"" HD, 4GB RAM, 32GB eMMC Storage, Chrome OS – Black",7400,14500,49,FALSE,0,0,https://www.jumia.co.ke/lenovo-chromebook-11.6-hd-4gb-ram-32gb-emmc-storage-chrome-os-black-328470392.html,07/26/26 13:46,4,4,,,No Rating,Entry (5k-15k),0.147
laptops,"Lenovo X270 Intel Core I5-Refurbished-8GB RAM 256GB SSD Windows 10 Pro Laptop, 6 Months WRTY","Lenovo X270 Intel Core I5-Refurbished-8GB RAM 256GB SSD Windows 10 Pro Laptop, 6 Months WRTY",17000,70000,75.7,TRUE,3.5,0,https://www.jumia.co.ke/x270-intel-core-i5-refurbished-8gb-ram-256gb-ssd-windows-10-pro-laptop-6-months-wrty-lenovo-mpg8356124.html,07/26/26 13:46,8,8,,,Good,Mid-Range (15k-30k),0.577
laptops,"HP 8GB RAM 256GB SSD EliteBook, Laptops, Refurbished Slim 840 G1 , 14'' Screen Display Intel Core i5 Laptop, Bluetooth,Webcam, Windows 11 PRO Activated, Office & Basic software Installed + Free Bag + Charger + wireless Mouse,MousePad + Extension","HP 8GB RAM 256GB SSD EliteBook, Laptops, Refurbished Slim  840 G1 , 14'' Screen Display Intel Core i5 Laptop,  Bluetooth,Webcam, Windows 11 PRO Activated, Office & Basic software Installed + Free Bag + Charger + wireless Mouse,MousePad + Extension",22999,28000,17.9,FALSE,0,0,https://www.jumia.co.ke/8gb-ram-256gb-ssd-elitebook-laptops-refurbished-slim-840-g1-14-screen-display-intel-core-i5-laptop-bluetoothwebcam-windows-11-pro-activated-office-basic-software-installed-free-bag-charger-wireless-mousemousepad-extension-hp-mpg10250258.html,07/26/26 13:46,8,8,,,No Rating,Mid-Range (15k-30k),0.054
laptops,"Refurbished EliteBook 840, RAM 8GB, HDD 500GB Core I5, 14"" Windows, Black, free bag, mouse and pad","Refurbished EliteBook 840, RAM 8GB, HDD 500GB Core I5, 14"" Windows, Black, free bag, mouse and pad",18999,29999,36.7,FALSE,3.3,0,https://www.jumia.co.ke/renewed-refurbished-elitebook-840-ram-8gb-hdd-500gb-core-i5-14-windows-black-free-bag-mouse-and-pad-316564406.html,07/26/26 13:46,8,,,,Average,Mid-Range (15k-30k),0.44
laptops,DELL Latitude 5300 Refurbished Core i5 -8th Generation 8GB RAM 256GB SSD X360 Touchscreen+WIN 11PRO + 6 months Warranty,DELL Latitude 5300 Refurbished Core i5 -8th Generation 8GB RAM 256GB SSD X360 Touchscreen+WIN 11PRO + 6 months Warranty,26799,35000,23.4,FALSE,0,0,https://www.jumia.co.ke/dell-latitude-5300-refurbished-core-i5-8th-generation-8gb-ram-256gb-ssd-x360-touchscreenwin-11pro-6-months-warranty-327761644.html,07/26/26 13:46,8,8,,,No Rating,Mid-Range (15k-30k),0.07
laptops,"8GB RAM, 320GB HDD Laptops Lenovo ThinkPad X240 Intel Core I5, Windows 11 PRO Activated, Office & Basic Software + Bag + Charger + Wireless Mouse + Mouse Pad + Free Extension.","8GB RAM, 320GB HDD Laptops Lenovo ThinkPad X240 Intel Core I5, Windows 11 PRO Activated, Office & Basic Software + Bag + Charger + Wireless Mouse + Mouse Pad + Free Extension.",17999,23000,21.7,FALSE,4.5,0,https://www.jumia.co.ke/renewed-8gb-ram-320gb-hdd-laptops-lenovo-thinkpad-x240-intel-core-i5-windows-11-pro-activated-office-basic-software-bag-charger-wireless-mouse-mouse-pad-free-extension.-328212791.html,07/26/26 13:46,8,8,,,Excellent,Mid-Range (15k-30k),0.515
laptops,"Refurbished Macbook Air 2017 Core i5 8GB RAM 256GB SSD 13.3 Inches, Mac OS, wifi, bluetooth, Slim Laptop","Refurbished Macbook Air 2017 Core i5 8GB RAM 256GB SSD 13.3 Inches, Mac OS, wifi, bluetooth, Slim Laptop",25000,45000,44.4,FALSE,0,0,https://www.jumia.co.ke/renewed-refurbished-macbook-air-2017-core-i5-8gb-ram-256gb-ssd-13.3-inches-mac-os-wifi-bluetooth-slim-laptop-327141701.html,07/26/26 13:46,8,8,,,No Rating,Mid-Range (15k-30k),0.133
laptops,"Chromebook 100e 11.6"" HD, 4GB RAM 16GB eMMC Refurbished Black + 6 Months Warranty","Chromebook 100e   11.6"" HD, 4GB RAM 16GB eMMC Refurbished Black + 6 Months Warranty",7400,14000,47.1,FALSE,5,0,https://www.jumia.co.ke/renewed-chromebook-100e-11.6-hd-4gb-ram-16gb-emmc-refurbished-black-6-months-warranty-327737448.html,07/26/26 13:46,4,4,,,Excellent,Entry (5k-15k),0.641
laptops,"DELL Refurbished Latitude 5420 14-Inch Full HD Business Laptop, Intel Core i5-1145G7, 16GB DDR4 RAM, 512GB PCIe NVMe SSD, Windows 11 Pro","DELL Refurbished Latitude 5420 14-Inch Full HD Business Laptop, Intel Core i5-1145G7, 16GB DDR4 RAM, 512GB PCIe NVMe SSD, Windows 11 Pro",32000,,0,FALSE,0,0,https://www.jumia.co.ke/dell-refurbished-latitude-5420-14-inch-full-hd-business-laptop-intel-core-i5-1145g7-16gb-ddr4-ram-512gb-pcie-nvme-ssd-windows-11-pro-328765171.html,07/26/26 13:46,16,,,,No Rating,Premium (30k-50k),0
laptops,"HP Refurbished ZBook Firefly 14 G8 Mobile Workstation – 14"" FHD Display, Intel Core i7-1185G7 11th Gen Processor, 4GB Dedicated Graphics, 16GB DDR4 RAM, 512GB PCIe SSD, Windows 11 Pro","HP Refurbished ZBook Firefly 14 G8 Mobile Workstation – 14"" FHD Display, Intel Core i7-1185G7 11th Gen Processor, 4GB Dedicated Graphics, 16GB DDR4 RAM, 512GB PCIe SSD, Windows 11 Pro",60000,,0,FALSE,3,0,https://www.jumia.co.ke/hp-refurbished-zbook-firefly-14-g8-mobile-workstation-14-fhd-display-intel-core-i7-1185g7-11th-gen-processor-4gb-dedicated-graphics-16gb-ddr4-ram-512gb-pcie-ssd-windows-11-pro-328433325.html,07/26/26 13:46,4,,,,Average,Luxury (>50k),0.3
laptops,"Lenovo ThinkPad T480s – 14"" FHD, Intel Core i5 (8th Gen), 8GB RAM, 256GB SSD, Windows 11 Pro, Refurbished – Black + 6 Months Warranty","Lenovo ThinkPad T480s – 14"" FHD, Intel Core i5 (8th Gen), 8GB RAM, 256GB SSD, Windows 11 Pro, Refurbished – Black + 6 Months Warranty",24300,32600,25.5,FALSE,2,0,https://www.jumia.co.ke/lenovo-thinkpad-t480s-14-fhd-intel-core-i5-8th-gen-8gb-ram-256gb-ssd-windows-11-pro-refurbished-black-6-months-warranty-328295814.html,07/26/26 13:46,8,8,,,Poor,Mid-Range (15k-30k),0.276
laptops,"Renewed HP EliteBook 820 - Intel Core i5, 8GB RAM, 500GB HDD, 12.5"" Display, Silver","Renewed HP EliteBook 820 - Intel Core i5, 8GB RAM, 500GB HDD, 12.5"" Display, Silver",0,,0,FALSE,4,0,https://www.jumia.co.ke/elitebook-820-g2-core-i5-8gb-ram-hdd-500gb-refurbished-hp-mpg1291425.html,07/26/26 13:46,8,8,,,Good,Price Unavailable,0.4
laptops,"DELL Latitude 7280 Ultrabook - Core i5-7300U, 8GB RAM, 256GB SSD, 12.5"" Display, Black","DELL Latitude 7280 Ultrabook - Core i5-7300U, 8GB RAM, 256GB SSD, 12.5"" Display, Black",19000,60000,68.3,TRUE,0,0,https://www.jumia.co.ke/dell-latitude-7280-ultrabook-core-i5-7300u-8gb-ram-256gb-ssd-12.5-display-black-327945968.html,07/26/26 13:46,8,8,,,No Rating,Mid-Range (15k-30k),0.205
laptops,"DELL Renewed Latitude 7280, Core I5 -6300U 6th Gen 2.60GHz, 8GB RAM, 256GB SSD, - 12.5""-Win 11","DELL Renewed Latitude 7280, Core I5 -6300U 6th Gen 2.60GHz, 8GB RAM, 256GB SSD, - 12.5""-Win 11",19999,29000,31,FALSE,4,0,https://www.jumia.co.ke/dell-renewed-latitude-7280-core-i5-6300u-6th-gen-2.60ghz-8gb-ram-256gb-ssd-12.5-win-11-325261921.html,07/26/26 13:46,8,8,,,Good,Mid-Range (15k-30k),0.493
laptops,"Lenovo OFFER OFFER!!!Thinkpad T460S 8GB Ram 256GB SSD Slim 14 inches Screen Display Ultrabook Refurbished Laptop Intel Core i5, Windows 11 PRO Activated, Office & Basic Software Installed, Free Bag + Charger + Wireless Mouse + Mouse Pad + Free Extension.","Lenovo OFFER OFFER!!!Thinkpad T460S 8GB Ram 256GB SSD Slim 14 inches Screen Display Ultrabook Refurbished Laptop Intel Core i5, Windows 11 PRO Activated, Office & Basic Software Installed, Free Bag + Charger + Wireless Mouse + Mouse Pad + Free Extension.",23300,36000,35.3,FALSE,0,0,https://www.jumia.co.ke/lenovo-offer-offerthinkpad-t460s-8gb-ram-256gb-ssd-slim-14-inches-screen-display-ultrabook-refurbished-laptop-intel-core-i5-windows-11-pro-activated-office-basic-software-installed-free-bag-charger-wireless-mouse-mouse-pad-free-extension.-328506983.html,07/26/26 13:46,8,8,,,No Rating,Mid-Range (15k-30k),0.106
laptops,"Apple MacBook Laptops 16GB RAM, 1TB HDD Refurbished MacBook Pro 13"" Laptop Core I5, Macbook Operating System Installed, Office Installed,Free Bag + Charger + Wireless Mouse + Mouse Pad + Free Extension. .","Apple MacBook Laptops 16GB RAM, 1TB HDD Refurbished MacBook Pro 13"" Laptop Core I5,  Macbook Operating System Installed, Office Installed,Free Bag + Charger + Wireless Mouse + Mouse Pad + Free Extension. .",25889,30000,13.7,FALSE,0,0,https://www.jumia.co.ke/apple-macbook-laptops-16gb-ram-1tb-hdd-refurbished-macbook-pro-13-laptop-core-i5-macbook-operating-system-installed-office-installedfree-bag-charger-wireless-mouse-mouse-pad-free-extension.-.-189489345.html,07/26/26 13:46,16,16,,,No Rating,Mid-Range (15k-30k),0.041
laptops,ThinkPad T430/440 Intel Core i5 8GB RAM HDD 500GB 14 Inch Screen Laptop Windows 11 Refurbished,ThinkPad T430/440 Intel Core i5 8GB RAM HDD 500GB 14 Inch Screen Laptop Windows 11 Refurbished,16999,21999,22.7,FALSE,4,0,https://www.jumia.co.ke/renewed-thinkpad-t430440-intel-core-i5-8gb-ram-hdd-500gb-14-inch-screen-laptop-windows-11-refurbished-326874239.html,07/26/26 13:46,8,8,,,Good,Mid-Range (15k-30k),0.468
laptops,Lenovo ThinkPad X270 Intel Core I5-Refurbished-8GB RAM 256GB SSD Windows 10 Pro Laptop,Lenovo ThinkPad X270 Intel Core I5-Refurbished-8GB RAM 256GB SSD Windows 10 Pro Laptop,18300,26899,32,FALSE,5,0,https://www.jumia.co.ke/lenovo-thinkpad-x270-intel-core-i5-refurbished-8gb-ram-256gb-ssd-windows-10-pro-laptop-305611564.html,07/26/26 13:46,8,8,,,Excellent,Mid-Range (15k-30k),0.596
laptops,"Lenovo Thinkpad Yoga 380 Intel Core I5 8th Gen, 8GB Ram 256GB SSD X360 TouchScreen, Black, 13.3 screen display + MOUSE","Lenovo  Thinkpad Yoga 380 Intel Core I5 8th Gen, 8GB Ram 256GB SSD X360 TouchScreen, Black, 13.3 screen display + MOUSE",28789,32999,12.8,FALSE,0,0,https://www.jumia.co.ke/lenovo-thinkpad-yoga-380-intel-core-i5-8th-gen-8gb-ram-256gb-ssd-x360-touchscreen-black-13.3-screen-display-mouse-327785758.html,07/26/26 13:46,8,8,,,No Rating,Mid-Range (15k-30k),0.038
laptops,"Lenovo Laptops ThinkPad T490s - Intel Core i5 8th Generation Laptop, 8GB DDR4 RAM, 256GB SSD, 14.0 FHD, Window 10 Pro , Windows 11 PRO Activated, Office 2021 Pro, Basic Software Installed, Free Bag + Free Wireless Mouse + Charger + Mouse Pad + Free Extension.","Lenovo Laptops ThinkPad T490s - Intel Core i5 8th Generation Laptop, 8GB DDR4 RAM, 256GB SSD, 14.0 FHD, Window 10 Pro , Windows 11 PRO Activated, Office 2021 Pro, Basic Software Installed, Free Bag + Free Wireless Mouse + Charger + Mouse Pad + Free Extension.",29999,38000,21.1,FALSE,5,0,https://www.jumia.co.ke/lenovo-laptops-thinkpad-t490s-intel-core-i5-8th-generation-laptop-8gb-ddr4-ram-256gb-ssd-14.0-fhd-window-10-pro-windows-11-pro-activated-office-2021-pro-basic-software-installed-free-bag-free-wireless-mouse-charger-mouse-pad-free-extension.-327045648.html,07/26/26 13:46,8,,,,Excellent,Mid-Range (15k-30k),0.563
laptops,Lenovo ThinkPad X240 Intel Core I5 8GB RAM 256 GB Ssd 12.5'' Black- Renewed,Lenovo ThinkPad X240 Intel Core I5 8GB RAM 256 GB Ssd 12.5'' Black- Renewed,16799,25000,32.8,FALSE,4.3,0,https://www.jumia.co.ke/thinkpad-x240-intel-core-i5-8gb-ram-256-gb-ssd-12.5-black-renewed-lenovo-mpg8575055.html,07/26/26 13:46,8,8,,,Good,Mid-Range (15k-30k),0.528
laptops,"Lenovo Yoga 260 Touchscreen - Core I5 8GB RAM - 256GB SSD 6th Gen-,X360 12.5"", 6 Months WRTY","Lenovo  Yoga 260 Touchscreen - Core I5 8GB RAM - 256GB SSD 6th Gen-,X360 12.5"", 6 Months WRTY",22399,38000,41.1,FALSE,4,0,https://www.jumia.co.ke/yoga-260-touchscreen-core-i5-8gb-ram-256gb-ssd-6th-gen-x360-12.5-6-months-wrty-lenovo-mpg9530639.html,07/26/26 13:46,8,8,,,Good,Mid-Range (15k-30k),0.523
laptops,"Lenovo ThinkPad T490s, Core i5 8th Gen, 16GB RAM, 256GB SSD, 14"" Ultrabook, Black","Lenovo ThinkPad T490s, Core i5 8th Gen, 16GB RAM, 256GB SSD, 14"" Ultrabook, Black",27999,60000,53.3,FALSE,0,0,https://www.jumia.co.ke/lenovo-thinkpad-t490s-core-i5-8th-gen-16gb-ram-256gb-ssd-14-ultrabook-black-327944619.html,07/26/26 13:46,16,16,,,No Rating,Mid-Range (15k-30k),0.16
laptops,"Lenovo ThinkPad T450/ T440/S, Core i5 HDD 500GB RAM 8gb 14 inches Refurbished - Black","Lenovo ThinkPad T450/ T440/S, Core i5 HDD 500GB RAM 8gb 14 inches Refurbished - Black",16999,21999,22.7,FALSE,0,0,https://www.jumia.co.ke/lenovo-thinkpad-t450-t440s-core-i5-hdd-500gb-ram-8gb-14-inches-refurbished-black-326644285.html,07/26/26 13:46,500,500,,,No Rating,Mid-Range (15k-30k),0.068
laptops,"Lenovo Refurbished ThinkPad Yoga 11e Touch Screen Intel Celeron 4GB 128GB SSD 11.6""","Lenovo  Refurbished ThinkPad Yoga 11e Touch Screen Intel Celeron 4GB 128GB SSD 11.6""",13500,16500,18.2,FALSE,0,0,https://www.jumia.co.ke/lenovo-refurbished-thinkpad-yoga-11e-touch-screen-intel-celeron-4gb-128gb-ssd-11.6-309262205.html,07/26/26 13:46,4,,,,No Rating,Entry (5k-15k),0.055
laptops,Lenovo ThinkPad T480 Intel Core I5 8th Gen 8GB RAM 256GB SSD,Lenovo  ThinkPad T480 Intel Core I5 8th Gen 8GB RAM 256GB SSD,26346,34568,23.8,FALSE,0,0,https://www.jumia.co.ke/lenovo-thinkpad-t480-intel-core-i5-8th-gen-8gb-ram-256gb-ssd-326613612.html,07/26/26 13:46,8,8,,,No Rating,Mid-Range (15k-30k),0.071
laptops,"HP REFURBISHED EliteBook 840 G1 Intel Core I5 14"" Inch 4GB RAM 500GB HDD Win10, 6 Months WRTY","HP REFURBISHED EliteBook 840 G1 Intel Core I5 14"" Inch 4GB RAM 500GB HDD Win10, 6 Months WRTY",16980,70000,75.7,TRUE,4,0,https://www.jumia.co.ke/refurbished-elitebook-840-g1-intel-core-i5-14-inch-4gb-ram-500gb-hdd-win10-6-months-wrty-hp-mpg8359967.html,07/26/26 13:46,4,4,,,Good,Mid-Range (15k-30k),0.627
laptops,"HP EliteBook 830 G5 – Core I5 7th Gen, 8GB RAM, 256GB SSD, 13.3” FHD Display, Windows 10 Pro","HP  EliteBook 830 G5 – Core I5 7th Gen, 8GB RAM, 256GB SSD, 13.3” FHD Display, Windows 10 Pro",26999,46999,42.6,FALSE,0,0,https://www.jumia.co.ke/hp-elitebook-830-g5-core-i5-7th-gen-8gb-ram-256gb-ssd-13.3-fhd-display-windows-10-pro-325614437.html,07/26/26 13:46,8,8,,,No Rating,Mid-Range (15k-30k),0.128
laptops,"Lenovo ThinkPad X270 Core i5, 8GB RAM, 256GB SSD, 12.5""","Lenovo ThinkPad X270 Core i5, 8GB RAM, 256GB SSD, 12.5""",19000,24000,20.8,FALSE,0,0,https://www.jumia.co.ke/lenovo-thinkpad-x270-core-i5-8gb-ram-256gb-ssd-12.5-327633987.html,07/26/26 13:46,8,8,,,No Rating,Mid-Range (15k-30k),0.062
laptops,"Lenovo ThinkPad X280 Intel Core i5-8350U/7300U Quad-Core 8GB RAM 256GB SSD 12.5"" FHD IPS Display","Lenovo ThinkPad X280 Intel Core i5-8350U/7300U Quad-Core 8GB RAM 256GB SSD 12.5"" FHD IPS Display",19998,30000,33.3,FALSE,1,0,https://www.jumia.co.ke/lenovo-thinkpad-x280-intel-core-i5-8350u7300u-quad-core-8gb-ram-256gb-ssd-12.5-fhd-ips-display-326434900.html,07/26/26 13:46,8,8,,,Poor,Mid-Range (15k-30k),0.2
laptops,EliteBook 830 G5 Core I5 8250U 16GB 256GB 13.3 Inch refurbished Windows 10 Pro,EliteBook 830 G5 Core I5 8250U 16GB 256GB 13.3 Inch refurbished Windows 10 Pro,31499,46499,32.3,FALSE,4.3,0,https://www.jumia.co.ke/elitebook-830-g5-core-i5-8250u-16gb-256gb-13.3-inch-windows-10-pro-hp-mpg1337386.html,07/26/26 13:46,16,,,,Good,Premium (30k-50k),0.527
laptops,"HP Renewed Elitebook 820 Core I5, 4GB RAM 500GB HDD -12.5"", Black","HP Renewed Elitebook 820 Core I5, 4GB RAM 500GB HDD -12.5"", Black",15499,25000,38,FALSE,0,0,https://www.jumia.co.ke/renewed-elitebook-820-core-i5-4gb-ram-500gb-hdd-12.5-black-hp-mpg1702398.html,07/26/26 13:46,4,4,,,No Rating,Mid-Range (15k-30k),0.114
laptops,Elitebook 840 G3 Intel Core i5 6th Gen 8GB RAM 256GB SSD 14 Inches FHD Display Refurbished,Elitebook 840 G3 Intel Core i5 6th Gen 8GB RAM 256GB SSD 14 Inches FHD Display Refurbished,22199,30000,26,FALSE,3.7,0,https://www.jumia.co.ke/renewed-elitebook-840-g3-intel-core-i5-6th-gen-8gb-ram-256gb-ssd-14-inches-fhd-display-refurbished-309737070.html,07/26/26 13:46,8,8,,,Good,Mid-Range (15k-30k),0.448
laptops,"HP efurbished EliteBook 820 G1 Core I5 8GB RAM 500GB, Windows10, 6 Months WRTY","HP efurbished EliteBook 820 G1 Core I5 8GB RAM 500GB, Windows10, 6 Months WRTY",16400,35000,53.1,FALSE,0,0,https://www.jumia.co.ke/hp-efurbished-elitebook-820-g1-core-i5-8gb-ram-500gb-windows10-6-months-wrty-326965507.html,07/26/26 13:46,8,8,,,No Rating,Mid-Range (15k-30k),0.159
laptops,"Apple MacBook Pro 13"" Core I5 2.4GHz 8GB RAM, 500GB HDD (2012) Silver Refurbished","Apple  MacBook Pro 13"" Core I5 2.4GHz 8GB RAM, 500GB HDD (2012) Silver Refurbished",18996,34000,44.1,FALSE,0,0,https://www.jumia.co.ke/apple-macbook-pro-13-core-i5-2.4ghz-8gb-ram-500gb-hdd-2012-silver-refurbished-309564038.html,07/26/26 13:46,8,8,,,No Rating,Mid-Range (15k-30k),0.132
laptops,"Lenovo Yoga 260 X360 Touchscreen-Core I5-8GB RAM-256GB SSD 6th Gen-Reburbished 6 Months Warranty 13""-Black","Lenovo  Yoga 260 X360 Touchscreen-Core I5-8GB RAM-256GB SSD 6th Gen-Reburbished 6 Months Warranty 13""-Black",22499,35000,35.7,FALSE,5,0,https://www.jumia.co.ke/lenovo-yoga-260-12.5-touchscreen-intel-i5-8gb-ram-256gb-ssd-black-lenovo-mpg10341074.html,07/26/26 13:46,8,8,,,Excellent,Mid-Range (15k-30k),0.607
laptops,"Lenovo ThinkPad X380 Yoga 2-in-1 Laptop, 13.3in FHD (1920x1080) Touchscreen, Intel Core i5-8350U, 8GB DDR4, 256 GB Solid State Drive, Windows 11 Pro PLUS STYLUS PEN ,COMPLETE CHARGER","Lenovo ThinkPad X380 Yoga 2-in-1 Laptop, 13.3in FHD (1920x1080) Touchscreen, Intel Core i5-8350U, 8GB DDR4, 256 GB Solid State Drive, Windows 11 Pro PLUS STYLUS PEN ,COMPLETE CHARGER",30000,32000,6.2,FALSE,0,0,https://www.jumia.co.ke/lenovo-thinkpad-x380-yoga-2-in-1-laptop-13.3in-fhd-1920x1080-touchscreen-intel-core-i5-8350u-8gb-ddr4-256-gb-solid-state-drive-windows-11-pro-plus-stylus-pen-complete-charger-327655020.html,07/26/26 13:46,8,,,,No Rating,Premium (30k-50k),0.019
laptops,"HP EliteBook 840 G1 Laptop - Intel Core i5, 8GB RAM, 500GB HDD, 14"" HD Display, Windows 10 Pro, Certified Refurbished + Free Mouse + 6 Months Warranty","HP EliteBook 840 G1 Laptop - Intel Core i5, 8GB RAM, 500GB HDD, 14"" HD Display, Windows 10 Pro, Certified Refurbished + Free Mouse + 6 Months Warranty",18500,30000,38.3,FALSE,0,0,https://www.jumia.co.ke/elitebook-840-g1-laptop-intel-core-i5-8gb-ram-500gb-hdd-14-hd-display-windows-10-pro-certified-refurbished-free-mouse-6-months-warranty-hp-mpg10469210.html,07/26/26 13:46,8,8,,,No Rating,Mid-Range (15k-30k),0.115
laptops,"HP Laptops 8GB RAM, 500GB Hard Disk Elitebook Refurbished Laptop 14'' Inches Screen Display, & Intel Core I5 Laptop,Webcam, Windows 11 PRO Activated, Office & Basic Software Installed + Free Bag + Charger +Mouse Pad + Free Wireless Mouse+ Extension","HP Laptops 8GB RAM, 500GB Hard Disk Elitebook  Refurbished Laptop 14'' Inches Screen Display, & Intel Core I5 Laptop,Webcam, Windows 11 PRO Activated, Office & Basic Software Installed + Free Bag + Charger +Mouse Pad + Free Wireless Mouse+ Extension",19999,30000,33.3,FALSE,2,0,https://www.jumia.co.ke/elitebook-8440p-intel-core-i5-14-windows-11-pro-activated-refurbished-8gb-ram-fast-speed-256gb-ssd-office-2021-pro-basic-software-installed-free-wireless-mouse-hp-mpg7561630.html,07/26/26 13:46,8,8,,,Poor,Mid-Range (15k-30k),0.3
laptops,"Apple Refurbished MacBook Pro 13"" Core I5 16GB RAM, 1TB HDD 2.5GHz- Macbook Operating System Installed, Office Installed + Charger","Apple Refurbished MacBook Pro 13"" Core I5 16GB RAM, 1TB HDD  2.5GHz-  Macbook Operating System Installed, Office Installed + Charger",25500,30000,15,FALSE,0,0,https://www.jumia.co.ke/apple-refurbished-macbook-pro-13-core-i5-16gb-ram-1tb-hdd-2.5ghz-macbook-operating-system-installed-office-installed-charger-327378569.html,07/26/26 13:46,16,16,,,No Rating,Mid-Range (15k-30k),0.045
laptops,"Refurbished Elitebook 840 G3 6th Gen , Core I5, 8GB RAM- SSD 256GB -14"", Sliver (6M WRTY)","Refurbished Elitebook 840 G3 6th Gen , Core I5, 8GB RAM- SSD 256GB -14"", Sliver (6M WRTY)",21999,46999,53.2,FALSE,1,0,https://www.jumia.co.ke/refurbished-elitebook-840-g3-6th-gen-core-i5-8gb-ram-ssd-256gb-14-sliver-6m-wrty-renewed-mpg10460963.html,07/26/26 13:46,8,8,,,Poor,Mid-Range (15k-30k),0.26
laptops,"HP Refurbished EliteBook 845 G8 14"" Business Laptop – AMD Ryzen 5 5650U, 16GB RAM, 512GB SSD, FHD IPS, Radeon Graphics, Wi-Fi 6, Windows 11 Pro","HP Refurbished EliteBook 845 G8 14"" Business Laptop – AMD Ryzen 5 5650U, 16GB RAM, 512GB SSD, FHD IPS, Radeon Graphics, Wi-Fi 6, Windows 11 Pro",47000,,0,FALSE,5,0,https://www.jumia.co.ke/hp-refurbished-elitebook-845-g8-14-business-laptop-amd-ryzen-5-5650u-16gb-ram-512gb-ssd-fhd-ips-radeon-graphics-wi-fi-6-windows-11-pro-327734197.html,07/26/26 13:46,16,16,,,Excellent,Premium (30k-50k),0.5
laptops,"Lenovo Renewed ThinkPad T460s 8GB RAM 256GB SSD 14"" Intel Core i5 Windows 11 Pr","Lenovo Renewed  ThinkPad T460s 8GB RAM 256GB SSD 14"" Intel Core i5 Windows 11 Pr",23900,45000,46.9,FALSE,4,0,https://www.jumia.co.ke/lenovo-renewed-thinkpad-t460s-8gb-ram-256gb-ssd-14-intel-core-i5-windows-11-pr-327953674.html,07/26/26 13:46,8,8,,,Good,Mid-Range (15k-30k),0.541
laptops,"HP EliteBook 840 G6 -8th Gen -Core I5, 8GB RAM, 256GB-SSD Windows Touchscreen11 Pro Installed 6Months Warranty","HP  EliteBook 840 G6 -8th Gen -Core I5, 8GB RAM, 256GB-SSD Windows Touchscreen11 Pro Installed 6Months Warranty",32200,42000,23.3,FALSE,3,0,https://www.jumia.co.ke/hp-elitebook-840-g6-8th-gen-core-i5-8gb-ram-256gb-ssd-windows-touchscreen11-pro-installed-6months-warranty-327127261.html,07/26/26 13:46,8,8,,,Average,Premium (30k-50k),0.37
laptops,"Lenovo Thinkpad X250 Intel Core I5, 8GB RAM, 256GB SSD, 12.5"" Black, free Bag , mouse and pad","Lenovo Thinkpad X250 Intel Core I5, 8GB RAM, 256GB SSD, 12.5"" Black, free Bag , mouse and pad",16999,,0,FALSE,0,0,https://www.jumia.co.ke/lenovo-thinkpad-x250-intel-core-i5-8gb-ram-256gb-ssd-12.5-black-free-bag-mouse-and-pad-328108081.html,07/26/26 13:46,8,8,,,No Rating,Mid-Range (15k-30k),0
laptops,"HP EliteBook 840 G6 Touchscreen-8th Gen -Core I5, 8GB RAM, 256GB-SSD windows 11 pro installed and activaed plus complete charger","HP EliteBook 840 G6 Touchscreen-8th Gen -Core I5, 8GB RAM, 256GB-SSD windows 11 pro installed and activaed plus complete charger",32299,43000,24.9,FALSE,4.5,0,https://www.jumia.co.ke/hp-elitebook-840-g6-touchscreen-8th-gen-core-i5-8gb-ram-256gb-ssd-windows-11-pro-installed-and-activaed-plus-complete-charger-327127404.html,07/26/26 13:46,8,8,,,Excellent,Premium (30k-50k),0.525
laptops,"EliteBook 845 G8 – 14"" FHD AMD Ryzen 5 Pro 8GB RAM 256GB SSD refurbished 6 months warranty – Silver","EliteBook 845 G8 – 14"" FHD AMD Ryzen 5 Pro 8GB RAM 256GB SSD refurbished 6 months warranty – Silver",31700,49000,35.3,FALSE,4,0,https://www.jumia.co.ke/renewed-elitebook-845-g8-14-fhd-amd-ryzen-5-pro-8gb-ram-256gb-ssd-refurbished-6-months-warranty-silver-327710452.html,07/26/26 13:46,8,8,,,Good,Premium (30k-50k),0.506
laptops,"HP Laptop 15, Intel Core i7-1355U, 8GB RAM, 512GB SSD, Windows 11, 15.6"" FHD, Silver","HP Laptop 15, Intel Core i7-1355U, 8GB RAM, 512GB SSD, Windows 11, 15.6"" FHD, Silver",115000,,0,FALSE,0,0,https://www.jumia.co.ke/hp-laptop-15-intel-core-i7-1355u-8gb-ram-512gb-ssd-windows-11-15.6-fhd-silver-305952917.html,07/26/26 13:46,8,8,,,No Rating,Luxury (>50k),0
laptops,"Refurbished Latitude 7240/50 Core I5 8gb Ram + 256gb Ssd,","Refurbished Latitude 7240/50 Core I5 8gb Ram + 256gb Ssd,",16899,19999,15.5,FALSE,4,0,https://www.jumia.co.ke/refurbished-latitude-7240-core-i5-8gb-ram-256gb-ssd-dell-mpg10086221.html,07/26/26 13:46,,,,,Good,Mid-Range (15k-30k),0.446
laptops,"HP EliteBook 840 G6/G5 -8th Gen -Core I5, 8GB RAM, 256GB-SSD","HP EliteBook 840 G6/G5 -8th Gen -Core I5, 8GB RAM, 256GB-SSD",28999,29999,3.3,FALSE,4,0,https://www.jumia.co.ke/hp-elitebook-840-g6g5-8th-gen-core-i5-8gb-ram-256gb-ssd-327039084.html,07/26/26 13:46,8,8,,,Good,Mid-Range (15k-30k),0.41
laptops,"Lenovo ThinkPad T490s Touchscreen – Intel Core i5 8th Gen, 8GB RAM, 256GB SSD, 14"" FHD Business Laptop win 11pro refurbished 6 months warranty","Lenovo ThinkPad T490s Touchscreen – Intel Core i5 8th Gen, 8GB RAM, 256GB SSD, 14"" FHD Business Laptop win 11pro refurbished 6 months warranty",24050,32000,24.8,FALSE,0,0,https://www.jumia.co.ke/lenovo-thinkpad-t490s-touchscreen-intel-core-i5-8th-gen-8gb-ram-256gb-ssd-14-fhd-business-laptop-win-11pro-refurbished-6-months-warranty-328522746.html,07/26/26 13:46,8,8,,,No Rating,Mid-Range (15k-30k),0.074
laptops,HP Chromebook 11 G7 - Intel Celeron - 4GB RAM / 16GB - TYPE C- Wifi- Bluetooth – Camera - Refurbished (6 Months WRTY),HP Chromebook 11 G7 - Intel Celeron - 4GB RAM / 16GB - TYPE C- Wifi- Bluetooth – Camera - Refurbished (6 Months WRTY),8799,16999,48.2,FALSE,3.1,0,https://www.jumia.co.ke/renewed-hp-chromebook-11-g7-intel-celeron-4gb-ram-16gb-type-c-wifi-bluetooth-camera-refurbished-6-months-wrty-261846490.html,07/26/26 13:46,4,4,,,Average,Entry (5k-15k),0.455
laptops,"Lenovo Renewed ThinkPad X240/X250 Laptop, Intel Core i5, 8GB RAM, 256GB SSD, Windows 11 Pro,Drivers Ready, Office & Basic Software, windows 11 pro bag + Charger + mouse pad + Free Bluetooth Wireless Mouse + Extension","Lenovo Renewed ThinkPad X240/X250 Laptop, Intel Core i5, 8GB RAM, 256GB SSD, Windows 11 Pro,Drivers Ready, Office & Basic Software, windows 11 pro bag + Charger + mouse pad + Free Bluetooth Wireless Mouse + Extension",19999,30000,33.3,FALSE,5,0,https://www.jumia.co.ke/lenovo-renewed-thinkpad-x240x250-laptop-intel-core-i5-8gb-ram-256gb-ssd-windows-11-prodrivers-ready-office-basic-software-windows-11-pro-bag-charger-mouse-pad-free-bluetooth-wireless-mouse-extension-326735126.html,07/26/26 13:46,8,8,,,Excellent,Mid-Range (15k-30k),0.6
laptops,"HP EliteBook X360 Touchscreen 1030 G3 13.3"" Intel Core I7 2.6 GHz, 16GB RAM, 512 GB SSD","HP EliteBook X360 Touchscreen 1030 G3 13.3"" Intel Core I7 2.6 GHz, 16GB RAM, 512 GB SSD",48999,78000,37.2,FALSE,4.3,0,https://www.jumia.co.ke/elitebook-x360-1030-g2-13.3-intel-core-i7-2.6-ghz-16gb-ram-512-gb-ssd-hp-mpg1168202.html,07/26/26 13:46,16,16,,,Good,Premium (30k-50k),0.542
laptops,DELL REFURBISHED Precision 5531 Intel Core i7 12th gen 32 gb RAM 512 GB SSD Windows 11 15.6 Inch Display with a backpack laptop bag and a wireless mouse,DELL REFURBISHED Precision 5531 Intel Core i7 12th gen 32 gb RAM 512 GB SSD Windows 11 15.6 Inch Display with a backpack laptop bag and a wireless mouse,65990,77500,14.9,FALSE,0,0,https://www.jumia.co.ke/dell-refurbished-precision-5531-intel-core-i7-12th-gen-32-gb-ram-512-gb-ssd-windows-11-15.6-inch-display-with-a-backpack-laptop-bag-and-a-wireless-mouse-327991240.html,07/26/26 13:46,512,,,,No Rating,Luxury (>50k),0.045
laptops,"HP EliteBook 745 G6 – 14"" FHD, AMD Ryzen 7 Pro, 16GB RAM, 256GB SSD, 2GB Dedicated Graphics, Windows 11 Pro, Refurbished – Silver + 6 Months Warranty","HP EliteBook 745 G6 – 14"" FHD, AMD Ryzen 7 Pro, 16GB RAM, 256GB SSD, 2GB Dedicated Graphics, Windows 11 Pro, Refurbished – Silver + 6 Months Warranty",31700,42300,25.1,FALSE,0,0,https://www.jumia.co.ke/hp-elitebook-745-g6-14-fhd-amd-ryzen-7-pro-16gb-ram-256gb-ssd-2gb-dedicated-graphics-windows-11-pro-refurbished-silver-6-months-warranty-328605361.html,07/26/26 13:46,16,16,,,No Rating,Premium (30k-50k),0.075
laptops,"Refurbished EliteBook 820, Intel Core I5, Slim Model ,8GB RAM , 500HDD, Black- 12.5"", (6 Months WRTY)","Refurbished EliteBook 820, Intel Core I5, Slim Model ,8GB RAM , 500HDD, Black- 12.5"", (6 Months WRTY)",18499,28000,33.9,FALSE,0,0,https://www.jumia.co.ke/renewed-hp-elitebook-820-intel-core-i5-8gb-ram-500gb-hdd-12.5-black-renewed-mpg10354776.html,07/26/26 13:46,8,8,,,No Rating,Mid-Range (15k-30k),0.102
laptops,"Lenovo ThinkPad X280 Intel Core I5-8350U Quad-Core 8GB RAM 256GB SSD 12.5"" FHD IPS Display","Lenovo  ThinkPad X280 Intel Core I5-8350U Quad-Core 8GB RAM 256GB SSD 12.5"" FHD IPS Display",21898,28999,24.5,FALSE,4,0,https://www.jumia.co.ke/lenovo-thinkpad-x280-intel-core-i5-8350u-quad-core-8gb-ram-256gb-ssd-12.5-fhd-ips-display-327031659.html,07/26/26 13:46,8,8,,,Good,Mid-Range (15k-30k),0.474
laptops,DELL Latitude 5300 Refurbished Core i7 -8th Generation 8GB RAM 256GB SSD X360 Touchscreen+WIN 11PRO & FREE BAG,DELL Latitude 5300 Refurbished Core i7 -8th Generation 8GB RAM 256GB SSD X360 Touchscreen+WIN 11PRO & FREE BAG,34999,49999,30,FALSE,0,0,https://www.jumia.co.ke/dell-latitude-5300-refurbished-core-i7-8th-generation-8gb-ram-256gb-ssd-x360-touchscreenwin-11pro-free-bag-327578873.html,07/26/26 13:46,8,8,,,No Rating,Premium (30k-50k),0.09
laptops,"HP 16GB RAM 1TB HDD Storage 840 G1 Renewed Laptops Intel Core I5 14"" Laptop, Windows 11 PRO Activated, Office & Basic software Installed, Free Smart Watch Free Bag + Charger + Wireless Mouse + Mouse Pad + extension.","HP  16GB RAM 1TB HDD Storage  840 G1 Renewed Laptops Intel Core I5  14"" Laptop, Windows 11 PRO Activated, Office & Basic software Installed, Free Smart Watch Free Bag + Charger + Wireless Mouse + Mouse Pad + extension.",25999,34000,23.5,FALSE,0,0,https://www.jumia.co.ke/hp-16gb-ram-1tb-hdd-storage-840-g1-renewed-laptops-intel-core-i5-14-laptop-windows-11-pro-activated-office-basic-software-installed-free-smart-watch-free-bag-charger-wireless-mouse-mouse-pad-extension.-328433350.html,07/26/26 13:46,16,16,,,No Rating,Mid-Range (15k-30k),0.07
laptops,HP Elitebook 840 G1 core i5 8GB ram 500GB HDD 14 Inches HD Display,HP Elitebook 840 G1 core i5 8GB ram 500GB HDD 14 Inches HD Display,17500,25000,30,FALSE,0,0,https://www.jumia.co.ke/hp-elitebook-840-g1-core-i5-8gb-ram-500gb-hdd-14-inches-hd-display-327374617.html,07/26/26 13:46,8,8,,,No Rating,Mid-Range (15k-30k),0.09
laptops,"DELL Refurbished Latitude 5420 14-Inch Full HD Business Laptop, Intel Core i5-1145G7, 16GB DDR4 RAM, 256GB PCIe NVMe SSD, Windows 11 Pro","DELL Refurbished Latitude 5420 14-Inch Full HD Business Laptop, Intel Core i5-1145G7, 16GB DDR4 RAM, 256GB PCIe NVMe SSD, Windows 11 Pro",28500,,0,FALSE,0,0,https://www.jumia.co.ke/dell-refurbished-latitude-5420-14-inch-full-hd-business-laptop-intel-core-i5-1145g7-16gb-ddr4-ram-256gb-pcie-nvme-ssd-windows-11-pro-328764995.html,07/26/26 13:47,16,,,,No Rating,Mid-Range (15k-30k),0
laptops,"Refurbished EliteBook Folio 9480/70m -14"" Intel Core I5 Ram 8GB, Hdd 500gb Windows 10 - Silver","Refurbished EliteBook Folio 9480/70m -14"" Intel Core I5 Ram 8GB, Hdd 500gb Windows 10 - Silver",16999,40999,58.5,FALSE,3.5,0,https://www.jumia.co.ke/renewed-refurbished-elitebook-folio-948070m-14-intel-core-i5-ram-8gb-hdd-500gb-windows-10-silver-161849407.html,07/26/26 13:47,8,,,,Good,Mid-Range (15k-30k),0.526
laptops,"Lenovo T490 - Core i5 8th Gen, 8GB RAM, 256GB SSD, 14"" Display, Black","Lenovo T490 - Core i5 8th Gen, 8GB RAM, 256GB SSD, 14"" Display, Black",26000,70000,62.9,TRUE,0,0,https://www.jumia.co.ke/lenovo-t490-core-i5-8th-gen-8gb-ram-256gb-ssd-14-display-black-327871153.html,07/26/26 13:47,8,8,,,No Rating,Mid-Range (15k-30k),0.189
laptops,"HP Refurbished Elitebook 745 G6 AMD Ryzen 5 , 8GB RAM 256GB SSD, 2GB Radeon Graphics, 14""","HP Refurbished Elitebook 745 G6 AMD Ryzen 5 , 8GB RAM 256GB SSD, 2GB Radeon Graphics, 14""",29999,43999,31.8,FALSE,5,0,https://www.jumia.co.ke/hp-refurbished-elitebook-745-g6-amd-ryzen-5-8gb-ram-256gb-ssd-2gb-radeon-graphics-14-326711598.html,07/26/26 13:47,8,8,,,Excellent,Mid-Range (15k-30k),0.595
laptops,"Refurbished Elitebook 840 Core I5, Slim Model , 8GB RAM 500GB HDD -14"", Black","Refurbished Elitebook 840 Core I5, Slim Model , 8GB RAM 500GB HDD -14"", Black",17999,29500,39,FALSE,3.3,0,https://www.jumia.co.ke/refurbished-elitebook-840-core-i5-slim-model-8gb-ram-500gb-hdd-14-black-hp-mpg1702409.html,07/26/26 13:47,8,8,,,Average,Mid-Range (15k-30k),0.447
laptops,Lenovo Refurbished ThinkPad Yoga 370 X360 Convertible Intel Core I5 7th Gen 8GB RAM 256GB SSD 14 Inches FHD Multi-Touch Display laptop with Stylus Pen Plus Free Wireless Mouse.,Lenovo Refurbished ThinkPad Yoga 370 X360 Convertible Intel Core I5 7th Gen 8GB RAM 256GB SSD 14 Inches FHD Multi-Touch Display laptop with Stylus Pen Plus Free Wireless Mouse.,28500,32000,10.9,FALSE,0,0,https://www.jumia.co.ke/lenovo-refurbished-thinkpad-yoga-370-x360-convertible-intel-core-i5-7th-gen-8gb-ram-256gb-ssd-14-inches-fhd-multi-touch-display-laptop-with-stylus-pen-plus-free-wireless-mouse.-328432842.html,07/26/26 13:47,8,8,,,No Rating,Mid-Range (15k-30k),0.033
laptops,"HP ProBook X360 11 G9 , Intel celeron 12th generation, 4 GB RAM, 128 GB SSD, 11.6 inch HD Convertible Screen Touchscreen","HP ProBook X360 11 G9 , Intel celeron 12th generation, 4 GB RAM, 128 GB SSD, 11.6 inch HD Convertible Screen Touchscreen",15899,19999,20.5,FALSE,0,0,https://www.jumia.co.ke/hp-probook-x360-11-g9-intel-celeron-12th-generation-4-gb-ram-128-gb-ssd-11.6-inch-hd-convertible-screen-touchscreen-328748307.html,07/26/26 13:47,4,4,,,No Rating,Mid-Range (15k-30k),0.061
laptops,"Apple MacBook Pro 2018 – Intel Core i5, 16GB RAM, 256GB SSD, Retina Display, Touch Bar","Apple MacBook Pro 2018 – Intel Core i5, 16GB RAM, 256GB SSD, Retina Display, Touch Bar",47999,53999,11.1,FALSE,0,0,https://www.jumia.co.ke/apple-macbook-pro-2018-intel-core-i5-16gb-ram-256gb-ssd-retina-display-touch-bar-328768093.html,07/26/26 13:47,16,16,,,No Rating,Premium (30k-50k),0.033
laptops,"HP REFURBLISHED EliteBook 840 G5 8th Gen Core I5- 16GB Ram- 256GB SSD - Windows 11-14""-Silver","HP REFURBLISHED EliteBook 840 G5 8th Gen Core I5- 16GB Ram- 256GB SSD - Windows 11-14""-Silver",31999,38999,17.9,FALSE,0,0,https://www.jumia.co.ke/hp-refurblished-elitebook-840-g5-8th-gen-core-i5-16gb-ram-256gb-ssd-windows-11-14-silver-326757384.html,07/26/26 13:47,16,16,,,No Rating,Premium (30k-50k),0.054
laptops,"HP EliteBook 820 G3 Laptop Intel Core i5 16GB RAM 512GB SSD 12.5"" Windows 10","HP EliteBook 820 G3 Laptop  Intel Core i5  16GB RAM  512GB SSD  12.5""  Windows 10",30000,35000,14.3,FALSE,0,0,https://www.jumia.co.ke/hp-elitebook-820-g3-laptop-intel-core-i5-16gb-ram-512gb-ssd-12.5-windows-10-327537466.html,07/26/26 13:47,16,16,,,No Rating,Premium (30k-50k),0.043
laptops,"EliteBook 830 G7 – 13.3"" FHD, Intel Core i5 (10th Gen 8GB RAM, 256GB SSD refurbished 6 month warranty – Silver","EliteBook 830 G7 – 13.3"" FHD, Intel Core i5 (10th Gen 8GB RAM, 256GB SSD refurbished 6 month warranty – Silver",32500,44000,26.1,FALSE,0,0,https://www.jumia.co.ke/renewed-elitebook-830-g7-13.3-fhd-intel-core-i5-10th-gen-8gb-ram-256gb-ssd-refurbished-6-month-warranty-silver-327710732.html,07/26/26 13:47,8,8,,,No Rating,Premium (30k-50k),0.078
laptops,"Lenovo ThinkPad Yoga 11e Touch Screen Intel Celeron 4GB 128GB SSD 11.6""","Lenovo ThinkPad Yoga 11e Touch Screen Intel Celeron 4GB 128GB SSD 11.6""",13300,17600,24.4,FALSE,0,0,https://www.jumia.co.ke/lenovo-thinkpad-yoga-11e-intel-celeron-4gb-ram-128gb-ssd-11.6-touchscreen-lenovo-mpg10339524.html,07/26/26 13:47,4,,,,No Rating,Entry (5k-15k),0.073
laptops,"EliteBook 840 G6/G5-8th Gen -Core I5, 16GB RAM, 256GB-SSD-Refurbished-14""- Silver-Win","EliteBook 840 G6/G5-8th Gen -Core I5, 16GB RAM, 256GB-SSD-Refurbished-14""- Silver-Win",31999,39999,20,FALSE,4.3,0,https://www.jumia.co.ke/renewed-elitebook-840-g6g5-8th-gen-core-i5-16gb-ram-256gb-ssd-refurbished-14-silver-win-326711903.html,07/26/26 13:47,16,16,,,Good,Premium (30k-50k),0.49
laptops,"HP EliteBook 840 G7 – 14"" FHD, Intel Core i5 (10th Gen), 8GB RAM, 256GB SSD, Windows 11 Pro, Refurbished – Silver + 6 Months Warranty","HP EliteBook 840 G7 – 14"" FHD, Intel Core i5 (10th Gen), 8GB RAM, 256GB SSD, Windows 11 Pro, Refurbished – Silver + 6 Months Warranty",32499,43000,24.4,FALSE,0,0,https://www.jumia.co.ke/hp-elitebook-840-g7-14-fhd-intel-core-i5-10th-gen-8gb-ram-256gb-ssd-windows-11-pro-refurbished-silver-6-months-warranty-328470698.html,07/26/26 13:47,8,8,,,No Rating,Premium (30k-50k),0.073
laptops,"HP Elitebook 840 G1 8GB RAM 500GB HDD Laptops, Renewed Slim Laptop , 14'' Screen Display Intel Core i5 Laptop, Bluetooth,Webcam, Windows 11 PRO Activated, Office & Basic software Installed + Free Bluetooth Wireless Mouse + Charger.","HP Elitebook 840 G1 8GB RAM 500GB HDD Laptops, Renewed Slim Laptop , 14'' Screen Display Intel Core i5 Laptop, Bluetooth,Webcam, Windows 11 PRO Activated, Office & Basic software Installed + Free Bluetooth Wireless Mouse + Charger.",19999,30000,33.3,FALSE,0,0,https://www.jumia.co.ke/hp-elitebook-840-g1-8gb-ram-500gb-hdd-laptops-renewed-slim-laptop-14-screen-display-intel-core-i5-laptop-bluetoothwebcam-windows-11-pro-activated-office-basic-software-installed-free-bluetooth-wireless-mouse-charger.-327392719.html,07/26/26 13:47,8,8,,,No Rating,Mid-Range (15k-30k),0.1
laptops,"Renewed Lenovo ThinkPad X260 - Intel Core i5, 8GB RAM, 256GB SSD, 12.5"" Display, Refurbished","Renewed Lenovo ThinkPad X260 - Intel Core i5, 8GB RAM, 256GB SSD, 12.5"" Display, Refurbished",15999,26999,40.7,FALSE,4,0,https://www.jumia.co.ke/renewed-renewed-lenovo-thinkpad-x260-intel-core-i5-8gb-ram-256gb-ssd-12.5-display-refurbished-151403839.html,07/26/26 13:47,8,8,,,Good,Mid-Range (15k-30k),0.522
laptops,"Lenovo ThinkPad T480s i5-8250U 8th gen 8GB RAM 256GB SSD 14"" FHD Black, free bag. refurbished","Lenovo ThinkPad T480s i5-8250U 8th gen 8GB RAM 256GB SSD 14"" FHD  Black, free bag. refurbished",24999,34999,28.6,FALSE,0,0,https://www.jumia.co.ke/lenovo-thinkpad-t480s-i5-8250u-8th-gen-8gb-ram-256gb-ssd-14-fhd-black-free-bag.-refurbished-328412188.html,07/26/26 13:47,8,8,,,No Rating,Mid-Range (15k-30k),0.086
laptops,"Lenovo ThinkPad T480s i5-8250U 8GB RAM 256GB SSD 14"" FHD Touchscreen Black","Lenovo ThinkPad T480s i5-8250U 8GB RAM 256GB SSD 14"" FHD Touchscreen Black",28500,60000,52.5,FALSE,1,0,https://www.jumia.co.ke/lenovo-thinkpad-t480s-i5-8250u-8gb-ram-256gb-ssd-14-fhd-touchscreen-black-327873525.html,07/26/26 13:47,8,8,,,Poor,Mid-Range (15k-30k),0.258
laptops,"Elitebook 840 Core i7, 6th Gen, 14 inches display size, 16GB RAM, 256 SSD refurbrished windows 11 pro installed and activated","Elitebook 840  Core i7, 6th Gen, 14 inches display size, 16GB RAM, 256 SSD refurbrished  windows 11 pro installed and activated",27500,30000,8.3,FALSE,4,0,https://www.jumia.co.ke/renewed-elitebook-840-core-i7-6th-gen-14-inches-display-size-16gb-ram-256-ssd-refurbrished-windows-11-pro-installed-and-activated-309138821.html,07/26/26 13:47,16,16,,,Good,Mid-Range (15k-30k),0.425
laptops,"Elitebook 840 G5 (Intel Quad-Core I5-8250U, 8GB DDR4 RAM, 256GB SSD) Refurbished 14"", 6 Months WRTY","Elitebook 840 G5 (Intel Quad-Core I5-8250U, 8GB DDR4 RAM, 256GB SSD)  Refurbished 14"", 6 Months WRTY",27900,70000,60.1,TRUE,0,0,https://www.jumia.co.ke/elitebook-840-g5-intel-quad-core-i5-8250u-8gb-ddr4-ram-256gb-ssd-refurbished-14-6-months-wrty-hp-mpg9544023.html,07/26/26 13:47,8,,,,No Rating,Mid-Range (15k-30k),0.18
laptops,HP EliteBook 745 G6 AMD Ryzen 7 PRO 3700U 16GB RAM 256GB SSD 14 Inch- FHD Display,HP EliteBook 745 G6 AMD Ryzen 7 PRO 3700U 16GB RAM 256GB SSD 14 Inch- FHD Display,36499,56200,35.1,FALSE,3.3,0,https://www.jumia.co.ke/hp-elitebook-745-g6-amd-ryzen-7-pro-3700u-16gb-ram-256gb-ssd-14-inch-fhd-display-260271789.html,07/26/26 13:47,16,16,,,Average,Premium (30k-50k),0.435
laptops,"Lenovo Refurbished ThinkPad Yoga 11e X360 Celeron -Touchscreen- 11.6""- 4GB RAM - SSD 128GB","Lenovo Refurbished ThinkPad Yoga 11e X360 Celeron -Touchscreen- 11.6""- 4GB RAM - SSD 128GB",11999,23500,48.9,FALSE,0,0,https://www.jumia.co.ke/lenovo-refurbished-thinkpad-yoga-11e-x360-celeron-touchscreen-11.6-4gb-ram-ssd-128gb-328501757.html,07/26/26 13:47,4,4,,,No Rating,Entry (5k-15k),0.147
laptops,"EliteBook 820 G4 Intel Core I5 7th Gen Refurbished 8GB-256GB SSD Silver-12.6""","EliteBook 820 G4 Intel Core I5 7th Gen Refurbished 8GB-256GB SSD Silver-12.6""",20400,30000,32,FALSE,4.5,0,https://www.jumia.co.ke/renewed-elitebook-820-g4-intel-core-i5-7th-gen-refurbished-8gb-256gb-ssd-silver-12.6-168285027.html,07/26/26 13:47,256,,,,Excellent,Mid-Range (15k-30k),0.546
laptops,"HP EliteBook 845 G7 – 14"" FHD, AMD Ryzen 5 Pro, 8GB RAM, 256GB SSD, Windows 11 Pro, Refurbished – Silver + 6 Months Warranty","HP EliteBook 845 G7 – 14"" FHD, AMD Ryzen 5 Pro, 8GB RAM, 256GB SSD, Windows 11 Pro, Refurbished – Silver + 6 Months Warranty",29400,43200,31.9,FALSE,0,0,https://www.jumia.co.ke/hp-elitebook-845-g7-14-fhd-amd-ryzen-5-pro-8gb-ram-256gb-ssd-windows-11-pro-refurbished-silver-6-months-warranty-328470099.html,07/26/26 13:47,8,8,,,No Rating,Mid-Range (15k-30k),0.096
laptops,"DELL Latitude 7250, Core I7, 8Gb RAM. 256Gb SSD, Keyboard Backlit, 13.3Inches","DELL  Latitude 7250, Core I7, 8Gb RAM. 256Gb SSD, Keyboard Backlit, 13.3Inches",17345,19999,13.3,FALSE,0,0,https://www.jumia.co.ke/dell-latitude-7250-core-i7-8gb-ram.-256gb-ssd-keyboard-backlit-13.3inches-327786816.html,07/26/26 13:47,,,,,No Rating,Mid-Range (15k-30k),0.04
laptops,"HP Elitebook 830 g5 Touchscreen 8th Generation Intel Core i5 processor 8GB Ram 256 GB SSD storage 13.3"" diagonal Full HD display 6 Months Warranty + FREE LAPTOP BAG","HP Elitebook 830 g5 Touchscreen 8th Generation Intel Core i5 processor 8GB Ram 256 GB SSD storage 13.3"" diagonal Full HD display 6 Months Warranty +  FREE LAPTOP BAG",35999,45000,20,FALSE,4,0,https://www.jumia.co.ke/hp-elitebook-830-g5-touchscreen-8th-generation-intel-core-i5-processor-8gb-ram-256-gb-ssd-storage-13.3-diagonal-full-hd-display-6-months-warranty-free-laptop-bag-252462398.html,07/26/26 13:47,8,8,,,Good,Premium (30k-50k),0.46
laptops,"HP Renewed- EliteBook 845 G8 AMD Ryzen 5 5650U, 8GB RAM, 256GB SSD, FHD IPS Display, Radeon Graphics, refurbished, 14"" Business Laptop","HP Renewed- EliteBook 845 G8 AMD Ryzen 5 5650U, 8GB RAM, 256GB SSD, FHD IPS Display, Radeon Graphics, refurbished, 14"" Business Laptop",34500,48999,29.6,FALSE,0,0,https://www.jumia.co.ke/hp-renewed-elitebook-845-g8-amd-ryzen-5-5650u-8gb-ram-256gb-ssd-fhd-ips-display-radeon-graphics-refurbished-14-business-laptop-328134794.html,07/26/26 13:47,8,8,,,No Rating,Premium (30k-50k),0.089
laptops,EliteBook 830 G7 – Intel Core i5 10th Gen – 8GB RAM 256GB SSD – Slim Business Laptop refurbished,EliteBook 830 G7 – Intel Core i5 10th Gen – 8GB RAM 256GB SSD – Slim Business Laptop refurbished,31899,44500,28.3,FALSE,5,0,https://www.jumia.co.ke/renewed-elitebook-830-g7-intel-core-i5-10th-gen-8gb-ram-256gb-ssd-slim-business-laptop-refurbished-327551097.html,07/26/26 13:47,8,8,,,Excellent,Premium (30k-50k),0.585
laptops,"HP Refurbished EliteBook 840 G5 14"" Premium Business Laptop, Intel Core i7 8th Generation Processor, 16GB RAM, 512GB SSD, Silver, Windows 11 Pro","HP Refurbished EliteBook 840 G5 14"" Premium Business Laptop, Intel Core i7 8th Generation Processor, 16GB RAM, 512GB SSD, Silver, Windows 11 Pro",43000,,0,FALSE,0,0,https://www.jumia.co.ke/hp-refurbished-elitebook-840-g5-14-premium-business-laptop-intel-core-i7-8th-generation-processor-16gb-ram-512gb-ssd-silver-windows-11-pro-327945965.html,07/26/26 13:47,16,16,,,No Rating,Premium (30k-50k),0
laptops,"Apple MACBOOK PRO 14"" (MGDR4) M5 PRO 24GB + 1TB SSD","Apple MACBOOK PRO 14"" (MGDR4) M5 PRO 24GB + 1TB SSD",359400,389995,7.8,FALSE,0,0,https://www.jumia.co.ke/apple-macbook-pro-14-mgdr4-m5-pro-24gb-1tb-ssd-327808364.html,07/26/26 13:47,24,,,,No Rating,Luxury (>50k),0.023
laptops,HP EliteBook 840 G5 Intel Corei5 7th Generation 8 Gb Ram 256 Gb SSD 14 Inches Full HD,HP EliteBook 840 G5 Intel Corei5 7th Generation 8 Gb Ram 256 Gb SSD 14 Inches Full HD,26999,37000,27,FALSE,0,0,https://www.jumia.co.ke/hp-elitebook-840-g5-intel-corei5-7th-generation-8-gb-ram-256-gb-ssd-14-inches-full-hd-326556544.html,07/26/26 13:47,,,,,No Rating,Mid-Range (15k-30k),0.081
laptops,"HP Refurbished ProBook 11 X360 G6 Core i3 8GB 256 GB SSD 10th Gen 11.6"" HD Display Touchscreen Windows 11 Pro Webcam, WiFi Portable Laptop","HP Refurbished ProBook 11 X360 G6 Core i3 8GB 256 GB SSD 10th Gen 11.6"" HD Display Touchscreen Windows 11 Pro Webcam, WiFi Portable Laptop",19990,32000,37.5,FALSE,0,0,https://www.jumia.co.ke/hp-refurbished-probook-11-x360-g6-core-i3-8gb-256-gb-ssd-10th-gen-11.6-hd-display-touchscreen-windows-11-pro-webcam-wifi-portable-laptop-328633332.html,07/26/26 13:47,8,,,,No Rating,Mid-Range (15k-30k),0.112
laptops,Lenovo Yoga X390 – Intel Core i5 · 16GB RAM · 256GB SSD · 8th Gen · Touchscreen X360 · Stylus Pen · Slim Design refurbished 6months warranty,Lenovo Yoga X390 – Intel Core i5 · 16GB RAM · 256GB SSD · 8th Gen · Touchscreen X360 · Stylus Pen · Slim Design refurbished 6months warranty,31500,49000,35.7,FALSE,0,0,https://www.jumia.co.ke/lenovo-yoga-x390-intel-core-i5-16gb-ram-256gb-ssd-8th-gen-touchscreen-x360-stylus-pen-slim-design-refurbished-6months-warranty-326254328.html,07/26/26 13:47,16,16,,,No Rating,Premium (30k-50k),0.107
laptops,"Refurbished 8GB RAM, 256GB SSD MacBook Pro 13"" ( 2012) 2.5GHz Core I5 Laptop Macbook Operating System Installed, Office Installed,Free Bag + Charger","Refurbished 8GB RAM, 256GB SSD MacBook Pro 13"" ( 2012) 2.5GHz Core I5 Laptop Macbook Operating System Installed, Office Installed,Free Bag + Charger",19799,46000,57,FALSE,5,0,https://www.jumia.co.ke/renewed-refurbished-8gb-ram-256gb-ssd-macbook-pro-13-2012-2.5ghz-core-i5-laptop-macbook-operating-system-installed-office-installedfree-bag-charger-326246945.html,07/26/26 13:47,8,8,,,Excellent,Mid-Range (15k-30k),0.671
laptops,Refurbished MacBook Pro 13 2017 Core i7 16GB RAM 256GB SSD 13.3 Inch Retina Display A1708 Mac OSx Laptop (6 Months WRTY),Refurbished MacBook Pro 13 2017 Core i7 16GB RAM 256GB SSD 13.3 Inch Retina Display A1708 Mac OSx  Laptop (6 Months WRTY),62000,80000,22.5,FALSE,4,0,https://www.jumia.co.ke/renewed-refurbished-macbook-pro-13-2017-core-i7-16gb-ram-256gb-ssd-13.3-inch-retina-display-a1708-mac-osx-laptop-6-months-wrty-247999013.html,07/26/26 13:47,16,16,,,Good,Luxury (>50k),0.468
laptops,"HP 11TH GENERATION, EliteBook 840 G8 Business Laptop – 14"" FHD Display, Intel Core i5-1145G7 (Up to 4.4GHz), 8GB RAM, 256GB SSD, Windows 11 Pro, Lightweight & Secure+ FREE BAG","HP 11TH GENERATION,  EliteBook 840 G8 Business Laptop – 14"" FHD Display, Intel Core i5-1145G7 (Up to 4.4GHz), 8GB RAM, 256GB SSD, Windows 11 Pro, Lightweight & Secure+ FREE BAG",41999,,0,FALSE,0,0,https://www.jumia.co.ke/hp-11th-generation-elitebook-840-g8-business-laptop-14-fhd-display-intel-core-i5-1145g7-up-to-4.4ghz-8gb-ram-256gb-ssd-windows-11-pro-lightweight-secure-free-bag-327884646.html,07/26/26 13:47,8,8,,,No Rating,Premium (30k-50k),0
laptops,"HP Elitebook 840 G5 14"" FHD Core I7-8250U,16GB RAM,512GB SSD","HP  Elitebook 840 G5 14"" FHD Core I7-8250U,16GB RAM,512GB SSD",41500,65000,36.2,FALSE,0,0,https://www.jumia.co.ke/hp-elitebook-840-g5-14-fhd-core-i7-8250u16gb-ram512gb-ssd-326507072.html,07/26/26 13:47,16,16,,,No Rating,Premium (30k-50k),0.109
laptops,"Lenovo ThinkPad Yoga 11e Touchscreen 11.6"" Laptop Intel Celeron 4GB RAM 128GB SSD //WINDOWS 11 PRO ACTIVATED// WITH FREE GIFTS","Lenovo ThinkPad Yoga 11e Touchscreen 11.6"" Laptop Intel Celeron 4GB RAM 128GB SSD  //WINDOWS 11 PRO ACTIVATED// WITH FREE GIFTS",16500,20000,17.5,FALSE,0,0,https://www.jumia.co.ke/lenovo-thinkpad-yoga-11e-touchscreen-11.6-laptop-intel-celeron-4gb-ram-128gb-ssd-windows-11-pro-activated-with-free-gifts-328130587.html,07/26/26 13:47,4,4,,,No Rating,Mid-Range (15k-30k),0.052
laptops,"HP Probook x360 11 G4 EE Intel core i5 8GB RAM 256GB SSD 8th generation 11.6 Inches Touchscreen, HDMI, 2 in 1 Laptop","HP Probook x360 11 G4 EE Intel core i5 8GB RAM 256GB SSD 8th generation 11.6 Inches Touchscreen, HDMI, 2 in 1 Laptop",21290,25000,14.8,FALSE,3.7,0,https://www.jumia.co.ke/probook-x360-11-g4-ee-intel-core-i5-8gb-ram-256gb-ssd-8th-generation-11.6-inches-touchscreen-hdmi-2-in-1-laptop-hp-mpg8791770.html,07/26/26 13:47,8,8,,,Good,Mid-Range (15k-30k),0.414
laptops,HP EliteBook 745 G6 AMD Ryzen 7 PRO 3700U 16GB RAM 256GB SSD + 2GB Graphics 14 Inch FHD Display,HP EliteBook 745 G6 AMD Ryzen 7 PRO 3700U 16GB RAM 256GB SSD + 2GB Graphics 14 Inch FHD Display,36499,41999,13.1,FALSE,0,0,https://www.jumia.co.ke/hp-elitebook-745-g6-amd-ryzen-7-pro-3700u-16gb-ram-256gb-ssd-2gb-graphics-14-inch-fhd-display-327476826.html,07/26/26 13:47,16,16,,,No Rating,Premium (30k-50k),0.039
laptops,"Lenovo ThinkPad T490s Laptop - Intel i7, 16GB RAM, 512GB SSD,8TH GEN 14"" FHD, Windows 11 Pro, RENEWED","Lenovo ThinkPad T490s Laptop - Intel i7, 16GB RAM, 512GB SSD,8TH GEN 14"" FHD, Windows 11 Pro, RENEWED",39999,,0,FALSE,0,0,https://www.jumia.co.ke/lenovo-thinkpad-t490s-laptop-intel-i7-16gb-ram-512gb-ssd8th-gen-14-fhd-windows-11-pro-renewed-327985198.html,07/26/26 13:47,16,16,,,No Rating,Premium (30k-50k),0
laptops,"HP Refurbished ProBook X360 11e G5 4GB 192GB SSD Intel Celeron 2-in-1 11.6"" Touchscreen Ultraslim Windows 11 Pro, Office 2021 Laptop + Bag (6 Months WRTY)","HP Refurbished ProBook X360 11e G5 4GB 192GB SSD Intel Celeron 2-in-1 11.6"" Touchscreen Ultraslim Windows 11 Pro, Office 2021 Laptop + Bag (6 Months WRTY)",15800,22000,28.2,FALSE,3.5,0,https://www.jumia.co.ke/hp-refurbished-probook-x360-11e-g5-4gb-192gb-ssd-intel-celeron-2-in-1-11.6-touchscreen-ultraslim-windows-11-pro-office-2021-laptop-bag-6-months-wrty-267309478.html,07/26/26 13:47,4,,,,Good,Mid-Range (15k-30k),0.435
laptops,Dayliff DISPENSER WATER POT PURIFIER,Dayliff DISPENSER WATER POT PURIFIER,3999,7500,46.7,FALSE,4,0,https://www.jumia.co.ke/dayliff-dispenser-water-pot-purifier-325503867.html,07/26/26 13:47,,,,,Good,Budget (<5k),0.54
laptops,"HP EliteBook x360 1040 G8 – Intel Core i7 11th Gen, 32GB RAM, 512GB SSD, 14-inch Touchscreen Convertible Laptop Intel Iris Xe Graphics","HP EliteBook x360 1040 G8 – Intel Core i7 11th Gen, 32GB RAM, 512GB SSD, 14-inch Touchscreen Convertible Laptop Intel Iris Xe Graphics",67899,79000,14.1,FALSE,5,0,https://www.jumia.co.ke/hp-elitebook-x360-1040-g8-intel-core-i7-11th-gen-32gb-ram-512gb-ssd-14-inch-touchscreen-convertible-laptop-intel-iris-xe-graphics-327379880.html,07/26/26 13:47,32,32,,,Excellent,Luxury (>50k),0.542
laptops,"HP Renewed EliteBook 840 G1/G2 - Core i5 5th Gen, 8GB RAM, 500GB HDD, 14"" FHD","HP Renewed  EliteBook 840 G1/G2 - Core i5 5th Gen, 8GB RAM, 500GB HDD, 14"" FHD",16500,30000,45,FALSE,3.4,0,https://www.jumia.co.ke/hp-renewed-elitebook-840-g1g2-core-i5-5th-gen-8gb-ram-500gb-hdd-14-fhd-180873226.html,07/26/26 13:47,8,8,,,Average,Mid-Range (15k-30k),0.475
laptops,"Lenovo ThinkPad X13 – Intel Core i5 10th Gen, 16GB RAM, 256GB SSD, 13.3"" win 11 pro refurbished 6 months warranty","Lenovo ThinkPad X13 – Intel Core i5 10th Gen, 16GB RAM, 256GB SSD, 13.3"" win 11 pro refurbished 6 months warranty",28999,39000,25.6,FALSE,0,0,https://www.jumia.co.ke/lenovo-thinkpad-x13-intel-core-i5-10th-gen-16gb-ram-256gb-ssd-13.3-win-11-pro-refurbished-6-months-warranty-328522453.html,07/26/26 13:47,16,16,,,No Rating,Mid-Range (15k-30k),0.077
laptops,"Refurbished EliteBook 840, Core I5, 8GB RAM , 500HDD, Win10 TRIAL, 14"" Black (6 Months WRTY)","Refurbished EliteBook 840,  Core I5, 8GB RAM , 500HDD, Win10 TRIAL, 14""  Black (6 Months WRTY)",18989,29990,36.7,FALSE,3.2,0,https://www.jumia.co.ke/refurbished-elitebook-840-core-i5-8gb-ram-500hdd-win10-trial-14-black-hp-mpg1556288.html,07/26/26 13:47,8,8,,,Average,Mid-Range (15k-30k),0.43
laptops,"Refurbished Thinkpad T460 Core I5 8GB Ram 256GB SSD, 6th Generation 14Inches","Refurbished Thinkpad T460 Core I5 8GB Ram 256GB SSD, 6th Generation 14Inches",19999,27000,25.9,FALSE,3.3,0,https://www.jumia.co.ke/refurbished-thinkpad-t460-core-i5-8gb-ram-256gb-ssd-6th-generation-14-lenovo-mpg1556326.html,07/26/26 13:47,8,8,,,Average,Mid-Range (15k-30k),0.408
laptops,"EliteBook 830 G5/6 Intel Corei5 8th Generation 13.3 inches screen size 8GB RAM & 256 GB SSD Storage, Refurbished","EliteBook 830 G5/6 Intel Corei5 8th Generation 13.3 inches screen size 8GB RAM & 256 GB SSD Storage, Refurbished",38000,,0,FALSE,3,0,https://www.jumia.co.ke/renewed-elitebook-830-g56-intel-corei5-8th-generation-13.3-inches-screen-size-8gb-ram-256-gb-ssd-storage-refurbished-326788117.html,07/26/26 13:47,8,8,,,Average,Premium (30k-50k),0.3
laptops,"HP Elitebook 840 G5 14"" FHD Core I7-8250U,16GB RAM,256GB SSD Windows 10 Pro -Refurb","HP Elitebook 840 G5 14"" FHD  Core I7-8250U,16GB RAM,256GB SSD Windows 10 Pro -Refurb",40499,51999,22.1,FALSE,0,0,https://www.jumia.co.ke/hp-elitebook-840-g5-14-fhd-core-i7-8250u16gb-ram256gb-ssd-windows-10-pro-refurb-292776964.html,07/26/26 13:47,16,16,,,No Rating,Premium (30k-50k),0.066
laptops,"Elitebook 820 Core i7, 8GB RAM 256GB SSD -12.5"", Black, Refurbished , 6 Months WRTY.","Elitebook 820 Core i7, 8GB RAM 256GB SSD -12.5"", Black, Refurbished , 6 Months WRTY.",17499,29000,39.7,FALSE,0,0,https://www.jumia.co.ke/renewed-elitebook-820-core-i7-8gb-ram-256gb-ssd-12.5-black-refurbished-6-months-wrty.-325444869.html,07/26/26 13:47,8,8,,,No Rating,Mid-Range (15k-30k),0.119
laptops,"HP Renewed ProBook 640 G4/G5 8GB RAM 256GB SSD Intel Core i5 8th Generation Laptop 14"" Full HD,Drivers Ready, Office & Basic Software, windows 11 pro bag + Charger + mouse pad + Free Bluetooth Wireless Mouse + Extension","HP Renewed ProBook 640 G4/G5 8GB RAM 256GB SSD Intel Core i5 8th Generation Laptop  14"" Full HD,Drivers Ready, Office & Basic Software, windows 11 pro bag + Charger + mouse pad + Free Bluetooth Wireless Mouse + Extension",26895,36000,25.3,FALSE,0,0,https://www.jumia.co.ke/hp-renewed-probook-640-g4g5-8gb-ram-256gb-ssd-intel-core-i5-8th-generation-laptop-14-full-hddrivers-ready-office-basic-software-windows-11-pro-bag-charger-mouse-pad-free-bluetooth-wireless-mouse-extension-328073928.html,07/26/26 13:47,8,8,,,No Rating,Mid-Range (15k-30k),0.076
laptops,"Refurbished EliteBook 16GB RAM 512GB SSD Slim 840 G1, Laptops, 14'' Screen Display Intel Core i5 Laptop, Bluetooth,Webcam, Windows 11 PRO Activated, Office & Basic software Installed + Free Bag + Charger + wireless Mouse,MousePad + Extension","Refurbished EliteBook  16GB RAM 512GB SSD Slim  840 G1, Laptops, 14'' Screen Display Intel Core i5 Laptop,  Bluetooth,Webcam, Windows 11 PRO Activated, Office & Basic software Installed + Free Bag + Charger + wireless Mouse,MousePad + Extension",30500,35000,12.9,FALSE,5,0,https://www.jumia.co.ke/renewed-refurbished-elitebook-16gb-ram-512gb-ssd-slim-840-g1-laptops-14-screen-display-intel-core-i5-laptop-bluetoothwebcam-windows-11-pro-activated-office-basic-software-installed-free-bag-charger-wireless-mousemousepad-extension-327388968.html,07/26/26 13:47,16,16,,,Excellent,Premium (30k-50k),0.539
laptops,"HP EliteBook 745 G6 – 14"" FHD, AMD Ryzen 7 Pro, 16GB RAM, 512GB SSD, 2GB Dedicated Graphics, Windows 11 Pro, Refurbished – Silver + 6 Months Warranty","HP EliteBook 745 G6 – 14"" FHD, AMD Ryzen 7 Pro, 16GB RAM, 512GB SSD, 2GB Dedicated Graphics, Windows 11 Pro, Refurbished – Silver + 6 Months Warranty",36900,52000,29,FALSE,0,0,https://www.jumia.co.ke/hp-elitebook-745-g6-14-fhd-amd-ryzen-7-pro-16gb-ram-512gb-ssd-2gb-dedicated-graphics-windows-11-pro-refurbished-silver-6-months-warranty-328605386.html,07/26/26 13:47,16,16,,,No Rating,Premium (30k-50k),0.087
laptops,"Refurbished EliteBook 8460/70p Core I5 - HDD 500GB - 8GB RAM WIFI CAM Silver - 14"" (6 Months WRTY)","Refurbished EliteBook 8460/70p Core I5 - HDD 500GB - 8GB RAM WIFI CAM Silver - 14"" (6 Months WRTY)",14899,19999,25.5,FALSE,3.6,0,https://www.jumia.co.ke/renewed-refurbished-elitebook-846070p-core-i5-hdd-500gb-8gb-ram-wifi-cam-silver-14-6-months-wrty-324810467.html,07/26/26 13:47,500,8,,,Good,Entry (5k-15k),0.436
laptops,"DELL Latitude 7280, Refurbished Intel Core i5 8GB RAM 256GB SSD, 12.5"" DISPLAY","DELL Latitude 7280, Refurbished Intel Core i5 8GB RAM 256GB SSD, 12.5"" DISPLAY",24000,35000,31.4,FALSE,0,0,https://www.jumia.co.ke/dell-latitude-7280-refurbished-intel-core-i5-8gb-ram-256gb-ssd-12.5-display-327747611.html,07/26/26 13:47,8,8,,,No Rating,Mid-Range (15k-30k),0.094
laptops,"Lenovo Laptops 8GB RAM 256GB SSD ThinkPad Yoga 11e Refurbished Laptop X360 Touchscreen Webcam Bluetooth, HDMI WIFI With Windows 11 PRO Activated, Office & Basic software Installed, Free Bag + Free wireless mouse + Charger + Mouse Pad + Free Extension.","Lenovo Laptops 8GB RAM 256GB SSD ThinkPad Yoga 11e Refurbished Laptop X360 Touchscreen Webcam Bluetooth, HDMI WIFI With Windows 11 PRO Activated, Office &  Basic software Installed, Free Bag + Free wireless mouse + Charger + Mouse Pad + Free Extension.",18499,28000,33.9,FALSE,2.8,0,https://www.jumia.co.ke/renewed-lenovo-laptops-8gb-ram-256gb-ssd-thinkpad-yoga-11e-refurbished-laptop-x360-touchscreen-webcam-bluetooth-hdmi-wifi-with-windows-11-pro-activated-office-basic-software-installed-free-bag-free-wireless-mouse-charger-mouse-pad-free-extension.-188072214.html,07/26/26 13:47,8,8,,,Average,Mid-Range (15k-30k),0.382
laptops,"EliteBook 840 G6-8th Gen -Core I5, 16GB RAM, 256GB-SSD-Refurbished-14""- Silver-Win (6 Months WRTY)","EliteBook 840 G6-8th Gen -Core I5, 16GB RAM, 256GB-SSD-Refurbished-14""- Silver-Win (6 Months WRTY)",31999,38000,15.8,FALSE,5,0,https://www.jumia.co.ke/renewed-elitebook-840-g6-8th-gen-core-i5-16gb-ram-256gb-ssd-refurbished-14-silver-win-6-months-wrty-312370446.html,07/26/26 13:47,16,16,,,Excellent,Premium (30k-50k),0.547
laptops,HP EliteBook 830 G7 Intel Core i7 10th Gen 16GB RAM 512GB SSD 3.3 Inch FHD Touchscreen Laptop,HP EliteBook 830 G7 Intel Core i7 10th Gen 16GB RAM 512GB SSD 3.3 Inch FHD Touchscreen Laptop,49991,65000,23.1,FALSE,0,0,https://www.jumia.co.ke/hp-elitebook-830-g7-intel-core-i7-10th-gen-16gb-ram-512gb-ssd-3.3-inch-fhd-touchscreen-laptop-327374112.html,07/26/26 13:47,16,16,,,No Rating,Premium (30k-50k),0.069
laptops,HP Elitebook 840 G3 Intel Core i5 6th Gen 8GB RAM 256GB SSD 14 Inches FHD Display,HP Elitebook 840 G3 Intel Core i5 6th Gen 8GB RAM 256GB SSD 14 Inches FHD Display,22992,27000,14.8,FALSE,4.7,0,https://www.jumia.co.ke/hp-elitebook-840-g3-intel-core-i5-6th-gen-8gb-ram-256gb-ssd-14-inches-fhd-display-312285528.html,07/26/26 13:47,8,8,,,Excellent,Mid-Range (15k-30k),0.514
laptops,"Refurbished MacBook Pro 13"" Core I5 16GB RAM, 1TB HDD ( 2012) 2.5GHz- Silver","Refurbished MacBook Pro 13"" Core I5 16GB RAM, 1TB HDD ( 2012) 2.5GHz- Silver",25500,26000,1.9,FALSE,2.7,0,https://www.jumia.co.ke/renewed-refurbished-macbook-pro-13-core-i5-16gb-ram-1tb-hdd-2012-2.5ghz-silver-325576630.html,07/26/26 13:47,16,16,,,Average,Mid-Range (15k-30k),0.276
laptops,"ThinkPad Yoga 11e Touch Screen Intel Celeron 4GB 128GB SSD 11.6"" refurbished","ThinkPad Yoga 11e Touch Screen Intel Celeron 4GB 128GB SSD 11.6"" refurbished",11880,18599,36.1,FALSE,4.5,0,https://www.jumia.co.ke/renewed-thinkpad-yoga-11e-touch-screen-intel-celeron-4gb-128gb-ssd-11.6-refurbished-325951455.html,07/26/26 13:47,4,,,,Excellent,Entry (5k-15k),0.558
laptops,"DELL Refurbished Latitude 7420 14-Inch Full HD Business Laptop, Intel Core i5-1145G7, 16GB RAM, 512GB PCIe NVMe SSD, Windows 11 Pro","DELL Refurbished Latitude 7420 14-Inch Full HD Business Laptop, Intel Core i5-1145G7, 16GB RAM, 512GB PCIe NVMe SSD, Windows 11 Pro",34000,,0,FALSE,0,0,https://www.jumia.co.ke/dell-refurbished-latitude-7420-14-inch-full-hd-business-laptop-intel-core-i5-1145g7-16gb-ram-512gb-pcie-nvme-ssd-windows-11-pro-328764793.html,07/26/26 13:47,16,16,,,No Rating,Premium (30k-50k),0
laptops,"EliteBook 840 G6/G5 - Intel Core i5, 8GB RAM, 256GB SSD, 14"" Refurbished, Free Bag + Free wireless mouse + Charger + Mouse Pad + Extension,","EliteBook 840 G6/G5 - Intel Core i5, 8GB RAM, 256GB SSD, 14"" Refurbished, Free Bag + Free wireless mouse + Charger + Mouse Pad + Extension,",29999,,0,FALSE,5,0,https://www.jumia.co.ke/renewed-elitebook-840-g6g5-intel-core-i5-8gb-ram-256gb-ssd-14-refurbished-free-bag-free-wireless-mouse-charger-mouse-pad-extension-327971925.html,07/26/26 13:47,8,8,,,Excellent,Mid-Range (15k-30k),0.5
laptops,"Elitebook 840 G5 (Intel Quad-Core I5, 8GB DDR4 RAM, 256GB SSD) Refurbished 14"", 6 Months WRTY","Elitebook 840 G5 (Intel Quad-Core I5, 8GB DDR4 RAM, 256GB SSD)  Refurbished 14"", 6 Months WRTY",27800,70000,60.3,TRUE,0,0,https://www.jumia.co.ke/renewed-elitebook-840-g5-intel-quad-core-i5-8gb-ddr4-ram-256gb-ssd-refurbished-14-6-months-wrty-313124919.html,07/26/26 13:47,8,,,,No Rating,Mid-Range (15k-30k),0.181
laptops,"Lenovo Thinkpad X240 Intel Core I5 8GB RAM 256 GB SSD 12.5'' Black Refurbished, 6 Months warranty.","Lenovo Thinkpad X240 Intel Core I5 8GB RAM 256 GB SSD 12.5'' Black Refurbished, 6 Months warranty.",16000,26000,38.5,FALSE,0,0,https://www.jumia.co.ke/lenovo-thinkpad-x240-intel-core-i5-8gb-ram-256-gb-ssd-12.5-black-refurbished-6-months-warranty.-325972947.html,07/26/26 13:47,8,8,,,No Rating,Mid-Range (15k-30k),0.115
laptops,"Refurbished ThinkPad Yoga 11e X360 Intel -Touchscreen- 11.6""- 4GB RAM - SSD 128GB - Black","Refurbished ThinkPad Yoga 11e X360 Intel -Touchscreen- 11.6""- 4GB RAM - SSD 128GB - Black",11900,19000,37.4,FALSE,0,0,https://www.jumia.co.ke/renewed-refurbished-thinkpad-yoga-11e-x360-intel-touchscreen-11.6-4gb-ram-ssd-128gb-black-327916933.html,07/26/26 13:47,4,4,,,No Rating,Entry (5k-15k),0.112
laptops,"HP EliteBook 840 G4 Intel Core I7 7Th Gen,16GB Ram,256GB SSD, Windows 10 Pro refurb","HP EliteBook 840 G4 Intel Core I7 7Th Gen,16GB Ram,256GB SSD, Windows 10 Pro refurb",30999,56000,44.6,FALSE,3.8,0,https://www.jumia.co.ke/elitebook-840-g4-intel-core-i7-7th-gen16gb-ram256gb-ssd-windows-10-pro-hp-mpg1556317.html,07/26/26 13:47,16,16,,,Good,Premium (30k-50k),0.514
laptops,"HP Refurbished EliteBook 830 G5 Intel Core I5 8GB RAM 512GB SSD Storage 8th Gen 13.3"" Slim Laptop + Wired mouse","HP  Refurbished EliteBook 830 G5 Intel Core I5 8GB RAM 512GB SSD Storage 8th Gen 13.3"" Slim Laptop + Wired mouse",34499,35000,1.4,FALSE,2,0,https://www.jumia.co.ke/hp-refurbished-elitebook-830-g5-intel-core-i5-8gb-ram-512gb-ssd-storage-8th-gen-13.3-slim-laptop-wired-mouse-325730100.html,07/26/26 13:47,8,8,,,Poor,Premium (30k-50k),0.204
laptops,"Refurbished ThinkPad x240 Intel Core i5, 8GB RAM, 256GB SSD, 12.5'' - Black (6 Months Warranty)","Refurbished ThinkPad x240 Intel Core i5, 8GB RAM, 256GB SSD, 12.5'' - Black (6 Months Warranty)",15540,36000,56.8,FALSE,3.8,0,https://www.jumia.co.ke/renewed-refurbished-thinkpad-x240-intel-core-i5-8gb-ram-256gb-ssd-12.5-black-6-months-warranty-270279375.html,07/26/26 13:47,8,8,,,Good,Mid-Range (15k-30k),0.55
laptops,"DELL Latitude 7280 6th Gen-Core I5-8GB Ram-256GB SSD-Refurbished- 13""-Black-Win 10 (6 Months WRTY)","DELL Latitude 7280 6th Gen-Core I5-8GB Ram-256GB SSD-Refurbished- 13""-Black-Win 10 (6 Months WRTY)",18899,23000,17.8,FALSE,4.3,0,https://www.jumia.co.ke/latitude-7280-6th-gen-core-i5-8gb-ram-256gb-ssd-refurbished-13-black-win-10-6-months-wrty-dell-mpg9477530.html,07/26/26 13:47,8,8,,,Good,Mid-Range (15k-30k),0.483
laptops,"HP EliteBook 830 G8 Laptop 13.3"" FHD – Intel Core i5 11th Gen 8GB RAM 256GB SSD Windows 11 6months warranty","HP EliteBook 830 G8 Laptop 13.3"" FHD – Intel Core i5 11th Gen 8GB RAM 256GB SSD Windows 11 6months warranty",32500,48000,32.3,FALSE,0,0,https://www.jumia.co.ke/hp-elitebook-830-g8-laptop-13.3-fhd-intel-core-i5-11th-gen-8gb-ram-256gb-ssd-windows-11-6months-warranty-327612268.html,07/26/26 13:47,8,8,,,No Rating,Premium (30k-50k),0.097
laptops,Display To VGA Cable,Display To VGA Cable,600,1000,40,FALSE,0,0,https://www.jumia.co.ke/generic-display-to-vga-cable-325140505.html,07/26/26 13:47,,,,,No Rating,Budget (<5k),0.12
laptops,"T460s Ultrabook 14"" Display, Intel I5, 8GB RAM, 256GB SSD, BLACK Refurbished","T460s Ultrabook 14"" Display, Intel I5, 8GB RAM, 256GB SSD, BLACK Refurbished",17650,32000,44.8,FALSE,4.1,0,https://www.jumia.co.ke/refurbished-t460s-ultrabook-14-display-intel-i56th-gen-2.6ghz-8gb-ram-256gb-ssd-black-lenovo-mpg1702428.html,07/26/26 13:47,8,8,,,Good,Mid-Range (15k-30k),0.544
laptops,HP EliteBook 820 Core I7 8GB RAM 500GB HDD Slim Ultrabook Laptop Renewed,HP EliteBook 820 Core I7 8GB RAM 500GB HDD Slim Ultrabook Laptop Renewed,17699,30000,41,FALSE,2.3,0,https://www.jumia.co.ke/hp-elitebook-820-core-i7-8gb-ram-500gb-hdd-slim-ultrabook-laptop-renewed-168803301.html,07/26/26 13:47,8,8,,,Poor,Mid-Range (15k-30k),0.353
laptops,"ThinkPad T14s -11th Gen-Core i5 -16GB RAM -256GB SSD -Refurbished -Black-Win 11 Pro-14""","ThinkPad T14s -11th Gen-Core i5 -16GB RAM -256GB SSD -Refurbished -Black-Win 11 Pro-14""",36999,40000,7.5,FALSE,4,0,https://www.jumia.co.ke/renewed-thinkpad-t14s-11th-gen-core-i5-16gb-ram-256gb-ssd-refurbished-black-win-11-pro-14-327275231.html,07/26/26 13:47,16,16,,,Good,Premium (30k-50k),0.423
laptops,"HP ProBook 430 G3 - Intel Core i5, 8GB RAM, 256GB SSD, 13.3"" - Black","HP  ProBook 430 G3 - Intel Core i5, 8GB RAM, 256GB SSD, 13.3"" - Black",27000,60000,55,FALSE,0,0,https://www.jumia.co.ke/probook-430-g3-intel-core-i5-8gb-ram-256gb-ssd-13.3-black-hp-mpg10384189.html,07/26/26 13:47,8,8,,,No Rating,Mid-Range (15k-30k),0.165
laptops,"DELL Latitude 7270, Core I5 6TH GENERATION 8GB RAM 256GB SSD, 12.5 Inches Refurbished","DELL Latitude 7270, Core I5 6TH GENERATION 8GB RAM 256GB SSD, 12.5 Inches Refurbished",18499,27999,33.9,FALSE,0,0,https://www.jumia.co.ke/dell-latitude-7270-core-i5-6th-generation-8gb-ram-256gb-ssd-12.5-inches-refurbished-327206168.html,07/26/26 13:47,8,8,,,No Rating,Mid-Range (15k-30k),0.102
laptops,"EliteBook 840 G6-8th Gen -Core I5, 16GB RAM, 256GB-SSD-Refurbished-14""- Silver-Win (6 Months WRTY)","EliteBook 840 G6-8th Gen -Core I5, 16GB RAM, 256GB-SSD-Refurbished-14""- Silver-Win  (6 Months WRTY)",34999,36000,2.8,FALSE,3.9,0,https://www.jumia.co.ke/renewed-elitebook-840-g6-8th-gen-core-i5-16gb-ram-256gb-ssd-refurbished-14-silver-win-6-months-wrty-304655964.html,07/26/26 13:47,16,16,,,Good,Premium (30k-50k),0.398
laptops,"Lenovo Laptops Refurbished ThinkPad Yoga 11e X360 Degrees Rotation Touch Screen Intel Celeron 4GB 128GB SSD Laptop 11.6"" Drivers Ready, Office & Basic Software, windows 11 pro + Charger + Free Wireless Mouse.","Lenovo Laptops Refurbished ThinkPad Yoga 11e X360 Degrees Rotation Touch Screen Intel Celeron 4GB 128GB SSD Laptop 11.6"" Drivers Ready, Office & Basic Software, windows 11 pro + Charger + Free Wireless Mouse.",13999,24000,41.7,FALSE,3.7,0,https://www.jumia.co.ke/renewed-lenovo-laptops-refurbished-thinkpad-yoga-11e-x360-degrees-rotation-touch-screen-intel-celeron-4gb-128gb-ssd-laptop-11.6-drivers-ready-office-basic-software-windows-11-pro-charger-free-wireless-mouse.-327379742.html,07/26/26 13:47,4,,,,Good,Entry (5k-15k),0.495
laptops,"Refurbished Thinkpad X240-Core I5,8GB Ram,500GB HDD Storage 12.5''","Refurbished Thinkpad X240-Core I5,8GB Ram,500GB HDD Storage 12.5''",16499,30000,45,FALSE,3.4,0,https://www.jumia.co.ke/renewed-refurbished-thinkpad-x240-core-i58gb-ram500gb-hdd-storage-12.5-250427808.html,07/26/26 13:48,8,8,,,Average,Mid-Range (15k-30k),0.475
laptops,"Asus ROG Strix SCAR 18 (G835L),Intel Core Ultra 9 275HX up to 5.4 GHz, 64gb DDR5-5600, 4TB PCIe Gen4 NVMe SSD, 18-inch display 2.5K (2560 × 1600) resolution, 240hz refresh rate, NVIDIA® GeForce RTX™ 5090 GPU 24GB GDDR7, RGB Keyboard, Off Black, 1 Year warranty","Asus ROG Strix SCAR 18 (G835L),Intel Core Ultra 9 275HX up to 5.4 GHz, 64gb DDR5-5600, 4TB PCIe Gen4 NVMe SSD, 18-inch display 2.5K (2560 × 1600) resolution, 240hz refresh rate, NVIDIA® GeForce RTX™ 5090 GPU 24GB GDDR7, RGB Keyboard, Off Black, 1 Year warranty",812999,900000,9.7,FALSE,0,0,https://www.jumia.co.ke/rog-strix-scar-18-g835lintel-core-ultra-9-275hx-up-to-5.4-ghz-64gb-ddr5-5600-4tb-pcie-gen4-nvme-ssd-18-inch-display-2.5k-2560-1600-resolution-240hz-refresh-rate-nvidiar-geforce-rtxtm-5090-gpu-24gb-gddr7-rgb-keyboard-off-black-1-year--asus-mpg10314143.html,07/26/26 13:48,24,,,,No Rating,Luxury (>50k),0.029
laptops,"Thinkpad Yoga X370 Core i5 8GB 256GB SSD, 12.5 Inches Touchscreen, refurbished","Thinkpad Yoga X370 Core i5 8GB 256GB SSD, 12.5 Inches Touchscreen, refurbished",29999,34999,14.3,FALSE,0,0,https://www.jumia.co.ke/renewed-thinkpad-yoga-x370-core-i5-8gb-256gb-ssd-12.5-inches-touchscreen-refurbished-327372204.html,07/26/26 13:48,8,,,,No Rating,Mid-Range (15k-30k),0.043
laptops,"DELL Refurb Latitude 7390 Intel Core I5 8th Gen, 8GB RAM, 256GB SSD, 13.3 Inches","DELL Refurb Latitude 7390 Intel Core I5 8th Gen, 8GB RAM, 256GB SSD, 13.3 Inches",22999,25000,8,FALSE,0,0,https://www.jumia.co.ke/dell-refurb-latitude-7390-intel-core-i5-8th-gen-8gb-ram-256gb-ssd-13.3-inches-325495314.html,07/26/26 13:48,8,8,,,No Rating,Mid-Range (15k-30k),0.024
laptops,"HP Refurbished EliteBook 845 G8 14"" Business Notebook, FHD Display, AMD Ryzen 5 PRO 5650U Hexa-Core Processor, 16GB RAM, 256GB SSD, Windows 11 Pro","HP Refurbished EliteBook 845 G8 14"" Business Notebook, FHD Display, AMD Ryzen 5 PRO 5650U Hexa-Core Processor, 16GB RAM, 256GB SSD, Windows 11 Pro",40000,,0,FALSE,0,0,https://www.jumia.co.ke/hp-refurbished-elitebook-845-g8-14-business-notebook-fhd-display-amd-ryzen-5-pro-5650u-hexa-core-processor-16gb-ram-256gb-ssd-windows-11-pro-327946084.html,07/26/26 13:48,16,16,,,No Rating,Premium (30k-50k),0
laptops,"HP Renewed HP EliteBook 820 G1 Laptop - Intel i5, 16GB RAM, 512GB SSD, 14"" Display,Windows 11 PRO Activated, Office Pro, Basic software Installed, Free Bag + Free wireless mouse + Charger + Mouse Pad + Free Extension.","HP Renewed HP EliteBook 820 G1 Laptop - Intel i5, 16GB RAM, 512GB SSD, 14"" Display,Windows 11 PRO Activated, Office Pro, Basic software Installed, Free Bag + Free wireless mouse + Charger + Mouse Pad + Free Extension.",29999,34000,11.8,FALSE,0,0,https://www.jumia.co.ke/hp-renewed-hp-elitebook-820-g1-laptop-intel-i5-16gb-ram-512gb-ssd-14-displaywindows-11-pro-activated-office-pro-basic-software-installed-free-bag-free-wireless-mouse-charger-mouse-pad-free-extension.-327057337.html,07/26/26 13:48,16,16,,,No Rating,Mid-Range (15k-30k),0.035
laptops,"Refurbished Elitebook 840 G5 8th Generation Core I5, 16GB RAM, 512GB SSD -14"" (6 Months WRTY)","Refurbished Elitebook 840 G5 8th Generation Core I5, 16GB RAM, 512GB SSD -14"" (6 Months WRTY)",34999,40000,12.5,FALSE,0,0,https://www.jumia.co.ke/renewed-refurbished-elitebook-840-g5-8th-generation-core-i5-16gb-ram-512gb-ssd-14-6-months-wrty-313028425.html,07/26/26 13:48,16,16,,,No Rating,Premium (30k-50k),0.038
laptops,"Refurbished 8GB RAM, 500GB Hard Disk ThinkPad X240/X250 Intel Core i5 , Windows 11 PRO Activated, Office & Basic Software + Bag + Charger + Wireless Mouse + Mouse Pad + Free Extension","Refurbished  8GB RAM, 500GB Hard Disk ThinkPad X240/X250 Intel Core i5 , Windows 11 PRO Activated, Office & Basic Software + Bag + Charger + Wireless Mouse + Mouse Pad + Free Extension",17300,23000,24.8,FALSE,4,0,https://www.jumia.co.ke/8gb-ram-500gb-hard-disk-x131e-12.5-screen-display-hdmi-port-bluetoothwebcam-windows-11-pro-activated-office-basic-software-installed-free-bag-charger-free-wireless-mouse-free-extension.-lenovo-mpg10078777.html,07/26/26 13:48,8,8,,,Good,Mid-Range (15k-30k),0.474
laptops,"Renewed Laptops Elitebook 840 G1 core i5 12GB RAM 500GB HDD 14""/ WINDOWS 11 PRO ACTIVATED/OFFICE INSTALLED","Renewed Laptops Elitebook 840 G1 core i5 12GB RAM 500GB HDD 14""/ WINDOWS 11 PRO ACTIVATED/OFFICE INSTALLED",19500,30000,35,FALSE,5,0,https://www.jumia.co.ke/renewed-renewed-laptops-elitebook-840-g1-core-i5-12gb-ram-500gb-hdd-14-windows-11-pro-activatedoffice-installed-327392401.html,07/26/26 13:48,12,12,,,Excellent,Mid-Range (15k-30k),0.605
laptops,ELITEBOOK 1040 G8 X360 Core-I7 11TH GEN-16GB RAM-512GB SSD -Refurbished-Win11-Silver + WIRELESS MOUSE,ELITEBOOK 1040 G8 X360 Core-I7 11TH GEN-16GB RAM-512GB SSD -Refurbished-Win11-Silver + WIRELESS MOUSE,65100,70000,7,FALSE,0,0,https://www.jumia.co.ke/renewed-elitebook-1040-g8-x360-core-i7-11th-gen-16gb-ram-512gb-ssd-refurbished-win11-silver-wireless-mouse-326075972.html,07/26/26 13:48,16,16,,,No Rating,Luxury (>50k),0.021
laptops,"DELL Latitude 7390 Core i5 8th Gen 8GB RAM 256GB SSD 13.3 Inch FHD 1.6GHz Quad Core Processor, Windows 11 Pro TOUCHSCREEN (2-IN-1)","DELL Latitude 7390 Core i5 8th Gen 8GB RAM 256GB SSD 13.3 Inch FHD 1.6GHz Quad Core Processor, Windows 11 Pro TOUCHSCREEN (2-IN-1)",27899,37000,24.6,FALSE,0,0,https://www.jumia.co.ke/dell-latitude-7390-core-i5-8th-gen-8gb-ram-256gb-ssd-13.3-inch-fhd-1.6ghz-quad-core-processor-windows-11-pro-touchscreen-2-in-1-327761779.html,07/26/26 13:48,8,8,,,No Rating,Mid-Range (15k-30k),0.074
laptops,Refurbished THINKPAD T480 Intel Core i5-8th Gen 8GB RAM 256GB SSD,Refurbished THINKPAD T480 Intel Core i5-8th Gen 8GB RAM 256GB SSD,23999,32000,25,FALSE,3.4,0,https://www.jumia.co.ke/refurbished-thinkpad-t480-intel-core-i5-8th-gen-8gb-ram-256gb-ssd-lenovo-mpg1702440.html,07/26/26 13:48,8,8,,,Average,Mid-Range (15k-30k),0.415
laptops,"Refurbished EX-UK OMEN Gaming 16 – AMD Ryzen 7, 16GB RAM, 512GB SSD, 16.1"" FHD, Integrated Graphics","Refurbished EX-UK OMEN Gaming 16 – AMD Ryzen 7, 16GB RAM, 512GB SSD, 16.1"" FHD, Integrated Graphics",69000,,0,FALSE,0,0,https://www.jumia.co.ke/refurbished-ex-uk-omen-gaming-16-amd-ryzen-7-16gb-ram-512gb-ssd-16.1-fhd-integrated-graphics-hp-mpg10151617.html,07/26/26 13:48,16,16,,,No Rating,Luxury (>50k),0
laptops,"Lenovo ThinkPad T490 - Core i5 8th Gen, 8GB RAM, 256GB SSD, 14"" Display, Black","Lenovo ThinkPad T490 - Core i5 8th Gen, 8GB RAM, 256GB SSD, 14"" Display, Black",24900,60000,58.5,FALSE,0,0,https://www.jumia.co.ke/thinkpad-t490-core-i5-8th-gen-8gb-ram-256gb-ssd-14-display-black-lenovo-mpg10466119.html,07/26/26 13:48,8,8,,,No Rating,Mid-Range (15k-30k),0.176
laptops,DELL Latitude 7400 Intel Core I7 8th Gen 16GB RAM 512GB SSD 14 Inches HD RefurbishedDisplay,DELL Latitude 7400 Intel Core I7 8th Gen 16GB RAM 512GB SSD 14 Inches HD RefurbishedDisplay,42999,63000,31.7,FALSE,4,0,https://www.jumia.co.ke/dell-latitude-7400-intel-core-i7-8th-gen-16gb-ram-512gb-ssd-14-inches-hd-refurbisheddisplay-309208122.html,07/26/26 13:48,16,16,,,Good,Premium (30k-50k),0.495
laptops,"Lenovo Renewed Laptops 8GB RAM 256GB SSD ThinkPad Yoga 11e X360 Touchscreen Laptop Webcam Bluetooth, HDMI WIFI With Windows 11 PRO Activated, Office 2021 Pro, Basic software , Free Bag + Free 320GB HDD + Phone.","Lenovo Renewed Laptops 8GB RAM 256GB SSD ThinkPad Yoga 11e X360 Touchscreen Laptop Webcam Bluetooth, HDMI WIFI With Windows 11 PRO Activated, Office 2021 Pro, Basic software , Free Bag + Free  320GB HDD + Phone.",21999,26000,15.4,FALSE,0,0,https://www.jumia.co.ke/lenovo-renewed-laptops-8gb-ram-256gb-ssd-thinkpad-yoga-11e-x360-touchscreen-laptop-webcam-bluetooth-hdmi-wifi-with-windows-11-pro-activated-office-2021-pro-basic-software-free-bag-free-320gb-hdd-phone.-328016573.html,07/26/26 13:48,8,8,,,No Rating,Mid-Range (15k-30k),0.046
laptops,"Lenovo hinkPad T480s – 14"" FHD, Intel Core i5 (8th Gen), 8GB RAM, 256GB SSD, Windows 11 Pro, Refurbished – Black + 6 Months Warranty","Lenovo hinkPad T480s – 14"" FHD, Intel Core i5 (8th Gen), 8GB RAM, 256GB SSD, Windows 11 Pro, Refurbished – Black + 6 Months Warranty",24300,32000,24.1,FALSE,0,0,https://www.jumia.co.ke/lenovo-hinkpad-t480s-14-fhd-intel-core-i5-8th-gen-8gb-ram-256gb-ssd-windows-11-pro-refurbished-black-6-months-warranty-328295800.html,07/26/26 13:48,8,8,,,No Rating,Mid-Range (15k-30k),0.072
laptops,"8GB RAM 256GB SSD ThinkPad Yoga 11e Refurbished Laptop X360 Touchscreen Webcam Bluetooth, HDMI WIFI With Windows 11 PRO Activated, Office 2021 Pro, Basic software Installed, Free Bag + Free wireless mouse + Charger + Mouse Pad + Free Extension.","8GB RAM 256GB SSD ThinkPad Yoga 11e Refurbished Laptop X360 Touchscreen Webcam Bluetooth, HDMI WIFI With Windows 11 PRO Activated, Office 2021 Pro, Basic software Installed, Free Bag + Free wireless mouse + Charger + Mouse Pad + Free Extension.",19999,30000,33.3,FALSE,3,0,https://www.jumia.co.ke/8gb-ram-256gb-ssd-thinkpad-yoga-11e-refurbished-laptop-x360-touchscreen-webcam-bluetooth-hdmi-wifi-with-windows-11-pro-activated-office-2021-pro-basic-software-installed-free-bag-free-wireless-mouse-charger-mouse-pad-free-extension.-lenovo-mpg9527456.html,07/26/26 13:48,8,8,,,Average,Mid-Range (15k-30k),0.4
laptops,"HP Elitebook Renewed 8GB RAM, 256GB SSD 14'' Inches Screen Display, Intel Core i5 Laptop & Bluetooth,Webcam, Windows 11 PRO Activated, Office & Basic software Installed + Free Bag + Charger + Free wireless Mouse +Free Mouse Pad+ Free Extension","HP  Elitebook Renewed 8GB RAM, 256GB SSD 14'' Inches Screen Display, Intel Core i5 Laptop & Bluetooth,Webcam, Windows 11 PRO Activated, Office & Basic software Installed + Free Bag + Charger + Free wireless Mouse +Free Mouse Pad+ Free Extension",21999,25000,12,FALSE,0,0,https://www.jumia.co.ke/elitebook-refurbished-4gb-ram-500gb-hard-disk-14-inches-screen-display-intel-core-i5-laptop-bluetoothwebcam-windows-11-pro-activated-office-basic-software-installed-free-bag-charger-free-wireless-mouse-free-mouse-pad-free-extension-hp-mpg10046681.html,07/26/26 13:48,8,8,,,No Rating,Mid-Range (15k-30k),0.036
laptops,"Lenovo ThinkPad X250 Refurbished Core I5,8GB RAM, 256GB SSD,12.5 Inch Windows 10, 6 Months WRTY","Lenovo ThinkPad X250 Refurbished Core I5,8GB RAM, 256GB SSD,12.5 Inch Windows 10, 6 Months WRTY",16500,26999,38.9,FALSE,0,0,https://www.jumia.co.ke/thinkpad-x250-refurbished-core-i58gb-ram-256gb-ssd12.5-inch-windows-10-6-months-wrty-lenovo-mpg10079660.html,07/26/26 13:48,8,8,,,No Rating,Mid-Range (15k-30k),0.117
laptops,"ThinkPad T14s -11th Gen-Core i5 -16GB RAM -512GB SSD -Refurbished -Black-Win 11 Pro-14""","ThinkPad T14s -11th Gen-Core i5 -16GB RAM -512GB SSD -Refurbished -Black-Win 11 Pro-14""",43999,45000,2.2,FALSE,5,0,https://www.jumia.co.ke/renewed-thinkpad-t14s-11th-gen-core-i5-16gb-ram-512gb-ssd-refurbished-black-win-11-pro-14-327275251.html,07/26/26 13:48,16,16,,,Excellent,Premium (30k-50k),0.507
laptops,"Refurbished ThinkPad Yoga 260 X360 Core I5 6th Gen 8GB RAM 256GB SSD 12.5"" Touchscreen HD + Stylus Pen","Refurbished ThinkPad Yoga 260 X360 Core I5 6th Gen 8GB RAM 256GB SSD 12.5"" Touchscreen HD + Stylus Pen",22899,27000,15.2,FALSE,0,0,https://www.jumia.co.ke/renewed-refurbished-thinkpad-yoga-260-x360-core-i5-6th-gen-8gb-ram-256gb-ssd-12.5-touchscreen-hd-stylus-pen-325494931.html,07/26/26 13:48,8,8,,,No Rating,Mid-Range (15k-30k),0.046
laptops,"ThinkPad T450/T440/S, Core i5 SSD 256GB RAM 8gb 14 inches Refurbished - Black","ThinkPad T450/T440/S, Core i5 SSD 256GB RAM 8gb 14 inches Refurbished - Black",18999,21999,13.6,FALSE,3,0,https://www.jumia.co.ke/renewed-thinkpad-t450t440s-core-i5-ssd-256gb-ram-8gb-14-inches-refurbished-black-326645140.html,07/26/26 13:48,256,256,,,Average,Mid-Range (15k-30k),0.341
laptops,"Refurbished MacBook Pro 13"" Core I5 8GB RAM, 1TB HDD ( 2012) 2.5GHz- Silver, 6 Months WRTY","Refurbished MacBook Pro 13"" Core I5 8GB RAM, 1TB HDD ( 2012)  2.5GHz- Silver, 6 Months WRTY",24000,36000,33.3,FALSE,0,0,https://www.jumia.co.ke/refurbished-macbook-pro-13-core-i5-8gb-ram-1tb-hdd-2012-2.5ghz-silver-6-months-wrty-apple-mpg7799791.html,07/26/26 13:48,8,8,,,No Rating,Mid-Range (15k-30k),0.1
laptops,"X1 Carbon Refurbished Core I7-8th Gen, 16GB Ram -512GB SSD Win 11 + 6 Months WRTY","X1 Carbon Refurbished Core I7-8th Gen, 16GB Ram -512GB SSD Win 11 + 6 Months WRTY",39990,55000,27.3,FALSE,0,0,https://www.jumia.co.ke/renewed-x1-carbon-refurbished-core-i7-8th-gen-16gb-ram-512gb-ssd-win-11-6-months-wrty-325840940.html,07/26/26 13:48,16,16,,,No Rating,Premium (30k-50k),0.082
laptops,Refurbished THINKPAD T480 Intel Core i5-8th Gen 16GB RAM 256GB SSD Windows 11 pro Installed + Free wireless mouse,Refurbished THINKPAD T480 Intel Core i5-8th Gen 16GB RAM 256GB SSD Windows 11 pro Installed + Free wireless mouse,28999,38000,23.7,FALSE,3.9,0,https://www.jumia.co.ke/renewed-refurbished-thinkpad-t480-intel-core-i5-8th-gen-16gb-ram-256gb-ssd-windows-11-pro-installed-free-wireless-mouse-251775598.html,07/26/26 13:48,16,16,,,Good,Mid-Range (15k-30k),0.461
laptops,"HP Refurbished Probook 640 G1 8GB RAM 500GB HDD Core I5 14"", Windows 11 PRO Activated, Office & Basic software Installed, Free Bag + Charger + Wireless Mouse + Mouse Pad + Free Extension.","HP Refurbished  Probook 640 G1  8GB RAM 500GB HDD Core I5  14"", Windows 11 PRO Activated, Office & Basic software  Installed, Free Bag + Charger + Wireless Mouse + Mouse Pad + Free Extension.",19999,25000,20,FALSE,4.3,0,https://www.jumia.co.ke/hp-refurbished-probook-640-g1-8gb-ram-500gb-hdd-core-i5-14-windows-11-pro-activated-office-basic-software-installed-free-bag-charger-wireless-mouse-mouse-pad-free-extension.-161827111.html,07/26/26 13:48,8,8,,,Good,Mid-Range (15k-30k),0.49
laptops,HP Refurbrished Elitebook 840 G1 has a 14.0-inch display. An Intel Core i5 4th gen 4GB DDR3 RAM 500gb hdd.windows 10 pro installed and activated,HP Refurbrished Elitebook 840 G1 has a 14.0-inch display. An Intel Core i5 4th gen 4GB DDR3 RAM 500gb hdd.windows 10 pro installed and activated,16399,21000,21.9,FALSE,0,0,https://www.jumia.co.ke/hp-refurbrished-elitebook-840-g1-has-a-14.0-inch-display.-an-intel-core-i5-4th-gen-4gb-ddr3-ram-500gb-hdd.windows-10-pro-installed-and-activated-312751992.html,07/26/26 13:48,4,,,,No Rating,Mid-Range (15k-30k),0.066
laptops,"Lenovo Refurbished ThinkPad Yoga 11e X360 degrees Touch Screen Renewed Laptops Intel Celeron 4GB 128GB SSD 11.6"" Drivers, basic Software windows 11 pro + Charger + Free Wireless Rechagable Mouse..","Lenovo Refurbished ThinkPad Yoga 11e X360 degrees Touch Screen Renewed Laptops Intel Celeron 4GB 128GB SSD 11.6"" Drivers, basic Software windows 11 pro + Charger + Free Wireless Rechagable Mouse..",13899,19000,26.8,FALSE,0,0,https://www.jumia.co.ke/lenovo-refurbished-thinkpad-yoga-11e-x360-degrees-touch-screen-renewed-laptops-intel-celeron-4gb-128gb-ssd-11.6-drivers-basic-software-windows-11-pro-charger-free-wireless-rechagable-mouse..-327379704.html,07/26/26 13:48,4,,,,No Rating,Entry (5k-15k),0.08
laptops,"HP Brand new Notebook 15s Intel Celeron N4120 4GB DDR4-2666 SDRAM 256GB PCIe NVMe M.2 SSD 15.6"" Diagonal HD SVA Display Intel UHD Graphics TrueVision HD Camera Dual Speakers 1 Year warrant","HP Brand new Notebook 15s Intel Celeron N4120 4GB DDR4-2666 SDRAM 256GB PCIe NVMe M.2 SSD 15.6"" Diagonal HD SVA Display Intel UHD Graphics TrueVision HD Camera Dual Speakers 1 Year warrant",44999,51999,13.5,FALSE,0,0,https://www.jumia.co.ke/hp-brand-new-notebook-15s-intel-celeron-n4120-4gb-ddr4-2666-sdram-256gb-pcie-nvme-m.2-ssd-15.6-diagonal-hd-sva-display-intel-uhd-graphics-truevision-hd-camera-dual-speakers-1-year-warrant-326350215.html,07/26/26 13:48,4,,,,No Rating,Premium (30k-50k),0.04
laptops,Refurbished Latitude 7280 Core I5 8GB RAM 256GB SSD 6th Gen 12.5 Inch Ultrabook Slim Laptop + Laptop Bag,Refurbished Latitude 7280 Core I5 8GB RAM 256GB SSD 6th Gen 12.5 Inch Ultrabook Slim Laptop + Laptop Bag,18999,30000,36.7,FALSE,3,0,https://www.jumia.co.ke/renewed-refurbished-latitude-7280-core-i5-8gb-ram-256gb-ssd-6th-gen-12.5-inch-ultrabook-slim-laptop-laptop-bag-325562264.html,07/26/26 13:48,8,8,,,Average,Mid-Range (15k-30k),0.41
laptops,"Renewed Elitebook 840 G1 8GB RAM 500GB HDD Laptops, Slim Laptop , 14'' Screen Display Intel Core i5 Laptop, Bluetooth,Webcam, Windows 11 PRO Activated, Office & Basic software Installed + Free Mouse + Charger.","Renewed Elitebook 840 G1  8GB RAM 500GB HDD Laptops, Slim Laptop , 14'' Screen Display Intel Core i5 Laptop, Bluetooth,Webcam, Windows 11 PRO Activated, Office & Basic software Installed + Free Mouse + Charger.",18999,25000,24,FALSE,0,0,https://www.jumia.co.ke/renewed-renewed-elitebook-840-g1-8gb-ram-500gb-hdd-laptops-slim-laptop-14-screen-display-intel-core-i5-laptop-bluetoothwebcam-windows-11-pro-activated-office-basic-software-installed-free-mouse-charger.-327393294.html,07/26/26 13:48,8,8,,,No Rating,Mid-Range (15k-30k),0.072
laptops,"ProBook X360 11 G6 – Core I5 10th Gen, 8GB RAM, 256GB SSD, 11.6” Touchscreen, Windows 10 , Refurbished 6months Warranty","ProBook X360 11 G6 – Core I5 10th Gen, 8GB RAM, 256GB SSD, 11.6” Touchscreen, Windows 10 , Refurbished 6months Warranty",24999,30000,16.7,FALSE,0,0,https://www.jumia.co.ke/renewed-hp-probook-x360-11-g6-intel-core-i5-8gb-ram-256gb-ssd-11.6-touchscreen-windows-11-renewed-mpg10400431.html,07/26/26 13:48,8,8,,,No Rating,Mid-Range (15k-30k),0.05
laptops,"HP Probook X360 11 G4 EE Intel Core I5 8GB RAM 256GB SSD 8th Generation 11.6 Inches Touchscreen, HDMI, 2 In 1 Laptop","HP Probook X360 11 G4 EE Intel Core I5 8GB RAM 256GB SSD 8th Generation 11.6 Inches Touchscreen, HDMI, 2 In 1 Laptop",20991,24000,12.5,FALSE,0,0,https://www.jumia.co.ke/hp-probook-x360-11-g4-ee-intel-core-i5-8gb-ram-256gb-ssd-8th-generation-11.6-inches-touchscreen-hdmi-2-in-1-laptop-327154508.html,07/26/26 13:48,8,8,,,No Rating,Mid-Range (15k-30k),0.038
laptops,ThinkPad X270 Intel Core I5-Refurbished-8GB RAM 256GB SSD Windows 10 Pro Laptop,ThinkPad X270 Intel Core I5-Refurbished-8GB RAM 256GB SSD Windows 10 Pro Laptop,17899,26899,33.5,FALSE,0,0,https://www.jumia.co.ke/thinkpad-x270-intel-core-i5-refurbished-8gb-ram-256gb-ssd-windows-10-pro-laptop-renewed-mpg10426546.html,07/26/26 13:48,8,8,,,No Rating,Mid-Range (15k-30k),0.1
laptops,"Refurbished Elitebook 840 G1 Slim Laptop 8GB RAM 500GB HDD Laptops, 14'' Screen Display Intel Core i5 Laptop, Bluetooth,Webcam, Windows 11 PRO Activated, Office & Basic software Installed + Free Mouse + Charger.","Refurbished  Elitebook 840 G1  Slim Laptop  8GB RAM 500GB HDD Laptops, 14'' Screen Display Intel Core i5 Laptop, Bluetooth,Webcam, Windows 11 PRO Activated, Office & Basic software Installed + Free Mouse + Charger.",17999,25000,28,FALSE,0,0,https://www.jumia.co.ke/renewed-refurbished-elitebook-840-g1-slim-laptop-8gb-ram-500gb-hdd-laptops-14-screen-display-intel-core-i5-laptop-bluetoothwebcam-windows-11-pro-activated-office-basic-software-installed-free-mouse-charger.-327393492.html,07/26/26 13:48,8,8,,,No Rating,Mid-Range (15k-30k),0.084
laptops,"Refurbished Elitebook 840 G3 6th Gen , Core I5, 8GB RAM- SSD 256gb + 500gb Hdd -14"" (6 Months WRTY)","Refurbished Elitebook 840  G3 6th Gen  ,  Core I5, 8GB RAM- SSD 256gb + 500gb Hdd -14""  (6 Months WRTY)",25999,46999,44.7,FALSE,3.4,0,https://www.jumia.co.ke/elitebook-840-g3-6th-gen-core-i5-8gb-ram-ssd-256gb-14-sliver-refurbished-hp-mpg1022540.html,07/26/26 13:48,8,8,,,Average,Mid-Range (15k-30k),0.474
laptops,"Lenovo Refurbshed Thinkpad T470S Core I5 8GB Ram 256GB SSD, 6th Generation 14 Inches","Lenovo Refurbshed Thinkpad T470S Core I5 8GB Ram 256GB SSD, 6th Generation 14 Inches",20999,31999,34.4,FALSE,5,0,https://www.jumia.co.ke/lenovo-refurbshed-thinkpad-t470s-core-i5-8gb-ram-256gb-ssd-6th-generation-14-inches-327107357.html,07/26/26 13:48,8,8,,,Excellent,Mid-Range (15k-30k),0.603
tablets,"Rednni 17promax Tablet - 10.1 - Android 13 - 16GB RAM - 1TGB Storage Case,","Rednni 17promax Tablet - 10.1 - Android 13 - 16GB RAM - 1TGB Storage Case,",10720,16750,36,FALSE,4.7,0,https://www.jumia.co.ke/rednni-17promax-tablet-10.1-android-13-16gb-ram-1tgb-storage-case-327948396.html,07/26/26 13:48,16,16,,,Excellent,Entry (5k-15k),0.578
tablets,"Rednni 15pro Tablet - 10.1 - Android 13 - 16GB RAM - 1TGB Storage Case,","Rednni 15pro Tablet - 10.1 - Android 13 - 16GB RAM - 1TGB Storage Case,",10050,16080,37.5,FALSE,4.3,0,https://www.jumia.co.ke/rednni-15pro-tablet-10.1-android-13-16gb-ram-1tgb-storage-case-327948353.html,07/26/26 13:48,16,16,,,Good,Entry (5k-15k),0.542
tablets,"Rednni 17promax Tablet - 10.1 - Android 13 - 16GB RAM - 1TGB Storage with Case,","Rednni 17promax Tablet - 10.1 - Android 13 - 16GB RAM - 1TGB Storage with Case,",10526,16750,37.2,FALSE,4.2,0,https://www.jumia.co.ke/rednni-17promax-tablet-10.1-android-13-16gb-ram-1tgb-storage-with-case-327948413.html,07/26/26 13:48,16,16,,,Good,Entry (5k-15k),0.532
tablets,"C Idea Adults Tablets, 10 Inches Android 12 Sim 8GB+512GB Storage Keyboard Tablets PC(Purple)","C Idea Adults Tablets, 10 Inches Android 12 Sim 8GB+512GB Storage Keyboard Tablets PC(Purple)",10125,16470,38.5,FALSE,3.9,0,https://www.jumia.co.ke/adults-tablets-10-inches-android-12-sim-8gb512gb-storage-keyboard-tablets-pcpurple-c-idea-mpg10264674.html,07/26/26 13:48,512,,,,Good,Entry (5k-15k),0.506
tablets,TiLECC 10.1 Inch Android Tablet PC 12 Dual Camera Sim 8GB RAM 512GB Bluetooth Fntastic Grey,TiLECC 10.1 Inch Android Tablet PC 12 Dual Camera Sim 8GB RAM 512GB Bluetooth Fntastic Grey,9862,16080,38.7,FALSE,4.2,0,https://www.jumia.co.ke/tilecc-10.1-inch-android-tablet-pc-12-dual-camera-sim-8gb-ram-512gb-bluetooth-fntastic-grey-326356963.html,07/26/26 13:48,8,8,,,Good,Entry (5k-15k),0.536
tablets,"Modio M92 5G Android Tablet, 11"" Inches Display, 16GB RAM + 1TB, Dual SIM, 10000mAh With Keyboard & Stylus Pen - black + Free Web Watch & Earpods","Modio M92 5G Android Tablet, 11"" Inches Display, 16GB RAM + 1TB, Dual SIM, 10000mAh With Keyboard & Stylus Pen  - black + Free Web Watch & Earpods",12299,25999,52.7,FALSE,3.6,0,https://www.jumia.co.ke/modio-m92-5g-android-tablet-11-inches-display-16gb-ram-1tb-dual-sim-10000mah-with-keyboard-stylus-pen-black-free-web-watch-earpods-326689266.html,07/26/26 13:48,16,16,10000,,Good,Entry (5k-15k),0.518
tablets,TiLECC Android 12 7 Inch Kid Tablet Dual Camera 4GB RAM 128GB 4000mAh White,TiLECC Android 12 7 Inch Kid Tablet Dual Camera 4GB RAM 128GB 4000mAh White,4998,13400,62.7,TRUE,5,0,https://www.jumia.co.ke/tilecc-android-12-7-inch-kid-tablet-dual-camera-4gb-ram-128gb-4000mah-white-326357190.html,07/26/26 13:48,4,4,4000,,Excellent,Budget (<5k),0.688
tablets,"Modio M92 5G Android Tablet, 11"" Inches Display, 16GB RAM + 1TB, Dual SIM, 10000mAh With Keyboard & Stylus Pen","Modio M92 5G Android Tablet, 11"" Inches Display, 16GB RAM + 1TB, Dual SIM, 10000mAh With Keyboard & Stylus Pen",11999,19999,40,FALSE,3.6,0,https://www.jumia.co.ke/modio-m92-5g-android-tablet-11-inches-display-16gb-ram-1tb-dual-sim-10000mah-with-keyboard-stylus-pen-326398977.html,07/26/26 13:48,16,16,10000,,Good,Entry (5k-15k),0.48
tablets,"redbeat A2 Tablet, Dual SIM, 10.1-inch , 8(4+4)GB RAM/128GB ROM, Android 14, 6000 MAh Battery,Gray","redbeat  A2 Tablet, Dual SIM, 10.1-inch , 8(4+4)GB RAM/128GB ROM, Android 14, 6000 MAh Battery,Gray",12596,24120,47.8,FALSE,4.4,0,https://www.jumia.co.ke/a2-tablet-dual-sim-10.1-inch-844gb-ram128gb-rom-android-14-6000-mah-batterygray-redbeat-mpg8920968.html,07/26/26 13:48,128,,6000,,Good,Entry (5k-15k),0.583
tablets,"Atouch Machine With Handle 10inch KT36 Android 12.0 8GB+256GB,6000mAh,Wi-Fi,GPS","Atouch Machine With Handle 10inch KT36 Android  12.0 8GB+256GB,6000mAh,Wi-Fi,GPS",7350,14412,49,FALSE,3,0,https://www.jumia.co.ke/atouch-machine-with-handle-10inch-kt36-android-12.0-8gb256gb6000mahwi-figps-266363765.html,07/26/26 13:48,256,,6000,,Average,Entry (5k-15k),0.447
tablets,10.5 Inch LCD Writing Tablet Electronic Digital Drawing Board Erasable Writing Pad,10.5 Inch LCD Writing Tablet Electronic Digital Drawing Board Erasable Writing Pad,399,1205,66.9,TRUE,4,0,https://www.jumia.co.ke/generic-10.5-inch-lcd-writing-tablet-electronic-digital-drawing-board-erasable-writing-pad-314561988.html,07/26/26 13:48,,,,,Good,Budget (<5k),0.601
tablets,"redbeat C1 Tablet,Dual SIM,8-inch ,6(3+3)GB/64GB, Android14,4000mAh Battery,Gray","redbeat C1 Tablet,Dual SIM,8-inch ,6(3+3)GB/64GB, Android14,4000mAh Battery,Gray",9380,22244,57.8,FALSE,3.4,0,https://www.jumia.co.ke/c1-tabletdual-sim8-inch-633gb-ram-64gb-rom-android14-4000mah-batterygray-redbeat-mpg8920967.html,07/26/26 13:48,64,,4000,,Average,Entry (5k-15k),0.513
tablets,"C Idea Adults Tablets, 10 Inches Android 12 Sim 8GB+512GB Storage Keyboard Tablets PC(Pink)","C Idea Adults Tablets, 10 Inches Android 12 Sim 8GB+512GB Storage Keyboard Tablets PC(Pink)",10125,16200,37.5,FALSE,3.8,0,https://www.jumia.co.ke/adults-tablets-10-inches-android-12-sim-8gb512gb-storage-keyboard-tablets-pcpink-c-idea-mpg10264673.html,07/26/26 13:48,512,,,,Good,Entry (5k-15k),0.492
tablets,Bro Toumi Children's anti fall tablet computer set with silicone protective cover+rich learning and entertainment accessories Blue,Bro Toumi Children's anti fall tablet computer set with silicone protective cover+rich learning and entertainment accessories Blue,4824,11792,59.1,FALSE,0,0,https://www.jumia.co.ke/bro-toumi-childrens-anti-fall-tablet-computer-set-with-silicone-protective-coverrich-learning-and-entertainment-accessories-blue-326408251.html,07/26/26 13:48,,,,,No Rating,Budget (<5k),0.177
tablets,"C Idea Android 16 Tablets, 10.1 Inches Sim 8GB+1TB Keyboard Mouse Long Standby Tablet PC","C Idea Android 16 Tablets, 10.1 Inches Sim 8GB+1TB Keyboard Mouse Long Standby Tablet PC",11131,18225,38.9,FALSE,4.1,0,https://www.jumia.co.ke/c-idea-android-16-tablets-10.1-inches-sim-8gb1tb-keyboard-mouse-long-standby-tablet-pc-325430236.html,07/26/26 13:48,8,,,,Good,Entry (5k-15k),0.527
tablets,"C Idea Android 16 Tablets,10.1 Inches Sim 8GB+1TB Keyboard Mouse Long Standby Tablet PC Black","C Idea Android 16 Tablets,10.1 Inches Sim 8GB+1TB Keyboard Mouse Long Standby Tablet PC Black",11475,18225,37,FALSE,3.5,0,https://www.jumia.co.ke/c-idea-android-16-tablets10.1-inches-sim-8gb1tb-keyboard-mouse-long-standby-tablet-pc-black-323164298.html,07/26/26 13:48,8,,,,Good,Entry (5k-15k),0.461
tablets,Bro Toumi Toumi PAD Sky Horse 8inch Tablet 4GB+64B Battery 8000Mah BR-PINK,Bro Toumi Toumi PAD Sky Horse 8inch Tablet 4GB+64B Battery 8000Mah BR-PINK,5494,11724,53.1,FALSE,0,0,https://www.jumia.co.ke/bro-toumi-toumi-pad-sky-horse-8inch-tablet-4gb64b-battery-8000mah-br-pink-230141991.html,07/26/26 13:48,4,,8000,,No Rating,Entry (5k-15k),0.159
tablets,C Idea 10.1 Inches Sim 8GB+1TB Keyboard Mouse Long Standby Tablet PC,C Idea 10.1 Inches Sim 8GB+1TB Keyboard Mouse Long Standby Tablet PC,10125,12825,21.1,FALSE,2.3,0,https://www.jumia.co.ke/android-15-tablets-10-inches-sim-8gb1tb-storage-keyboard-tablet-pc-c-idea-mpg9603273.html,07/26/26 13:48,8,,,,Poor,Entry (5k-15k),0.293
tablets,OVO TOUMI Children's anti fall tablet computer set with silicone protective cover+rich learning and entertainment accessoriesPink,OVO TOUMI Children's anti fall tablet computer set with silicone protective cover+rich learning and entertainment accessoriesPink,4824,11792,59.1,FALSE,4,0,https://www.jumia.co.ke/ovo-toumi-childrens-anti-fall-tablet-computer-set-with-silicone-protective-coverrich-learning-and-entertainment-accessoriespink-326408271.html,07/26/26 13:48,,,,,Good,Budget (<5k),0.577
tablets,S Color S-Color C50S 7-Inch HD Smart Tablet PC 256GB ROM 8GB RAM,S Color S-Color C50S 7-Inch HD Smart Tablet PC 256GB ROM 8GB RAM,6072,12000,49.4,FALSE,0,0,https://www.jumia.co.ke/s-color-s-color-c50s-7-inch-hd-smart-tablet-pc-256gb-rom-8gb-ram-328507708.html,07/26/26 13:48,256,8,,,No Rating,Entry (5k-15k),0.148
tablets,C Idea 10.1 Inch Kids Tablets Android 13 64GB ROM 6000mAh For Toddler Blue,C Idea 10.1 Inch Kids Tablets Android 13 64GB ROM 6000mAh For Toddler Blue,8438,13639,38.1,FALSE,0,0,https://www.jumia.co.ke/c-idea-10.1-inch-kids-tablets-android-13-64gb-rom-6000mah-for-toddler-blue-260758686.html,07/26/26 13:48,64,,6000,,No Rating,Entry (5k-15k),0.114
tablets,"C Idea Android 16 Tablets, 10.1 Inches Sim 8GB+1TB Keyboard Mouse Long Standby Tablet PC Silver","C Idea Android 16 Tablets, 10.1 Inches Sim 8GB+1TB Keyboard Mouse Long Standby Tablet PC Silver",11475,18225,37,FALSE,5,0,https://www.jumia.co.ke/c-idea-android-16-tablets-10.1-inches-sim-8gb1tb-keyboard-mouse-long-standby-tablet-pc-silver-325430221.html,07/26/26 13:48,8,,,,Excellent,Entry (5k-15k),0.611
tablets,Bro Toumi Toumi PAD Sky Horse-II 8inch Tablet 4GB+64B Battery 8000Mah BR-PINK,Bro Toumi Toumi PAD Sky Horse-II 8inch Tablet 4GB+64B Battery 8000Mah BR-PINK,5494,11724,53.1,FALSE,1,0,https://www.jumia.co.ke/bro-toumi-toumi-pad-sky-horse-ii-8inch-tablet-4gb64b-battery-8000mah-br-pink-293164566.html,07/26/26 13:48,4,,8000,,Poor,Entry (5k-15k),0.259
tablets,"OVO TOUMI Capibara children's learning tablet set, early education, educational WiFi student computer, toy gift Brown","OVO TOUMI Capibara children's learning tablet set, early education, educational WiFi student computer, toy gift Brown",4824,11792,59.1,FALSE,0,0,https://www.jumia.co.ke/ovo-toumi-capibara-childrens-learning-tablet-set-early-education-educational-wifi-student-computer-toy-gift-brown-326523706.html,07/26/26 13:48,,,,,No Rating,Budget (<5k),0.177
tablets,"Modio KIDS STUDY TABLETS 256GB/6GB 5G 4000MAH WITH SIMCARD SLOT SILICONE COVER,TOUCH PEN","Modio  KIDS STUDY TABLETS 256GB/6GB 5G 4000MAH WITH SIMCARD SLOT SILICONE COVER,TOUCH PEN",5986,6999,14.5,FALSE,0,0,https://www.jumia.co.ke/modio-kids-study-tablets-256gb6gb-5g-4000mah-with-simcard-slot-silicone-covertouch-pen-326618942.html,07/26/26 13:48,6,,4000,,No Rating,Entry (5k-15k),0.044
tablets,C Idea Kid Tablet 7 Inch For Kid 1024*600 Screen 3000mAh With 4-hour Battery Life Red,C Idea Kid Tablet 7 Inch For Kid 1024*600 Screen 3000mAh With 4-hour Battery Life Red,6075,13114,53.7,FALSE,4,0,https://www.jumia.co.ke/c-idea-kid-tablet-7-inch-for-kid-1024600-screen-3000mah-with-4-hour-battery-life-red-260750542.html,07/26/26 13:48,,,3000,,Good,Entry (5k-15k),0.561
tablets,S Color S-COLOR C40S 5G Tablet – 8GB RAM + 256GB ROM,S Color S-COLOR C40S 5G Tablet – 8GB RAM + 256GB ROM,6072,8000,24.1,FALSE,0,0,https://www.jumia.co.ke/s-color-s-color-c40s-5g-tablet-8gb-ram-256gb-rom-328507701.html,07/26/26 13:48,256,8,,,No Rating,Entry (5k-15k),0.072
tablets,"S Color S-COLOR GT100 Ultra 10.1"" Tablet – 16GB RAM + 512GB ROM, Android 13, 5G Dual SIM, 10000mAh Battery, Keyboard & Mouse Included","S Color S-COLOR GT100 Ultra 10.1"" Tablet – 16GB RAM + 512GB ROM, Android 13, 5G Dual SIM, 10000mAh Battery, Keyboard & Mouse Included",15000,,0,FALSE,5,0,https://www.jumia.co.ke/s-color-s-color-gt100-ultra-10.1-tablet-16gb-ram-512gb-rom-android-13-5g-dual-sim-10000mah-battery-keyboard-mouse-included-328507874.html,07/26/26 13:48,512,16,10000,,Excellent,Mid-Range (15k-30k),0.5
tablets,"C Idea 10.1 Inch Tablet, Android 12 Tablet 8GB RAM+128GB ROM,1920*1200 HD Screen, Dual Camera 8MP+13MP, 6000mAh, Gray","C Idea 10.1 Inch Tablet, Android 12 Tablet 8GB RAM+128GB ROM,1920*1200 HD Screen, Dual Camera 8MP+13MP, 6000mAh, Gray",12887,20484,37.1,FALSE,0,0,https://www.jumia.co.ke/c-idea-10.1-inch-tablet-android-12-tablet-8gb-ram128gb-rom19201200-hd-screen-dual-camera-8mp13mp-6000mah-gray-268107190.html,07/26/26 13:48,128,8,6000,8,No Rating,Entry (5k-15k),0.111
tablets,Samsung Galaxy Tab S7 Plus-12.4 Inch Smart Case With Pen Holder,Samsung Galaxy Tab S7 Plus-12.4 Inch Smart Case With Pen Holder,5500,6500,15.4,FALSE,0,0,https://www.jumia.co.ke/generic-samsung-galaxy-tab-s7-plus-12.4-inch-smart-case-with-pen-holder-326298690.html,07/26/26 13:48,,,,,No Rating,Entry (5k-15k),0.046
tablets,"Modio M132 Tablet PC, Display 8 inch, Memory 512GB ROM + 8GB RAM, Battery 5000mah, Camera 13mp+5mp, Dual SIM, Flip case, Keyboard & Touch pen Tablet gray","Modio M132 Tablet PC, Display 8 inch, Memory 512GB ROM + 8GB RAM, Battery 5000mah, Camera 13mp+5mp, Dual SIM, Flip case, Keyboard & Touch pen Tablet gray",7699,16999,54.7,FALSE,0,0,https://www.jumia.co.ke/modio-m132-tablet-pc-display-8-inch-memory-512gb-rom-8gb-ram-battery-5000mah-camera-13mp5mp-dual-sim-flip-case-keyboard-touch-pen-tablet-gray-327732147.html,07/26/26 13:48,512,8,5000,13,No Rating,Entry (5k-15k),0.164
tablets,Modio M730 5G Tablet - Kids Android Tablets PC,Modio  M730 5G Tablet - Kids Android Tablets PC,5987,9999,40.1,FALSE,0,0,https://www.jumia.co.ke/modio-m730-5g-tablet-kids-android-tablets-pc-327587390.html,07/26/26 13:48,,,,,No Rating,Entry (5k-15k),0.12
tablets,"Tablet for kids 7-inches 4gb ram and 64gb storage wifi learning tablets for kids, educational baby tablets with protector shock proof learning tablets","Tablet for kids 7-inches 4gb ram and 64gb storage wifi learning tablets for kids, educational baby tablets with protector shock proof learning tablets",5999,9999,40,FALSE,5,0,https://www.jumia.co.ke/generic-tablet-for-kids-7-inches-4gb-ram-and-64gb-storage-wifi-learning-tablets-for-kids-educational-baby-tablets-with-protector-shock-proof-learning-tablets-326485463.html,07/26/26 13:48,,,,,Excellent,Entry (5k-15k),0.62
tablets,"Modio M730 Kids Tablet,7"" inch Display , 6GB RAM, 256GB ROM, Quad-core Android Tab with SIM Card Slot , 5G -- Black","Modio M730 Kids Tablet,7"" inch Display , 6GB RAM, 256GB ROM, Quad-core Android Tab with SIM Card Slot , 5G -- Black",5799,9999,42,FALSE,3.7,0,https://www.jumia.co.ke/modio-m730-kids-tablet7-inch-display-6gb-ram-256gb-rom-quad-core-android-tab-with-sim-card-slot-5g-black-327925716.html,07/26/26 13:48,256,6,,,Good,Entry (5k-15k),0.496
tablets,"Modio M93 11 Inches DisplayTablet, 12GB RAM, 512GB Storage, 10000mAh Battery, Dual SIM, WiFi, Leather Cover Keyboard & Mouse - Black","Modio  M93 11 Inches DisplayTablet, 12GB RAM, 512GB Storage, 10000mAh Battery, Dual SIM, WiFi, Leather Cover Keyboard & Mouse - Black",11890,19999,40.5,FALSE,0,0,https://www.jumia.co.ke/modio-m93-11-inches-displaytablet-12gb-ram-512gb-storage-10000mah-battery-dual-sim-wifi-leather-cover-keyboard-mouse-black-327731573.html,07/26/26 13:48,512,12,10000,,No Rating,Entry (5k-15k),0.122
tablets,"Samsung TAB A11 4GB RAM + 64GB,Battery: 5100Mah,+24 MONTHS WARRANTY +COVER","Samsung TAB A11 4GB RAM + 64GB,Battery: 5100Mah,+24 MONTHS WARRANTY +COVER",17899,19999,10.5,FALSE,0,0,https://www.jumia.co.ke/samsung-tab-a11-4gb-ram-64gbbattery-5100mah24-months-warranty-cover-328279731.html,07/26/26 13:48,4,4,5100,,No Rating,Mid-Range (15k-30k),0.032
tablets,"Modio M92 5G Android Tablet, 11"" Inches Display, 16GB RAM + 1TB, Dual SIM, 10000mAh With Keyboard & Stylus Pen - black","Modio M92 5G Android Tablet, 11"" Inches Display, 16GB RAM + 1TB, Dual SIM, 10000mAh With Keyboard & Stylus Pen  - black",11999,19999,40,FALSE,3.7,0,https://www.jumia.co.ke/modio-m92-5g-android-tablet-11-inches-display-16gb-ram-1tb-dual-sim-10000mah-with-keyboard-stylus-pen-black-326398995.html,07/26/26 13:48,16,16,10000,,Good,Entry (5k-15k),0.49
tablets,"Modio M93 11 Inches DisplayTablet, 12GB RAM, 512GB Storage, 10000mAh Battery, Dual SIM, WiFi, Leather Cover Keyboard & Mouse","Modio  M93 11 Inches DisplayTablet, 12GB RAM, 512GB Storage, 10000mAh Battery, Dual SIM, WiFi, Leather Cover Keyboard & Mouse",11890,19999,40.5,FALSE,5,0,https://www.jumia.co.ke/modio-m93-11-inches-displaytablet-12gb-ram-512gb-storage-10000mah-battery-dual-sim-wifi-leather-cover-keyboard-mouse-327731545.html,07/26/26 13:49,512,12,10000,,Excellent,Entry (5k-15k),0.621
tablets,"Modio M92 5G Android Tablet, 11"" Inches Display, 16GB RAM + 1TB, Dual SIM, 10000mAh With Keyboard & Stylus Pen - black + Free Web Watch & Earpods","Modio M92 5G Android Tablet, 11"" Inches Display, 16GB RAM + 1TB, Dual SIM, 10000mAh With Keyboard & Stylus Pen - black + Free Web Watch & Earpods",13999,19999,30,FALSE,3,0,https://www.jumia.co.ke/modio-m92-5g-android-tablet-11-inches-display-16gb-ram-1tb-dual-sim-10000mah-with-keyboard-stylus-pen-black-free-web-watch-earpods-327541873.html,07/26/26 13:49,16,16,10000,,Average,Entry (5k-15k),0.39
tablets,"Black AI Translation Bluetooth Earphones, Open-Ear Wireless Translator Earbuds for Calls & Music","Black AI Translation Bluetooth Earphones, Open-Ear Wireless Translator Earbuds for Calls & Music",1005,2428,58.6,FALSE,2.8,0,https://www.jumia.co.ke/generic-black-ai-translation-bluetooth-earphones-open-ear-wireless-translator-earbuds-for-calls-music-327146508.html,07/26/26 13:49,,,,,Average,Budget (<5k),0.456
tablets,"Bluetooth Neckband Headphones Wireless Magnetic Earphones with HiFi Headsets, Sports Waterproof Earphones with Durability, Noise Cancelling with Mic for Gym 24H+ Playtime(Blue)","Bluetooth Neckband Headphones Wireless Magnetic Earphones with HiFi Headsets, Sports Waterproof Earphones with Durability, Noise Cancelling with Mic for Gym 24H+ Playtime(Blue)",417,1072,61.1,TRUE,0,0,https://www.jumia.co.ke/generic-bluetooth-neckband-headphones-wireless-magnetic-earphones-with-hifi-headsets-sports-waterproof-earphones-with-durability-noise-cancelling-with-mic-for-gym-24h-playtimeblue-327515256.html,07/26/26 13:49,,,,,No Rating,Budget (<5k),0.183
tablets,Mini Invisible Wireless Bluetooth Earphone Sleep-Friendly IPX5 Waterproof HIFI Music Earpods LED Power Display Long Battery Life Earbuds,Mini Invisible Wireless Bluetooth Earphone Sleep-Friendly IPX5 Waterproof HIFI Music Earpods LED Power Display Long Battery Life Earbuds,557,1340,58.4,FALSE,0,0,https://www.jumia.co.ke/generic-mini-invisible-wireless-bluetooth-earphone-sleep-friendly-ipx5-waterproof-hifi-music-earpods-led-power-display-long-battery-life-earbuds-327515328.html,07/26/26 13:49,,,,,No Rating,Budget (<5k),0.175
tablets,"2026 New Generation Wireless Earbuds- Earbud Headphones with LED Display, Hi-Fi HD Stereo Sound, Sweat-resistant Design for Sports, Music, and Gaming, In-Ear Design, Advanced Technology, Wireless Connectivity, and Rapid USB Charging","2026 New Generation Wireless Earbuds- Earbud Headphones with LED Display, Hi-Fi HD Stereo Sound, Sweat-resistant Design for Sports, Music, and Gaming, In-Ear Design, Advanced Technology, Wireless Connectivity, and Rapid USB Charging",817,1097,25.5,FALSE,0,0,https://www.jumia.co.ke/generic-2026-new-generation-wireless-earbuds-earbud-headphones-with-led-display-hi-fi-hd-stereo-sound-sweat-resistant-design-for-sports-music-and-gaming-in-ear-design-advanced-technology-wireless-connectivity-and-rapid-usb-charging-327480340.html,07/26/26 13:49,,,,,No Rating,Budget (<5k),0.076
tablets,"Bluetooth Neckband Headphones, Wireless Headphones, Soft Neckband, Waterproof Headphones, Bluetooth 4.2, Fast Pairing, Noise Cancellation, Microphone for Gym, Running","Bluetooth Neckband Headphones, Wireless Headphones, Soft Neckband, Waterproof Headphones, Bluetooth 4.2, Fast Pairing, Noise Cancellation, Microphone for Gym, Running",433,922,53,FALSE,3.5,0,https://www.jumia.co.ke/generic-bluetooth-neckband-headphones-wireless-headphones-soft-neckband-waterproof-headphones-bluetooth-4.2-fast-pairing-noise-cancellation-microphone-for-gym-running-325989007.html,07/26/26 13:49,,,,,Good,Budget (<5k),0.509
tablets,Wireless Earphones 5.3 Neckband Headphones LED Display Stereo Sports Headset Halter Magnetic Earbuds,Wireless Earphones 5.3 Neckband Headphones LED Display Stereo Sports Headset Halter Magnetic Earbuds,1219,2144,43.1,FALSE,4.5,0,https://www.jumia.co.ke/generic-wireless-earphones-5.3-neckband-headphones-led-display-stereo-sports-headset-halter-magnetic-earbuds-326384370.html,07/26/26 13:49,,,,,Excellent,Budget (<5k),0.579
tablets,M90 Pro Wireless Gaming Earbuds Bluetooth 5.3 TWS Noise Reduction Headphones LED Power Display Low Latency Sports Earphones HiFi Stereo Bass Touch Control With Charging Case,M90 Pro Wireless Gaming Earbuds Bluetooth 5.3 TWS Noise Reduction Headphones LED Power Display Low Latency Sports Earphones HiFi Stereo Bass Touch Control With Charging Case,937,1300,27.9,FALSE,0,0,https://www.jumia.co.ke/generic-m90-pro-wireless-gaming-earbuds-bluetooth-5.3-tws-noise-reduction-headphones-led-power-display-low-latency-sports-earphones-hifi-stereo-bass-touch-control-with-charging-case-327930081.html,07/26/26 13:49,,,,,No Rating,Budget (<5k),0.084
tablets,"Bluetooth headset, luminous noise-canceling headset, heavy bass wireless earbuds","Bluetooth headset, luminous noise-canceling headset, heavy bass wireless earbuds",864,2975,71,TRUE,0,0,https://www.jumia.co.ke/generic-bluetooth-headset-luminous-noise-canceling-headset-heavy-bass-wireless-earbuds-315378934.html,07/26/26 13:49,,,,,No Rating,Budget (<5k),0.213
tablets,"Sports Karaoke Bluetooth Earphones, Wireless Sound Card Live Broadcasting and Audio Editing Earphones, Bluetooth Neck-Hanging Earbud Headset, Comfortable Fit and Freedom of Movement (Black)","Sports Karaoke Bluetooth Earphones, Wireless Sound Card Live Broadcasting and Audio Editing Earphones, Bluetooth Neck-Hanging Earbud Headset, Comfortable Fit and Freedom of Movement (Black)",637,1608,60.4,TRUE,0,0,https://www.jumia.co.ke/generic-sports-karaoke-bluetooth-earphones-wireless-sound-card-live-broadcasting-and-audio-editing-earphones-bluetooth-neck-hanging-earbud-headset-comfortable-fit-and-freedom-of-movement-black-327515303.html,07/26/26 13:49,,,,,No Rating,Budget (<5k),0.181
tablets,Retro-style communication device Fun handset-shaped earphone,Retro-style communication device Fun handset-shaped earphone,3000,5359,44,FALSE,0,0,https://www.jumia.co.ke/generic-retro-style-communication-device-fun-handset-shaped-earphone-325930837.html,07/26/26 13:49,,,,,No Rating,Budget (<5k),0.132
tablets,"redbeat B1 Kids Tablet, 7-inch HD, 2GB RAM/32GB ROM, Android 11, Pink Silicone Case, Black","redbeat B1 Kids Tablet, 7-inch HD, 2GB RAM/32GB ROM, Android 11, Pink Silicone Case, Black",5226,9380,44.3,FALSE,4.4,0,https://www.jumia.co.ke/b1-kids-tablet-7-inch-hd-2gb-ram32gb-rom-android-11-pink-silicone-case.-black-redbeat-mpg8920964.html,07/26/26 13:49,32,2,,,Good,Entry (5k-15k),0.573
tablets,Wireless Earphones Bluetooth 5.3 Finger Touch Headset HIFI Slide Cover.,Wireless Earphones Bluetooth 5.3 Finger Touch Headset HIFI Slide Cover.,1300,,0,FALSE,1,0,https://www.jumia.co.ke/generic-wireless-earphones-bluetooth-5.3-finger-touch-headset-hifi-slide-cover.-158563685.html,07/26/26 13:49,,,,,Poor,Budget (<5k),0.1
tablets,Solar mini PowerBank 20000mAh with LED Lights & Built-in Cables -black,Solar mini PowerBank 20000mAh with LED Lights & Built-in Cables -black,1199,1999,40,FALSE,0,0,https://www.jumia.co.ke/generic-solar-mini-powerbank-20000mah-with-led-lights-built-in-cables-black-328424223.html,07/26/26 13:49,,,20000,,No Rating,Budget (<5k),0.12
tablets,S-Color C20S 7 Inch 5G Smart Tablet PC 8GB RAM+256GB ROM Android 13 Octa Core Dual SIM Educational Tablet With Full Free Gift Set,S-Color C20S 7 Inch 5G Smart Tablet PC 8GB RAM+256GB ROM Android 13 Octa Core Dual SIM Educational Tablet With Full Free Gift Set,6030,13400,55,FALSE,0,0,https://www.jumia.co.ke/s-color-c20s-7-inch-5g-smart-tablet-pc-8gb-ram256gb-rom-android-13-octa-core-dual-sim-educational-tablet-with-full-free-gift-set-328444662.html,07/26/26 13:49,256,8,,,No Rating,Entry (5k-15k),0.165
tablets,P47 Bluetooth Headset HiFi Stereo Foldable Wireless Sports Headphone,P47 Bluetooth Headset HiFi Stereo Foldable Wireless Sports Headphone,599,937,36.1,FALSE,0,0,https://www.jumia.co.ke/generic-p47-bluetooth-headset-hifi-stereo-foldable-wireless-sports-headphone-327504983.html,07/26/26 13:49,,,,,No Rating,Budget (<5k),0.108
tablets,Smart wireless Bluetooth earphones with microphone,Smart wireless Bluetooth earphones with microphone,1250,1608,22.3,FALSE,4,0,https://www.jumia.co.ke/generic-smart-wireless-bluetooth-earphones-with-microphone-326290930.html,07/26/26 13:49,,,,,Good,Budget (<5k),0.467
tablets,Vision Plus Neck Pods 2 in 1,Vision Plus Neck Pods 2 in 1,4500,7995,43.7,FALSE,0,0,https://www.jumia.co.ke/vision-plus-neck-pods-2-in-1-327029865.html,07/26/26 13:49,,,,,No Rating,Budget (<5k),0.131
tablets,Wireless Bluetooth earphone with Mic LED Display Earbuds Bluetooth earbuds headphone,Wireless Bluetooth earphone with Mic LED Display Earbuds Bluetooth earbuds headphone,429,2680,84,TRUE,0,0,https://www.jumia.co.ke/generic-wireless-bluetooth-earphone-with-mic-led-display-earbuds-bluetooth-earbuds-headphone-325834939.html,07/26/26 13:49,,,,,No Rating,Budget (<5k),0.252
tablets,Solar Power Bank 10000mAh with LED Lights & Built-in Cables - White,Solar Power Bank 10000mAh with LED Lights & Built-in Cables - White,850,1999,57.5,FALSE,0,0,https://www.jumia.co.ke/generic-solar-power-bank-10000mah-with-led-lights-built-in-cables-white-328419123.html,07/26/26 13:49,,,10000,,No Rating,Budget (<5k),0.172
tablets,S-Color A40S 7 Inch 5G Smart Tablet PC 6GB RAM+256GB ROM Android 12 Quad Core Dual SIM Tablet With Free Full Gift Set,S-Color A40S 7 Inch 5G Smart Tablet PC 6GB RAM+256GB ROM Android 12 Quad Core Dual SIM Tablet With Free Full Gift Set,4690,8710,46.2,FALSE,0,0,https://www.jumia.co.ke/s-color-a40s-7-inch-5g-smart-tablet-pc-6gb-ram256gb-rom-android-12-quad-core-dual-sim-tablet-with-free-full-gift-set-328444654.html,07/26/26 13:49,256,6,,,No Rating,Budget (<5k),0.139
tablets,Oraimo PowerJet 501 50000 Power Bank - 85W Ultra Fast Charging - Type-C PD & QC3.0 - For Laptops & Smartphones,Oraimo PowerJet 501 50000 Power Bank - 85W Ultra Fast Charging - Type-C PD & QC3.0 - For Laptops & Smartphones,5999,8999,33.3,FALSE,5,0,https://www.jumia.co.ke/oraimo-powerjet-501-50000-power-bank-85w-ultra-fast-charging-type-c-pd-qc3.0-for-laptops-smartphones-328467093.html,07/26/26 13:49,,,,,Excellent,Entry (5k-15k),0.6
tablets,Oraimo TYPE C Wired Earphone - Black,Oraimo TYPE C Wired Earphone - Black,570,999,42.9,FALSE,3,0,https://www.jumia.co.ke/type-c-wired-earphone-black-oraimo-mpg10345136.html,07/26/26 13:49,,,,,Average,Budget (<5k),0.429
tablets,Wireless Bone Conduction 18Headphones Bluetooth Earphones Sports Earbuds Earring Ear Hook With Mic Headset,Wireless Bone Conduction 18Headphones Bluetooth Earphones Sports Earbuds Earring Ear Hook With Mic Headset,1474,2948,50,FALSE,5,0,https://www.jumia.co.ke/generic-wireless-bone-conduction-18headphones-bluetooth-earphones-sports-earbuds-earring-ear-hook-with-mic-headset-326475100.html,07/26/26 13:49,,,,,Excellent,Budget (<5k),0.65
tablets,"S-Color A50S 7"" 5G Android Tablet, 6GB RAM + 256GB ROM, Octa Core, Dual SIM, WiFi, Free Gift Set","S-Color A50S 7"" 5G Android Tablet, 6GB RAM + 256GB ROM, Octa Core, Dual SIM, WiFi, Free Gift Set",6566,8710,24.6,FALSE,0,0,https://www.jumia.co.ke/s-color-a50s-7-5g-android-tablet-6gb-ram-256gb-rom-octa-core-dual-sim-wifi-free-gift-set-328444643.html,07/26/26 13:49,256,6,,,No Rating,Entry (5k-15k),0.074
tablets,"H&S V650 Wireless Bluetooth Headphones – ENC Noise Reduction, Over-Ear Stereo Headset, Bluetooth 5.4, AUX Support-Black","H&S V650 Wireless Bluetooth Headphones – ENC Noise Reduction, Over-Ear Stereo Headset, Bluetooth 5.4, AUX Support-Black",1260,1380,8.7,FALSE,0,0,https://www.jumia.co.ke/generic-hs-v650-wireless-bluetooth-headphones-enc-noise-reduction-over-ear-stereo-headset-bluetooth-5.4-aux-support-black-327377687.html,07/26/26 13:49,,,,,No Rating,Budget (<5k),0.026
tablets,"Oraimo Necklace 5, 0EB-611 ANC 40 HRS Playtime Neckband","Oraimo  Necklace 5, 0EB-611 ANC 40 HRS Playtime Neckband",2699,4999,46,FALSE,0,0,https://www.jumia.co.ke/oraimo-necklace-5-0eb-611-anc-40-hrs-playtime-neckband-328308822.html,07/26/26 13:49,,,,,No Rating,Budget (<5k),0.138
tablets,Wireless Gaming Headset Cute Cat Bluetooth Foldable Headphones for Kid,Wireless Gaming Headset Cute Cat Bluetooth Foldable Headphones for Kid,699,1071,34.7,FALSE,5,0,https://www.jumia.co.ke/generic-wireless-gaming-headset-cute-cat-bluetooth-foldable-headphones-for-kid-327483162.html,07/26/26 13:49,,,,,Excellent,Budget (<5k),0.604
tablets,"Ofia Huntop HT-A77 Wireless Bluetooth Earphones, On-Ear Stereo Sound, Lightweight Comfortable Design, Built-in Microphone, Long Battery Life, Portable Music & Call Headset for Travel, Work, Gym & Daily Use","Ofia Huntop HT-A77 Wireless Bluetooth Earphones, On-Ear Stereo Sound, Lightweight Comfortable Design, Built-in Microphone, Long Battery Life, Portable Music & Call Headset for Travel, Work, Gym & Daily Use",499,999,50.1,FALSE,0,0,https://www.jumia.co.ke/ofia-huntop-ht-a77-wireless-bluetooth-earphones-on-ear-stereo-sound-lightweight-comfortable-design-built-in-microphone-long-battery-life-portable-music-call-headset-for-travel-work-gym-daily-use-328560125.html,07/26/26 13:49,,,,,No Rating,Budget (<5k),0.15
tablets,Vision Plus Moove Pro - Neck Band VPNB1 - Black,Vision Plus Moove Pro - Neck Band VPNB1 - Black,1550,4495,65.5,TRUE,2.5,0,https://www.jumia.co.ke/vision-plus-moove-pro-neck-band-vpnb1-black-325302838.html,07/26/26 13:49,,,,,Average,Budget (<5k),0.446
tablets,Smart Bluetooth 4.0 Headphone Wireless Earphone Headset with Mic,Smart Bluetooth 4.0 Headphone Wireless Earphone Headset with Mic,1382,4264,67.6,TRUE,5,0,https://www.jumia.co.ke/generic-smart-bluetooth-4.0-headphone-wireless-earphone-headset-with-mic-314595712.html,07/26/26 13:49,,,,,Excellent,Budget (<5k),0.703
tablets,Wireless Headset Cute Cat LED Light HiFi Stereo Bluetooth Headphones,Wireless Headset Cute Cat LED Light HiFi Stereo Bluetooth Headphones,699,1071,34.7,FALSE,0,0,https://www.jumia.co.ke/generic-wireless-headset-cute-cat-led-light-hifi-stereo-bluetooth-headphones-327483115.html,07/26/26 13:49,,,,,No Rating,Budget (<5k),0.104
tablets,Wireless Bluetooth Headphones High-Fidelity Noise Canceling Sports Headphones,Wireless Bluetooth Headphones High-Fidelity Noise Canceling Sports Headphones,482,804,40,FALSE,0,0,https://www.jumia.co.ke/generic-wireless-bluetooth-headphones-high-fidelity-noise-canceling-sports-headphones-327504962.html,07/26/26 13:49,,,,,No Rating,Budget (<5k),0.12
tablets,JC GT280 Wireless Bluetooth Earphone Earpods Ear Hooks,JC GT280 Wireless Bluetooth Earphone Earpods Ear Hooks,311,,0,FALSE,2.3,0,https://www.jumia.co.ke/generic-jc-gt280-wireless-bluetooth-earphone-earpods-ear-hooks-279681206.html,07/26/26 13:49,,,,,Poor,Budget (<5k),0.23
tablets,"Bluetooth Smart Glasses with Built-in Speakers and Microphone, Wireless Audio Sunglasses for Music and Hands-Free Calls, Lightweight Smart Glasses for Driving, Sports and Daily Use","Bluetooth Smart Glasses with Built-in Speakers and Microphone, Wireless Audio Sunglasses for Music and Hands-Free Calls, Lightweight Smart Glasses for Driving, Sports and Daily Use",871,1340,35,FALSE,0,0,https://www.jumia.co.ke/generic-bluetooth-smart-glasses-with-built-in-speakers-and-microphone-wireless-audio-sunglasses-for-music-and-hands-free-calls-lightweight-smart-glasses-for-driving-sports-and-daily-use-326641763.html,07/26/26 13:49,,,,,No Rating,Budget (<5k),0.105
tablets,"Amaya Stereo Bass Type C Earphones with Mic - AEP-13, HD Sound, Ergonomic Design_Black","Amaya Stereo Bass Type C Earphones with Mic - AEP-13, HD Sound, Ergonomic Design_Black",499,699,28.6,FALSE,0,0,https://www.jumia.co.ke/amaya-stereo-bass-type-c-earphones-with-mic-aep-13-hd-sound-ergonomic-designblack-328059069.html,07/26/26 13:49,,,,,No Rating,Budget (<5k),0.086
tablets,Pro 3 Wireless Bluetooth Earbuds TWS Noise Reduction Headphones HiFi Stereo Earphones Touch Control Sports Gaming Ear Pods With Charging Case HD Call Bass Compatible With Android & iPhone,Pro 3 Wireless Bluetooth Earbuds TWS Noise Reduction Headphones HiFi Stereo Earphones Touch Control Sports Gaming Ear Pods With Charging Case HD Call Bass Compatible With Android & iPhone,837,989,15.4,FALSE,0,0,https://www.jumia.co.ke/generic-pro-3-wireless-bluetooth-earbuds-tws-noise-reduction-headphones-hifi-stereo-earphones-touch-control-sports-gaming-ear-pods-with-charging-case-hd-call-bass-compatible-with-android-iphone-327987784.html,07/26/26 13:49,,,,,No Rating,Budget (<5k),0.046
tablets,Oraimo MAGPOWER 15 10000MAH WIRELESS POWERBANK MAGSAFE,Oraimo MAGPOWER 15 10000MAH WIRELESS POWERBANK MAGSAFE,2699,3999,32.5,FALSE,0,0,https://www.jumia.co.ke/oraimo-magpower-15-10000mah-wireless-powerbank-magsafe-328448315.html,07/26/26 13:49,,,10000,,No Rating,Budget (<5k),0.098
tablets,Mini Invisible Wireless Bluetooth Earphone Sleep-Friendly IPX5 Waterproof HIFI Music Headsets LED Power Display Long Battery Life Earbuds,Mini Invisible Wireless Bluetooth Earphone Sleep-Friendly IPX5 Waterproof HIFI Music Headsets LED Power Display Long Battery Life Earbuds,1285,1671,23.1,FALSE,3.5,0,https://www.jumia.co.ke/generic-mini-invisible-wireless-bluetooth-earphone-sleep-friendly-ipx5-waterproof-hifi-music-headsets-led-power-display-long-battery-life-earbuds-259548957.html,07/26/26 13:49,,,,,Good,Budget (<5k),0.419
tablets,"TWS TWS Pro3 Wireless Earbuds - Bluetooth 5.0, 35mAH Battery, Black","TWS TWS Pro3 Wireless Earbuds - Bluetooth 5.0, 35mAH Battery, Black",498,1450,65.7,TRUE,0,0,https://www.jumia.co.ke/generic-tws-tws-pro3-wireless-earbuds-bluetooth-5.0-35mah-battery-black-327833451.html,07/26/26 13:49,,,35,,No Rating,Budget (<5k),0.197
tablets,Cute Cat Ear Bluetooth Headset LED HiFi Stereo Wireless Headphones,Cute Cat Ear Bluetooth Headset LED HiFi Stereo Wireless Headphones,699,1071,34.7,FALSE,0,0,https://www.jumia.co.ke/generic-cute-cat-ear-bluetooth-headset-led-hifi-stereo-wireless-headphones-327483143.html,07/26/26 13:49,,,,,No Rating,Budget (<5k),0.104
tablets,"Oraimo SpaceBuds 2 AI Smart True Wireless Earbuds, 52dB ANC 45H Playtime – OTW-631","Oraimo SpaceBuds 2 AI Smart True Wireless Earbuds, 52dB ANC 45H Playtime – OTW-631",4690,5999,21.8,FALSE,0,0,https://www.jumia.co.ke/oraimo-spacebuds-2-ai-smart-true-wireless-earbuds-52db-anc-45h-playtime-otw-631-328308783.html,07/26/26 13:49,,,,,No Rating,Budget (<5k),0.065
tablets,Neck Hanging Wireless Bluetooth Stereo Sports Earphones - Black,Neck Hanging Wireless Bluetooth Stereo Sports Earphones - Black,456,1742,73.8,TRUE,0,0,https://www.jumia.co.ke/generic-neck-hanging-wireless-bluetooth-stereo-sports-earphones-black-327206598.html,07/26/26 13:49,,,,,No Rating,Budget (<5k),0.221
tablets,"Oraimo Necklace Lite, Call Vibration Wireless Headphones--Black","Oraimo Necklace Lite, Call Vibration Wireless Headphones--Black",1370,1899,27.9,FALSE,0,0,https://www.jumia.co.ke/necklace-lite-call-vibration-wireless-headphones-black-oraimo-mpg10407241.html,07/26/26 13:49,,,,,No Rating,Budget (<5k),0.084
tablets,"Wireless Bluetooth Earbuds with Charging Case, In Ear Eeadphones with Deep Bass, Built-in Microphone, Stable 15M Connection, Lightweight Sports Earphones for Music, Calls, Travel and Daily Use","Wireless Bluetooth Earbuds with Charging Case, In Ear Eeadphones with Deep Bass, Built-in Microphone, Stable 15M Connection, Lightweight Sports Earphones for Music, Calls, Travel and Daily Use",670,1072,37.5,FALSE,0,0,https://www.jumia.co.ke/generic-wireless-bluetooth-earbuds-with-charging-case-in-ear-eeadphones-with-deep-bass-built-in-microphone-stable-15m-connection-lightweight-sports-earphones-for-music-calls-travel-and-daily-use-326643313.html,07/26/26 13:49,,,,,No Rating,Budget (<5k),0.112
tablets,"Kids Tablets Buddies Kids 11 7-Inch 8GB RAM 256GB ROM 5G SIM Memory Card, WiFi, Blue","Kids Tablets Buddies Kids 11 7-Inch 8GB RAM 256GB ROM 5G SIM Memory Card, WiFi, Blue",5500,10000,45,FALSE,0,0,https://www.jumia.co.ke/kids-tablets-buddies-kids-11-7-inch-8gb-ram-256gb-rom-5g-sim-memory-card-wifi-blue-328594007.html,07/26/26 13:49,256,8,,,No Rating,Entry (5k-15k),0.135
tablets,"Telzeal Kids Tablets 7-Inch 6GB RAM 256GB ROM WiFi, Pink","Telzeal Kids Tablets 7-Inch 6GB RAM 256GB ROM WiFi, Pink",5200,10000,48,FALSE,0,0,https://www.jumia.co.ke/telzeal-kids-tablets-7-inch-6gb-ram-256gb-rom-wifi-pink-328594045.html,07/26/26 13:49,256,6,,,No Rating,Entry (5k-15k),0.144
tablets,"Children's learning laptops, electronic preschool language education toys","Children's learning laptops, electronic preschool language education toys",868,2010,56.8,FALSE,0,0,https://www.jumia.co.ke/generic-childrens-learning-laptops-electronic-preschool-language-education-toys-326139804.html,07/26/26 13:49,,,,,No Rating,Budget (<5k),0.17
tablets,Bluetooth 5.4 Earphones Bluetooth Headphones Sports Wireless Earbud with Microphone HiFi Stereo Headset,Bluetooth 5.4 Earphones Bluetooth Headphones Sports Wireless Earbud with Microphone HiFi Stereo Headset,326,938,65.2,TRUE,0,0,https://www.jumia.co.ke/generic-bluetooth-5.4-earphones-bluetooth-headphones-sports-wireless-earbud-with-microphone-hifi-stereo-headset-327515284.html,07/26/26 13:49,,,,,No Rating,Budget (<5k),0.196
tablets,"Lenovo True Wireless Bluetooth Earbuds with Charging Case – HD Sound, Touch Control & Noise-Reducing Mic – White","Lenovo True Wireless Bluetooth Earbuds with Charging Case – HD Sound, Touch Control & Noise-Reducing Mic – White",1320,1885,30,FALSE,0,0,https://www.jumia.co.ke/lenovo-true-wireless-bluetooth-earbuds-with-charging-case-hd-sound-touch-control-noise-reducing-mic-white-327098267.html,07/26/26 13:49,,,,,No Rating,Budget (<5k),0.09
tablets,Bluetooth 5.1 TWS Digital Display Wireless Earphone with Charging Box,Bluetooth 5.1 TWS Digital Display Wireless Earphone with Charging Box,779,1112,29.9,FALSE,0,0,https://www.jumia.co.ke/generic-bluetooth-5.1-tws-digital-display-wireless-earphone-with-charging-box-325508380.html,07/26/26 13:49,,,,,No Rating,Budget (<5k),0.09
tablets,Pro 3 True Wireless Earbuds Bluetooth 5.3 Headphones Deep Bass Stereo Earphones Portable Charging Case Touch Sensor Gaming Music Sports Ear Pods With HD Mic For Android iOS Smartphones,Pro 3 True Wireless Earbuds Bluetooth 5.3 Headphones Deep Bass Stereo Earphones Portable Charging Case Touch Sensor Gaming Music Sports Ear Pods With HD Mic For Android iOS Smartphones,837,998,16.1,FALSE,0,0,https://www.jumia.co.ke/generic-pro-3-true-wireless-earbuds-bluetooth-5.3-headphones-deep-bass-stereo-earphones-portable-charging-case-touch-sensor-gaming-music-sports-ear-pods-with-hd-mic-for-android-ios-smartphones-327986324.html,07/26/26 13:49,,,,,No Rating,Budget (<5k),0.048
tablets,S-Color C30S 7 Inch 5G Smart Tablet 8GB RAM+256GB ROM Android 13 Dual SIM Educational Tablet With Free Full Gift Set,S-Color C30S 7 Inch 5G Smart Tablet 8GB RAM+256GB ROM Android 13 Dual SIM Educational Tablet With Free Full Gift Set,6030,13400,55,FALSE,0,0,https://www.jumia.co.ke/s-color-c30s-7-inch-5g-smart-tablet-8gb-ram256gb-rom-android-13-dual-sim-educational-tablet-with-free-full-gift-set-328444665.html,07/26/26 13:49,256,8,,,No Rating,Entry (5k-15k),0.165
tablets,Pro 3 Bluetooth Wireless Earphones TWS Stereo Headset Noise Cancelling Earbuds With Charging Case Smart Touch Control HD Calling Deep Bass Gaming Sports Ear Pods For Android iPhone Devices,Pro 3 Bluetooth Wireless Earphones TWS Stereo Headset Noise Cancelling Earbuds With Charging Case Smart Touch Control HD Calling Deep Bass Gaming Sports Ear Pods For Android iPhone Devices,836,998,16.2,FALSE,0,0,https://www.jumia.co.ke/generic-pro-3-bluetooth-wireless-earphones-tws-stereo-headset-noise-cancelling-earbuds-with-charging-case-smart-touch-control-hd-calling-deep-bass-gaming-sports-ear-pods-for-android-iphone-devices-327987737.html,07/26/26 13:49,,,,,No Rating,Budget (<5k),0.049
tablets,"TodyJeyHo New Bluetooth wireless earphones, Wireless Earbuds, Bluetooth 5.3 Headphones in Ear with 4 ENC Noise Cancelling Mic, New Wireless Earphones HiFi Stereo Deep Bass 20H Playtime, LED, In-Ear Bluetooth Ear Buds IP5 Waterproof, USB-C","TodyJeyHo New Bluetooth wireless earphones, Wireless Earbuds, Bluetooth 5.3 Headphones in Ear with 4 ENC Noise Cancelling Mic, New Wireless Earphones HiFi Stereo Deep Bass 20H Playtime, LED, In-Ear Bluetooth Ear Buds IP5 Waterproof, USB-C",1340,,0,FALSE,2,0,https://www.jumia.co.ke/todyjeyho-new-bluetooth-wireless-earphones-wireless-earbuds-bluetooth-5.3-headphones-in-ear-with-4-enc-noise-cancelling-mic-new-wireless-earphones-hifi-stereo-deep-bass-20h-playtime-led-in-ear-bluetooth-ear-buds-ip5-waterproof-usb-c-326188128.html,07/26/26 13:49,,,,,Poor,Budget (<5k),0.2
tablets,Learning Machine Children Electronic Preschool Language Education Toy,Learning Machine Children Electronic Preschool Language Education Toy,754,1667,54.8,FALSE,2,0,https://www.jumia.co.ke/generic-learning-machine-children-electronic-preschool-language-education-toy-318206902.html,07/26/26 13:49,,,,,Poor,Budget (<5k),0.364
tablets,AWEI G20BL Headphones Wireless Magnetic Waterproof,AWEI G20BL Headphones Wireless Magnetic Waterproof,3210,6419,50,FALSE,0,0,https://www.jumia.co.ke/generic-awei-g20bl-headphones-wireless-magnetic-waterproof-328003854.html,07/26/26 13:49,,,,,No Rating,Budget (<5k),0.15
tablets,"Pro 3 wireless earbuds with stereo bass sound, touch controls, HD mic and portable charging case for music, gaming and calls.","Pro 3 wireless earbuds with stereo bass sound, touch controls, HD mic and portable charging case for music, gaming and calls.",836,998,16.2,FALSE,0,0,https://www.jumia.co.ke/generic-pro-3-wireless-earbuds-with-stereo-bass-sound-touch-controls-hd-mic-and-portable-charging-case-for-music-gaming-and-calls.-327988010.html,07/26/26 13:49,,,,,No Rating,Budget (<5k),0.049
tablets,"Telzeal Kids Tablets 7-Inch 6GB RAM 256GB ROM WiFi, blue","Telzeal Kids Tablets 7-Inch 6GB RAM 256GB ROM WiFi, blue",10000,,0,FALSE,0,0,https://www.jumia.co.ke/telzeal-kids-tablets-7-inch-6gb-ram-256gb-rom-wifi-blue-328687532.html,07/26/26 13:49,256,6,,,No Rating,Entry (5k-15k),0
tablets,"Oraimo Earpods,True -Wireless Free Pods, Superior Sound Air F9 Pro +","Oraimo Earpods,True -Wireless Free Pods, Superior Sound Air F9 Pro +",595,4000,85.1,TRUE,3.4,0,https://www.jumia.co.ke/generic-oraimo-earpodstrue-wireless-free-pods-superior-sound-air-f9-pro-327442066.html,07/26/26 13:49,,,,,Average,Budget (<5k),0.595
tablets,"Amaya Sweatproof, Sports Gear Hanging Earpods Neckband Bluetooth Stereo Headset","Amaya Sweatproof, Sports Gear Hanging Earpods Neckband Bluetooth Stereo Headset",349,999,65.1,TRUE,3.9,0,https://www.jumia.co.ke/amaya-sweatproof-sports-gear-hanging-earpods-neckband-bluetooth-stereo-headset-312463352.html,07/26/26 13:49,,,,,Good,Budget (<5k),0.585
tablets,Oraimo Slice Link 10000mAh 12W Power Bank_ Black (1YR WRTY),Oraimo Slice Link 10000mAh 12W Power Bank_ Black (1YR WRTY),1499,3000,50,FALSE,4.3,0,https://www.jumia.co.ke/oraimo-slice-link-10000mah-12w-power-bank-black-1yr-wrty-177212244.html,07/26/26 13:50,,,10000,,Good,Budget (<5k),0.58
tablets,Oraimo Strong Pure Bass Stereo Earphone With MIC+FREE Ear,Oraimo Strong Pure Bass Stereo Earphone With MIC+FREE Ear,329,500,34.2,FALSE,4.2,0,https://www.jumia.co.ke/oraimo-strong-pure-bass-stereo-earphone-with-micfree-ear-44178020.html,07/26/26 13:50,,,,,Good,Budget (<5k),0.523
tablets,Amaya Neckband Bluetooth Earbuds -Sport Wireless Earphone,Amaya  Neckband Bluetooth Earbuds -Sport Wireless Earphone,349,999,65.1,TRUE,4.2,0,https://www.jumia.co.ke/amaya-neckband-bluetooth-earbuds-sport-wireless-earphone-327672281.html,07/26/26 13:50,,,,,Good,Budget (<5k),0.615
tablets,Ofia HUNTOP HT-085 WIRELESS NECKBAND EARPHONES WITH SD CARD SLOT,Ofia HUNTOP HT-085 WIRELESS NECKBAND EARPHONES WITH SD CARD SLOT,485,2500,80.6,TRUE,4.6,0,https://www.jumia.co.ke/huntop-ht-085-wireless-neckband-earphones-with-sd-card-slot-ofia-mpg10455725.html,07/26/26 13:50,,,,,Excellent,Budget (<5k),0.702
tablets,Samsung Type-C Earphone Sound By AKG,Samsung Type-C Earphone Sound By AKG,299,500,40.2,FALSE,3.5,0,https://www.jumia.co.ke/type-c-earphone-sound-by-akg-samsung-mpg7585570.html,07/26/26 13:50,,,,,Good,Budget (<5k),0.471
tablets,Oraimo Sports Wireless Hanging Neckband Pure Bass Zero Cables Stereo Bluetooth Headphones,Oraimo Sports Wireless Hanging Neckband Pure Bass Zero Cables Stereo Bluetooth Headphones,999,1990,49.8,FALSE,3.2,0,https://www.jumia.co.ke/sports-wireless-hanging-neckband-pure-bass-zero-cables-stereo-bluetooth-headphones-oraimo-mpg9526302.html,07/26/26 13:50,,,,,Average,Budget (<5k),0.469
tablets,"Tecno Original Type-C Wired Earphones – Clear Bass Sound, In-Line Mic & Controls – USB-C Earphones for Android Phones & iPhone","Tecno Original Type-C Wired Earphones – Clear Bass Sound, In-Line Mic & Controls – USB-C Earphones for Android Phones & iPhone",370,999,63,TRUE,1,0,https://www.jumia.co.ke/tecno-original-type-c-wired-earphones-clear-bass-sound-in-line-mic-controls-usb-c-earphones-for-android-phones-iphone-327804854.html,07/26/26 13:50,,,,,Poor,Budget (<5k),0.289
tablets,TWS Airpods Pro3 Bluetooth Headsets Wireless Pods Pro Earpods Earphones,TWS Airpods Pro3 Bluetooth Headsets Wireless Pods Pro Earpods Earphones,1550,,0,FALSE,3.5,0,https://www.jumia.co.ke/airpods-pro3-bluetooth-headsets-wireless-pods-pro-earpods-earphones-tws-mpg9533332.html,07/26/26 13:50,,,,,Good,Budget (<5k),0.35
tablets,TWS Airpods Pro3 Bluetooth Headsets Wireless Pods Pro Earpods Earphones BLACK,TWS Airpods Pro3 Bluetooth Headsets Wireless Pods Pro Earpods Earphones BLACK,650,800,18.8,FALSE,3.4,0,https://www.jumia.co.ke/generic-tws-airpods-pro3-bluetooth-headsets-wireless-pods-pro-earpods-earphones-black-327270656.html,07/26/26 13:50,,,,,Average,Budget (<5k),0.396
tablets,Ofia HUNTOP HT-085 WIRELESS NECKBAND EARPHONES WITH SD CARD SLOT,Ofia  HUNTOP HT-085 WIRELESS NECKBAND EARPHONES WITH SD CARD SLOT,455,1000,54.5,FALSE,3.7,0,https://www.jumia.co.ke/ofia-huntop-ht-085-wireless-neckband-earphones-with-sd-card-slot-326496669.html,07/26/26 13:50,,,,,Good,Budget (<5k),0.534
tablets,"Oraimo Type-C Earphones OEP-320C – Clear Stereo Audio, In-Line Microphone – USB-C Wired Headset for Android & iPhone 15","Oraimo Type-C Earphones OEP-320C – Clear Stereo Audio, In-Line Microphone – USB-C Wired Headset for Android & iPhone 15",699,1300,46.2,FALSE,3.6,0,https://www.jumia.co.ke/oraimo-type-c-earphones-oep-320c-clear-stereo-audio-in-line-microphone-usb-c-wired-headset-for-android-iphone-15-326985746.html,07/26/26 13:50,,,,,Good,Budget (<5k),0.499
tablets,"Samsung Samsung EO-IC100BWEGEU Type-C earpods Earbuds earphones AKG - In-Ear, 1m Cable","Samsung Samsung EO-IC100BWEGEU Type-C earpods Earbuds earphones AKG - In-Ear, 1m Cable",390,999,61,TRUE,3.9,0,https://www.jumia.co.ke/samsung-samsung-eo-ic100bwegeu-type-c-earpods-earbuds-earphones-akg-in-ear-1m-cable-265426490.html,07/26/26 13:50,,,,,Good,Budget (<5k),0.573
tablets,EXCELLENT Type C In Ear Monitors IEM Earphones Heavy Bass Subwoofer Gaming Sports Headset With Mic Volume Control Comfortable Over Ear Loop Cable 12 Months Warranty Secure Authentication,EXCELLENT Type C In Ear Monitors IEM Earphones Heavy Bass Subwoofer Gaming Sports Headset With Mic Volume Control Comfortable Over Ear Loop Cable 12 Months Warranty Secure Authentication,539,1000,46.1,FALSE,5,0,https://www.jumia.co.ke/excellent-type-c-in-ear-monitors-iem-earphones-heavy-bass-subwoofer-gaming-sports-headset-with-mic-volume-control-comfortable-over-ear-loop-cable-12-months-warranty-secure-authentication-328055578.html,07/26/26 13:50,,,,,Excellent,Budget (<5k),0.638
tablets,Oraimo Heavy Strong Bass Wired Earphone,Oraimo Heavy Strong Bass Wired Earphone,199,1000,80.1,TRUE,3,0,https://www.jumia.co.ke/oraimo-heavy-strong-bass-wired-earphone-generic-mpg10143190.html,07/26/26 13:50,,,,,Average,Budget (<5k),0.54
tablets,"USB Type-C Earphones , High bass earphones","USB Type-C Earphones , High bass earphones",599,799,25,FALSE,3.7,0,https://www.jumia.co.ke/usb-type-c-earphones-high-bass-earphones-generic-mpg10002771.html,07/26/26 13:50,,,,,Good,Budget (<5k),0.445
tablets,Kids Tablets Modio KIDS STUDY TABLETS 256GB/6GB 4000MAH 5G SIMCARD SLOT,Kids Tablets Modio KIDS STUDY TABLETS 256GB/6GB 4000MAH 5G SIMCARD SLOT,6500,11000,40.9,FALSE,0,0,https://www.jumia.co.ke/kids-tablets-modio-kids-study-tablets-256gb6gb-4000mah-5g-simcard-slot-327496462.html,07/26/26 13:50,6,,4000,,No Rating,Entry (5k-15k),0.123
tablets,Amaya Neckband--Bluetooth Earbuds -Sport Wireless Earphone-AM25,Amaya Neckband--Bluetooth Earbuds -Sport Wireless Earphone-AM25,320,499,35.9,FALSE,3.3,0,https://www.jumia.co.ke/amaya-neckband-bluetooth-earbuds-sport-wireless-earphone-am25-327909157.html,07/26/26 13:50,,,,,Average,Budget (<5k),0.438
tablets,TWS Airpods Pro3 Bluetooth Headsets Wireless Pods Pro Earpods Earphones BLACK//plus fpm neckband,TWS  Airpods Pro3 Bluetooth Headsets Wireless Pods Pro Earpods Earphones BLACK//plus  fpm neckband,1399,1799,22.2,FALSE,3.4,0,https://www.jumia.co.ke/tws-airpods-pro3-bluetooth-headsets-wireless-pods-pro-earpods-earphones-blackplus-fpm-neckband-326457802.html,07/26/26 13:50,,,,,Average,Budget (<5k),0.407
tablets,TWS Airpods Pro Bluetooth Headsets Wireless Pods Pro3 Earpods Earphones-black,TWS Airpods Pro Bluetooth Headsets Wireless Pods Pro3 Earpods Earphones-black,799,1450,44.9,FALSE,3.4,0,https://www.jumia.co.ke/tws-airpods-pro-bluetooth-headsets-wireless-pods-pro3-earpods-earphones-black-306356813.html,07/26/26 13:50,,,,,Average,Budget (<5k),0.475
tablets,Oraimo PowerJet 130 27600mAh 130W Power Bank,Oraimo PowerJet 130 27600mAh 130W Power Bank,5899,7500,21.3,FALSE,4.5,0,https://www.jumia.co.ke/oraimo-powerjet-130-27600mah-130w-power-bank-312690068.html,07/26/26 13:50,,,27600,,Excellent,Entry (5k-15k),0.514
tablets,"Apple, Iphone Earphone With USB-C Connector EarPods","Apple, Iphone Earphone With USB-C Connector EarPods",490,1999,75.5,TRUE,5,0,https://www.jumia.co.ke/generic-apple-iphone-earphone-with-usb-c-connector-earpods-327272017.html,07/26/26 13:50,,,,,Excellent,Budget (<5k),0.726
tablets,Ofia Huntop A66 Wireless Earphones - Black,Ofia  Huntop A66 Wireless Earphones - Black,349,500,30.2,FALSE,0,0,https://www.jumia.co.ke/ofia-huntop-a66-wireless-earphones-black-327824082.html,07/26/26 13:50,,,,,No Rating,Budget (<5k),0.091
tablets,"Modio M129 KIDS /STUDENTS/ADULTS TABLET 8GB/512GB 8INCH 4000MAH 5G WITH SIMCARD SLOT,BT KEYBOARD,TOUCH PEN ,BT EARPHONES AND LEARTHER COVER","Modio M129 KIDS /STUDENTS/ADULTS TABLET 8GB/512GB 8INCH 4000MAH 5G WITH SIMCARD SLOT,BT KEYBOARD,TOUCH PEN ,BT EARPHONES AND LEARTHER COVER",9499,15999,40.6,FALSE,4,0,https://www.jumia.co.ke/modio-m129-kids-studentsadults-tablet-8gb512gb-8inch-4000mah-5g-with-simcard-slotbt-keyboardtouch-pen-bt-earphones-and-learther-cover-310936534.html,07/26/26 13:50,512,,4000,,Good,Entry (5k-15k),0.522
tablets,oraimo home Oraimo Necklace Neck-Band Wireless Earphone up to 30 hours of playtime Bluetooth 5.3,oraimo home Oraimo Necklace Neck-Band Wireless Earphone up to 30 hours of playtime Bluetooth 5.3,1500,3000,50,FALSE,0,0,https://www.jumia.co.ke/oraimo-home-oraimo-necklace-neck-band-wireless-earphone-up-to-30-hours-of-playtime-bluetooth-5.3-327509549.html,07/26/26 13:50,,,,,No Rating,Budget (<5k),0.15
tablets,Modio M129 8GB 512GB Android Tablet PC,Modio M129 8GB 512GB Android Tablet PC,8999,25999,65.4,TRUE,4,0,https://www.jumia.co.ke/modio-m129-8gb-512gb-android-tablet-pc-312692717.html,07/26/26 13:50,8,,,,Good,Entry (5k-15k),0.596
tablets,Modio M71 7 inch Kids Tablet 6GB RAM 128GB Storage 4G SIM,Modio M71 7 inch Kids Tablet 6GB RAM 128GB Storage 4G SIM,5060,9999,49.4,FALSE,0,0,https://www.jumia.co.ke/modio-m71-7-inch-kids-tablet-6gb-ram-128gb-storage-4g-sim-327898941.html,07/26/26 13:50,128,6,,,No Rating,Entry (5k-15k),0.148
tablets,"Modio M36 5G Tablet, 10.1 Inch Display, 12GB RAM, 512GB Storage, Dual SIM, Android","Modio M36 5G Tablet, 10.1 Inch Display, 12GB RAM, 512GB Storage, Dual SIM, Android",14000,19999,30,FALSE,4.3,0,https://www.jumia.co.ke/modio-m36-5g-tablet-10.1-inch-display-12gb-ram-512gb-storage-dual-sim-android-324882665.html,07/26/26 13:50,512,12,,,Good,Entry (5k-15k),0.52
tablets,Oraimo Conch OEP - E10 In-ear Wired Earphones With Mic - Black,Oraimo Conch OEP - E10 In-ear Wired Earphones With Mic - Black,295,500,41,FALSE,5,0,https://www.jumia.co.ke/oraimo-conch-oep-e10-in-ear-wired-earphones-with-mic-black-98610378.html,07/26/26 13:50,,,,,Excellent,Budget (<5k),0.623
tablets,Oraimo Necklace Neck band Wireless Earphone up to 30 hours of playtime Bluetooth 5.3,Oraimo Necklace Neck band Wireless Earphone   up to 30 hours of playtime Bluetooth 5.3,1500,5000,70,TRUE,3.8,0,https://www.jumia.co.ke/oraimo-necklace-neck-band-wireless-earphone-up-to-30-hours-of-playtime-bluetooth-5.3-327138685.html,07/26/26 13:50,,,,,Good,Budget (<5k),0.59
tablets,Apple iphone earpods USB Type C Wired Earphones.,Apple iphone earpods USB Type C Wired Earphones.,470,750,37.3,FALSE,3,0,https://www.jumia.co.ke/apple-iphone-earpods-usb-type-c-wired-earphones.-282639684.html,07/26/26 13:50,,,,,Average,Budget (<5k),0.412
tablets,TWS Airpods Pro3 Bluetooth Headsets Wireless Pods Pro Earpods Earphones-BLACK,TWS Airpods Pro3 Bluetooth Headsets Wireless Pods Pro Earpods Earphones-BLACK,499,890,43.9,FALSE,3.5,0,https://www.jumia.co.ke/airpods-pro3-bluetooth-headsets-wireless-pods-pro-earpods-earphones-black-tws-mpg9366717.html,07/26/26 13:50,,,,,Good,Budget (<5k),0.482
tablets,Oraimo BT-6899 Wireless Necklace Earphones,Oraimo BT-6899 Wireless Necklace Earphones,650,1200,45.8,FALSE,0,0,https://www.jumia.co.ke/oraimo-bt-6899-wireless-necklace-earphones-328546424.html,07/26/26 13:50,,,,,No Rating,Budget (<5k),0.137
tablets,"Ofia Huntop HT-085 Bluetooth Neckband Earphones – 500mAh, LED Display, 200H Standby","Ofia Huntop HT-085 Bluetooth Neckband Earphones – 500mAh, LED Display, 200H Standby",897,999,10.2,FALSE,0,0,https://www.jumia.co.ke/ofia-huntop-ht-085-bluetooth-neckband-earphones-500mah-led-display-200h-standby-327314525.html,07/26/26 13:50,,,500,,No Rating,Budget (<5k),0.031
tablets,Maches powerbank,Maches powerbank,488,4000,87.8,TRUE,0,0,https://www.jumia.co.ke/generic-maches-powerbank-328593625.html,07/26/26 13:50,,,,,No Rating,Budget (<5k),0.263
tablets,"Oraimo Type-C Earphones OEP-320C with Mic – HiFi Stereo Bass USB-C Wired Headphones for Android Phones & iPhone 15 , Noise Reduction","Oraimo Type-C Earphones OEP-320C with Mic – HiFi Stereo Bass USB-C Wired Headphones for Android Phones & iPhone 15 , Noise Reduction",699,1499,53.4,FALSE,5,0,https://www.jumia.co.ke/oraimo-type-c-earphones-oep-320c-with-mic-hifi-stereo-bass-usb-c-wired-headphones-for-android-phones-iphone-15-noise-reduction-327788482.html,07/26/26 13:50,,,,,Excellent,Budget (<5k),0.66
tablets,"Modio M68 Kids Tablet, 6GB RAM + 128GB ROM - Blue + LED Watch","Modio M68 Kids Tablet, 6GB RAM + 128GB ROM - Blue + LED Watch",5399,6999,22.9,FALSE,4.1,0,https://www.jumia.co.ke/modio-m68-kids-tablet-6gb-ram-128gb-rom-blue-led-watch-326281006.html,07/26/26 13:50,128,6,,,Good,Entry (5k-15k),0.479
tablets,"Amaya S12 Stereo Earphones – Deep Bass Wired Earbuds With Microphone, 3.5mm Jack, Tangle-Free Cable","Amaya S12 Stereo Earphones – Deep Bass Wired Earbuds With Microphone, 3.5mm Jack, Tangle-Free Cable",300,600,50,FALSE,5,0,https://www.jumia.co.ke/s12-stereo-earphones-deep-bass-wired-earbuds-with-microphone-3.5mm-jack-tangle-free-cable-amaya-mpg10237277.html,07/26/26 13:50,,,,,Excellent,Budget (<5k),0.65
tablets,"Modio M36 STUDENTS/ADULTS 512GB/12GB 8000MAH 5G SIMCARD SLOT TABLET BT KEYBOARD,MOUSE,TOUCH PEN,10 INCH","Modio M36 STUDENTS/ADULTS 512GB/12GB 8000MAH 5G SIMCARD SLOT TABLET BT KEYBOARD,MOUSE,TOUCH PEN,10 INCH",13999,19999,30,FALSE,5,0,https://www.jumia.co.ke/modio-m36-studentsadults-512gb12gb-8000mah-5g-simcard-slot-tablet-bt-keyboardmousetouch-pen10-inch-326073944.html,07/26/26 13:50,12,,8000,,Excellent,Entry (5k-15k),0.59
tablets,"Wireless Neckband Bluetooth Headset – Deep Bass, Magnetic Earbuds, 8H Playtime, IPX5 Waterproof Sports Earphones","Wireless Neckband Bluetooth Headset – Deep Bass, Magnetic Earbuds, 8H Playtime, IPX5 Waterproof Sports Earphones",999,1500,33.4,FALSE,0,0,https://www.jumia.co.ke/generic-wireless-neckband-bluetooth-headset-deep-bass-magnetic-earbuds-8h-playtime-ipx5-waterproof-sports-earphones-328536987.html,07/26/26 13:50,,,,,No Rating,Budget (<5k),0.1
tablets,iPad A16 Keyboard Case With Apple Pen Holder,iPad A16 Keyboard Case With Apple Pen Holder,4499,6500,30.8,FALSE,0,0,https://www.jumia.co.ke/generic-ipad-a16-keyboard-case-with-apple-pen-holder-325702604.html,07/26/26 13:50,,,,,No Rating,Budget (<5k),0.092
tablets,XIAOMI 33W POWER BANK 20000MAH(INTERGRATED CABLE),XIAOMI  33W POWER BANK 20000MAH(INTERGRATED CABLE),4600,5310,13.4,FALSE,0,0,https://www.jumia.co.ke/xiaomi-33w-power-bank-20000mahintergrated-cable-325757694.html,07/26/26 13:50,,,20000,,No Rating,Budget (<5k),0.04
tablets,P47 Bluetooth Wireless Headphone+ Bluetooth Earpods,P47  Bluetooth Wireless Headphone+ Bluetooth Earpods,1399,1700,17.7,FALSE,3.4,0,https://www.jumia.co.ke/p47-bluetooth-wireless-headphone-bluetooth-earpods-325887360.html,07/26/26 13:50,,,,,Average,Budget (<5k),0.393
tablets,"Kids Tablets Buddies Kids 12 Tablet 7-Inch – Best Tablet for Kids, 8GB RAM + 256GB ROM, 5G SIM + Memory Card, WiFi, Educational & School Learning Tablet, Android 13, Silicone Case","Kids Tablets Buddies Kids 12 Tablet 7-Inch – Best Tablet for Kids, 8GB RAM + 256GB ROM, 5G SIM + Memory Card, WiFi, Educational & School Learning Tablet, Android 13, Silicone Case",5500,10000,45,FALSE,0,0,https://www.jumia.co.ke/kids-tablets-buddies-kids-12-tablet-7-inch-best-tablet-for-kids-8gb-ram-256gb-rom-5g-sim-memory-card-wifi-educational-school-learning-tablet-android-13-silicone-case-327854190.html,07/26/26 13:50,256,8,,,No Rating,Entry (5k-15k),0.135
tablets,Oraimo Necklace Lite Call Vibration Wireless Headphones Neckband Earpods-BLACK,Oraimo Necklace Lite Call Vibration Wireless Headphones Neckband Earpods-BLACK,1455,1999,27.2,FALSE,4,0,https://www.jumia.co.ke/oraimo-necklace-lite-call-vibration-wireless-headphones-neckband-earpods-black-327953650.html,07/26/26 13:50,,,,,Good,Budget (<5k),0.482
tablets,RECRSI Iphone Bluetooth Wired Earphones.,RECRSI Iphone Bluetooth Wired Earphones.,490,750,34.7,FALSE,4,0,https://www.jumia.co.ke/recrsi-iphone-bluetooth-wired-earphones.-172334252.html,07/26/26 13:50,,,,,Good,Budget (<5k),0.504
tablets,Oraimo High Quality Portable Powerbank 20000mAh Power Bank 20000 mAh For Smartphones & Button Phones + EXTRA BONUS Phone Tripod Stand & BT Remote Camera Controller & Watches,Oraimo High Quality Portable Powerbank 20000mAh Power Bank 20000 mAh For Smartphones & Button Phones + EXTRA BONUS Phone Tripod Stand & BT Remote Camera Controller  & Watches,2400,4200,42.9,FALSE,4,0,https://www.jumia.co.ke/oraimo-high-quality-portable-powerbank-20000mah-power-bank-20000-mah-for-smartphones-button-phones-extra-bonus-phone-tripod-stand-bt-remote-camera-controller-watches-296175523.html,07/26/26 13:50,,,20000,,Good,Budget (<5k),0.529
tablets,Iphone EArphone Wired earphones with lightning connector with super Bass,Iphone EArphone Wired earphones with lightning connector with super Bass,970,1700,42.9,FALSE,3,0,https://www.jumia.co.ke/iphone-earphone-wired-earphones-with-lightning-connector-with-super-bass-budi-mpg9552778.html,07/26/26 13:50,,,,,Average,Budget (<5k),0.429
tablets,"KC 50 neckband headphones for gym and running, wireless Bluetooth earphones","KC 50 neckband headphones for gym and running, wireless Bluetooth earphones",1099,2999,63.4,TRUE,0,0,https://www.jumia.co.ke/kc-50-neckband-headphones-for-gym-and-running-wireless-bluetooth-earphones-326863652.html,07/26/26 13:50,,,,,No Rating,Budget (<5k),0.19
tablets,Modio KIDS STUDY TABLETS 6GB/256GB- SIMCARD SLOT,Modio KIDS STUDY TABLETS 6GB/256GB- SIMCARD SLOT,6368,9999,36.3,FALSE,0,0,https://www.jumia.co.ke/modio-kids-study-tablets-6gb256gb-simcard-slot-326060189.html,07/26/26 13:50,6,,,,No Rating,Entry (5k-15k),0.109
tablets,"TWS Earpods Airpods Pro3 Bluetooth Headsets Wireless Pods Pro Earpods, Earphones White.","TWS Earpods Airpods Pro3 Bluetooth Headsets Wireless Pods Pro Earpods, Earphones White.",560,980,42.9,FALSE,5,0,https://www.jumia.co.ke/tws-earpods-airpods-pro3-bluetooth-headsets-wireless-pods-pro-earpods-earphones-white.-326472820.html,07/26/26 13:50,,,,,Excellent,Budget (<5k),0.629
tablets,oraimo home Wired neckband MJ 6955 earphones oraimo Bluetooth 5.0 connection.,oraimo home Wired neckband MJ 6955 earphones oraimo Bluetooth 5.0 connection.,1500,4000,62.5,TRUE,4.5,0,https://www.jumia.co.ke/oraimo-home-wired-neckband-mj-6955-earphones-oraimo-bluetooth-5.0-connection.-326686468.html,07/26/26 13:50,,,,,Excellent,Budget (<5k),0.638
tablets,Kids Tablets Modio M750 Kids Tablet 7” Android 13 6GB RAM + 256GB ROM Dual Camera WiFi + SIM 4000mAh Battery Educational Learning Tablet AND FREE WIRELESS HEADPHONES- PINK-[CHARGE 6HRS BEFORE USE],Kids Tablets Modio  M750 Kids Tablet 7” Android 13 6GB RAM + 256GB ROM Dual Camera  WiFi + SIM 4000mAh Battery Educational Learning Tablet AND FREE WIRELESS HEADPHONES- PINK-[CHARGE 6HRS BEFORE USE],7999,10999,27.3,FALSE,0,0,https://www.jumia.co.ke/kids-tablets-modio-m750-kids-tablet-7-android-13-6gb-ram-256gb-rom-dual-camera-wifi-sim-4000mah-battery-educational-learning-tablet-and-free-wireless-headphones-pink-charge-6hrs-before-use-328004356.html,07/26/26 13:50,256,6,4000,,No Rating,Entry (5k-15k),0.082
tablets,TWS Airpods Pro Bluetooth Headsets Wireless Pods Pro Earpods Earphones,TWS Airpods Pro Bluetooth Headsets Wireless Pods Pro Earpods Earphones,799,999,20,FALSE,3.3,0,https://www.jumia.co.ke/tws-pro3-wireless-earbuds-bluetooth-5.0-35mah-battery-white-tws-mpg10321393.html,07/26/26 13:50,,,,,Average,Budget (<5k),0.39
tablets,TWS Airpods Pro3 Bluetooth Headsets Wireless Pods Pro Earpods Earphones-black,TWS Airpods Pro3 Bluetooth Headsets Wireless Pods Pro Earpods Earphones-black,450,500,10,FALSE,3.7,0,https://www.jumia.co.ke/generic-tws-airpods-pro3-bluetooth-headsets-wireless-pods-pro-earpods-earphones-black-325563792.html,07/26/26 13:50,,,,,Good,Budget (<5k),0.4
tablets,"Modio M132 Tablet PC, Display 8 inch, Memory 512GB ROM + 8GB RAM, Battery 5000mah, Camera 13mp+5mp, Dual SIM, Flip case, Keyboard & Touch pen Tablet gray + Free Earpods & LED Watch","Modio M132 Tablet PC, Display 8 inch, Memory 512GB ROM + 8GB RAM, Battery 5000mah, Camera 13mp+5mp, Dual SIM, Flip case, Keyboard & Touch pen Tablet gray + Free Earpods & LED Watch",8299,19999,58.5,FALSE,0,0,https://www.jumia.co.ke/modio-m132-tablet-pc-display-8-inch-memory-512gb-rom-8gb-ram-battery-5000mah-camera-13mp5mp-dual-sim-flip-case-keyboard-touch-pen-tablet-gray-free-earpods-led-watch-327732272.html,07/26/26 13:50,512,8,5000,13,No Rating,Entry (5k-15k),0.176
tablets,Tufah iphone Earphone With Lightning Connector EarPods-white,Tufah iphone Earphone With Lightning Connector EarPods-white,499,1299,61.6,TRUE,0,0,https://www.jumia.co.ke/generic-tufah-iphone-earphone-with-lightning-connector-earpods-white-328451755.html,07/26/26 13:50,,,,,No Rating,Budget (<5k),0.185
tablets,Oraimo strong bass earphone with mic,Oraimo strong bass earphone with mic,139,199,30.2,FALSE,1,0,https://www.jumia.co.ke/strong-bass-earphone-with-mic-oraimo-mpg7414916.html,07/26/26 13:50,,,,,Poor,Budget (<5k),0.191
tablets,Modio M91 android Tablet PC - 11 inches -12GB RAM/512GB ROM,Modio  M91 android Tablet PC - 11 inches -12GB RAM/512GB ROM,14000,19999,30,FALSE,2.5,0,https://www.jumia.co.ke/modio-m91-android-tablet-pc-11-inches-12gb-ram512gb-rom-325510877.html,07/26/26 13:50,512,12,,,Average,Entry (5k-15k),0.34
televisions,"Vitron HTC4300QFS 43 Smart Android TV, 43 inch QLED TV, Full HD Frameless Smart TV, Bluetooth Q LED FHD TV - Black (1YR WRTY)","Vitron HTC4300QFS 43 Smart Android TV, 43 inch QLED TV, Full HD Frameless Smart TV, Bluetooth Q LED FHD TV - Black (1YR WRTY)",18999,25999,26.9,FALSE,4,0,https://www.jumia.co.ke/htc4300qfs-43inch-qled-tv-bluetooth-enabled-full-hd-frameless-smart1yr-wrty-vitron-mpg9595722.html,07/26/26 13:51,,,,,Good,Mid-Range (15k-30k),0.481
televisions,"Vitron HTC3288QS, 32 inch QLED Smart Android TV, QLED Smart TV, Android TV, Q LED - Black (1YR WRTY)","Vitron HTC3288QS, 32 inch QLED Smart Android TV, QLED Smart TV, Android TV, Q LED - Black (1YR WRTY)",11999,18999,36.8,FALSE,4,0,https://www.jumia.co.ke/htc3288qs-32-inch-qled-smart-android-tv-black1yr-wrty-vitron-mpg9595721.html,07/26/26 13:51,,,,,Good,Entry (5k-15k),0.51
televisions,"Amtec 32R1S, 32"" Inch Frameless Android LED Smart TV with Bluetooth (1YR WRTY)","Amtec 32R1S, 32"" Inch Frameless Android LED Smart TV with Bluetooth (1YR WRTY)",10599,13451,21.2,FALSE,3.9,0,https://www.jumia.co.ke/amtec-32r1s-32-inch-frameless-android-led-smart-tv-with-bluetooth-1yr-wrty-55149292.html,07/26/26 13:51,,,,,Good,Entry (5k-15k),0.454
televisions,"Amtec 43L12, 43"" FHD Smart Android Frameless TV, Netfix, Youtube, Bluetooth - Black (1YR WRTY)","Amtec 43L12, 43"" FHD Smart Android Frameless TV, Netfix, Youtube, Bluetooth - Black (1YR WRTY)",17399,23474,25.9,FALSE,4,0,https://www.jumia.co.ke/amtec-43l12-43-fhd-smart-android-frameless-tv-netfix-youtube-bluetooth-black-1yr-wrty-55192249.html,07/26/26 13:51,,,,,Good,Mid-Range (15k-30k),0.478
televisions,"Vitron HTC3288QS, 32"" INCH SMART ANDROID QLED HD TV,BLUETOOTH ENABLED,WIFI ENABLED,NETFLIX,YOUTUBE, ICAST FRAMELESS SCREEN-BLACK (1 YR WARRANTY) + 7 FREE GIFTS","Vitron HTC3288QS, 32"" INCH SMART ANDROID QLED HD TV,BLUETOOTH ENABLED,WIFI ENABLED,NETFLIX,YOUTUBE, ICAST FRAMELESS SCREEN-BLACK (1 YR WARRANTY) + 7 FREE GIFTS",14095,20000,29.5,FALSE,4.2,0,https://www.jumia.co.ke/vitron-htc3288qs-32-inch-smart-android-qled-hd-tvbluetooth-enabledwifi-enablednetflixyoutube-icast-frameless-screen-black-1-yr-warranty-7-free-gifts-327791468.html,07/26/26 13:51,,,,,Good,Entry (5k-15k),0.509
televisions,"Vitron HTC3288QS 32 Inch QLED Bluetooth Smart Android TV with Inbuilt Wi-Fi , Decoder, Netflix ,YouTube, App Store, ICAST/MIRRORING SCREEN + TV Guard +Extension +Wall Bracket - Black (1 YR WRTY)","Vitron HTC3288QS 32 Inch QLED Bluetooth Smart Android TV with Inbuilt Wi-Fi , Decoder, Netflix ,YouTube, App Store, ICAST/MIRRORING SCREEN +  TV Guard +Extension +Wall Bracket - Black (1 YR WRTY)",13295,18500,28.1,FALSE,3.9,0,https://www.jumia.co.ke/vitron-htc3288qs-32-inch-qled-bluetooth-smart-android-tv-with-inbuilt-wi-fi-decoder-netflix-youtube-app-store-icastmirroring-screen-tv-guard-extension-wall-bracket-black-1-yr-wrty-266795498.html,07/26/26 13:51,,,,,Good,Entry (5k-15k),0.474
televisions,"Itel itel TV 32 inch, QLED, Smart TV, Frameless, Bluetooth, Android14, Wifi, Digital, Netflix, YouTube, Prime, 32"" TV, television (1 year warranty, limited time promote)","Itel itel TV 32 inch, QLED, Smart TV, Frameless, Bluetooth, Android14, Wifi, Digital, Netflix, YouTube, Prime, 32"" TV, television (1 year warranty, limited time promote)",17019,20502,17,FALSE,3.8,0,https://www.jumia.co.ke/tv-32-inches-qled-smart-tv-frameless-bluetooth-android14-wifi-digital-netflix-youtube-prime-32-television-1-year-warranty-new-launch-price-wall-mount-free-gift-itel-mpg9993922.html,07/26/26 13:51,,,,,Good,Mid-Range (15k-30k),0.431
televisions,"Itel itel TV 43 inch, QLED, Smart TV, FHD, Frameless, Bluetooth, Android14, Wifi, Digital, Netflix, YouTube, Prime, 43"" TV, television (1 year warranty, limited time promote)","Itel itel TV 43 inch, QLED, Smart TV, FHD, Frameless, Bluetooth, Android14, Wifi, Digital, Netflix, YouTube, Prime, 43"" TV, television (1 year warranty, limited time promote)",25358,40250,37,FALSE,3.8,0,https://www.jumia.co.ke/tv-43-inches-qled-smart-tv-fhd-frameless-bluetooth-android14-wifi-digital-netflix-youtube-prime-43-television-1-year-warranty-new-launch-price-wall-mount-free-gift-itel-mpg9962024.html,07/26/26 13:51,,,,,Good,Mid-Range (15k-30k),0.491
televisions,"Vitron HTC3288QS, 32"" SMART ANDROID QLED HD TV,BLUETOOTH ENABLED,WIFI ENABLED,NETFLIX,YOUTUBE, ICAST FRAMELESS SCREEN-BLACK (1 YR WARRANTY)+6 FREE ACCESSORIES","Vitron HTC3288QS, 32"" SMART ANDROID QLED HD TV,BLUETOOTH ENABLED,WIFI ENABLED,NETFLIX,YOUTUBE, ICAST FRAMELESS SCREEN-BLACK (1 YR WARRANTY)+6 FREE ACCESSORIES",13495,20000,32.5,FALSE,3.8,0,https://www.jumia.co.ke/vitron-htc3288qs-32-smart-android-qled-hd-tvbluetooth-enabledwifi-enablednetflixyoutube-icast-frameless-screen-black-1-yr-warranty6-free-accessories-325459097.html,07/26/26 13:51,,,,,Good,Entry (5k-15k),0.478
televisions,"Itel itel TV 50 inch, QLED, Smart TV, FHD, Frameless, Bluetooth, Android14, Wifi, Digital, Netflix, YouTube, Prime, 50"" TV, television (1 year warranty, limited time promote)","Itel itel TV 50 inch, QLED, Smart TV, FHD, Frameless, Bluetooth, Android14, Wifi, Digital, Netflix, YouTube, Prime, 50"" TV, television (1 year warranty, limited time promote)",27998,55999,50,FALSE,3.9,0,https://www.jumia.co.ke/itel-itel-tv-50-inch-qled-smart-tv-fhd-frameless-bluetooth-android14-wifi-digital-netflix-youtube-prime-50-tv-television-1-year-warranty-limited-time-promote-326898982.html,07/26/26 13:51,,,,,Good,Mid-Range (15k-30k),0.54
televisions,"TCL 43S5K 43-Inch QLED Full HD Smart Google TV, HDR10, Dolby Audio, Bezel-Less – 1 Year Warranty","TCL 43S5K 43-Inch QLED Full HD Smart Google TV, HDR10, Dolby Audio, Bezel-Less – 1 Year Warranty",26100,36100,27.7,FALSE,4.1,0,https://www.jumia.co.ke/tcl-43s5k-43-inch-qled-full-hd-smart-google-tv-hdr10-dolby-audio-bezel-less-1-year-warranty-327908139.html,07/26/26 13:51,,,,,Good,Mid-Range (15k-30k),0.493
televisions,"Vitron HTC4300QFS 43"" inch TV QLED TV, Bluetooth Enabled, Smart Android Digital Full HD TV, Inbuilt Decoder, Cast Screen Mirroring, Wi-Fi Enabled, Netflix, YouTube Television, App Store (1 YR WRTY) +FREE TV GUARD+ WALL BRACKET + EXTENSION CABLE","Vitron HTC4300QFS 43"" inch TV QLED TV, Bluetooth Enabled, Smart Android Digital Full HD TV, Inbuilt Decoder, Cast Screen Mirroring, Wi-Fi Enabled, Netflix, YouTube Television, App Store (1 YR WRTY) +FREE TV GUARD+ WALL BRACKET + EXTENSION CABLE",21095,26000,18.9,FALSE,4,0,https://www.jumia.co.ke/vitron-htc4300qfs-43-inch-tv-qled-tv-bluetooth-enabled-smart-android-digital-full-hd-tv-inbuilt-decoder-cast-screen-mirroring-wi-fi-enabled-netflix-youtube-television-app-store-1-yr-wrty-free-tv-guard-wall-bracket-extension-cable-269259283.html,07/26/26 13:51,,,,,Good,Mid-Range (15k-30k),0.457
televisions,"Hisense Hisense 43A4Q 43"" FHD Smart TV - Vidaa OS, Wi-Fi, 1920x1080","Hisense Hisense 43A4Q 43"" FHD Smart TV - Vidaa OS, Wi-Fi, 1920x1080",23630,33999,30.5,FALSE,4.1,0,https://www.jumia.co.ke/hisense-hisense-43a4q-43-fhd-smart-tv-vidaa-os-wi-fi-1920x1080-312890046.html,07/26/26 13:51,,,,,Good,Mid-Range (15k-30k),0.501
televisions,Globalstar 32UK64 32INCH QLED TV Frameless Smart TV Netflix Bluetooth Youtube DVB-T2 Android 11 1G+8G,Globalstar 32UK64 32INCH QLED TV Frameless Smart TV Netflix Bluetooth Youtube DVB-T2 Android 11  1G+8G,10999,16033,31.4,FALSE,3.9,0,https://www.jumia.co.ke/globalstar-32uk64-32inch-qled-tv-frameless-smart-tv-netflix-bluetooth-youtube-dvb-t2-android-11-1g8g-306989505.html,07/26/26 13:51,,,,,Good,Entry (5k-15k),0.484
televisions,"TCL S5K 43 Inch Smart QLED, Full HD Google TV - Black (1YR WRTY)","TCL S5K 43 Inch Smart QLED, Full HD Google TV - Black (1YR WRTY)",25699,35999,28.6,FALSE,4.6,0,https://www.jumia.co.ke/tcl-s5k-43-inch-smart-qled-full-hd-google-tv-black-1yr-wrty-325328837.html,07/26/26 13:51,,,,,Excellent,Mid-Range (15k-30k),0.546
televisions,"Vision Plus VP8843SW 43"" Frameless FHD Smart TV – Netflix/YouTube/500+ Apps, Inbuilt Decoder DVB-T2/S2, Bluetooth, Dolby Audio + Free Wall Mount (2YRS WRTY)","Vision Plus VP8843SW 43"" Frameless FHD Smart TV – Netflix/YouTube/500+ Apps, Inbuilt Decoder DVB-T2/S2, Bluetooth, Dolby Audio + Free Wall Mount (2YRS WRTY)",20999,24000,12.5,FALSE,4,0,https://www.jumia.co.ke/vision-plus-vp8843sw-43-frameless-fhd-smart-tv-netflixyoutube500-apps-inbuilt-decoder-dvb-t2s2-bluetooth-dolby-audio-free-wall-mount-2yrs-wrty-325855319.html,07/26/26 13:51,,,,,Good,Mid-Range (15k-30k),0.438
televisions,"Vitron HTC3288QS 32"" Inch Smart Android 14.0 QLED TV Digital TV Bluetooth Enabled Inbuilt Wi-Fi Enabled inbuilt Decoder for Local Channels, Netflix ,YouTube, App Store, ICAST/MIRRORING SCREEN+ Free Wall Mounting Bracket - Black (1 YR WRTY)","Vitron HTC3288QS 32"" Inch Smart Android 14.0 QLED TV Digital TV Bluetooth Enabled Inbuilt Wi-Fi Enabled inbuilt Decoder for Local Channels, Netflix ,YouTube, App Store, ICAST/MIRRORING SCREEN+ Free Wall Mounting Bracket - Black (1 YR WRTY)",12795,16500,22.5,FALSE,4.1,0,https://www.jumia.co.ke/htc3200s32-inch-frameless-smart-android-tv-inbuilt-decoder-netflix-appstore-vitron-mpg1987078.html,07/26/26 13:51,,,,,Good,Entry (5k-15k),0.478
televisions,"Vitron HTC4300QFS, 43"" INCH SMART ANDROID QLED FULL HD TV,BLUETOOTH ENABLED,WIFI ENABLED,NETFLIX,YOUTUBE, ICAST FRAMELESS SCREEN-BLACK (1 YR WARRANTY) + 7 FREE GIFTS","Vitron HTC4300QFS, 43"" INCH SMART ANDROID QLED FULL HD TV,BLUETOOTH ENABLED,WIFI ENABLED,NETFLIX,YOUTUBE, ICAST FRAMELESS SCREEN-BLACK (1 YR WARRANTY) + 7 FREE GIFTS",21995,30000,26.7,FALSE,4.2,0,https://www.jumia.co.ke/vitron-htc4300qfs-43-inch-smart-android-qled-full-hd-tvbluetooth-enabledwifi-enablednetflixyoutube-icast-frameless-screen-black-1-yr-warranty-7-free-gifts-327792338.html,07/26/26 13:51,,,,,Good,Mid-Range (15k-30k),0.5
televisions,"TCL 43S5K 43 Inch QLED Google Television ,2025 Smart Model, Full HD, Android TV OS, WiFi, Bluetooth, HDMI, USB+FREE BRACKET+TV GUARD+EXTENSION","TCL 43S5K 43 Inch QLED Google Television ,2025 Smart Model, Full HD, Android TV OS, WiFi, Bluetooth, HDMI, USB+FREE BRACKET+TV GUARD+EXTENSION",28599,54000,47,FALSE,4.4,0,https://www.jumia.co.ke/tcl-43s5k-43-inch-qled-google-television-2025-smart-model-full-hd-android-tv-os-wifi-bluetooth-hdmi-usbfree-brackettv-guardextension-325638248.html,07/26/26 13:51,,,,,Good,Mid-Range (15k-30k),0.581
televisions,"AILYONS LET3208W 32"" FHD Frameless Digital LED TV Inbuilt Decoder DVB T2/S2 - USB-HDMI-VGA - Black , (1YR WRTY)","AILYONS LET3208W 32"" FHD Frameless Digital LED TV Inbuilt Decoder DVB T2/S2 - USB-HDMI-VGA - Black ,  (1YR WRTY)",9999,18999,47.4,FALSE,3.8,0,https://www.jumia.co.ke/ailyons-let3208w-32-fhd-frameless-digital-led-tv-inbuilt-decoder-dvb-t2s2-usb-hdmi-vga-black-1yr-wrty-179403644.html,07/26/26 13:51,,,,,Good,Entry (5k-15k),0.522
televisions,"Lyons 50 Inch 4K UHD Android TV, Dolby Vision, Bluetooth, WiFi, Frameless, 1 Year Warranty","Lyons 50 Inch 4K UHD Android TV, Dolby Vision, Bluetooth, WiFi, Frameless, 1 Year Warranty",26599,37810,29.7,FALSE,3.7,0,https://www.jumia.co.ke/lyons-50-inch-4k-uhd-android-tv-dolby-vision-bluetooth-wifi-frameless-1-year-warranty-327918410.html,07/26/26 13:51,,,,,Good,Mid-Range (15k-30k),0.459
televisions,"Vitron HTC3288QS, 32"" inch QLED TV, Smart Android (Version 14.0) & Digital TV, Frameless, Bluetooth Connectivity , Wi-Fi connectivity,Netflix, Youtube TELEVISION, App Store(1 Year Warranty)+ 4 FREE ACCESSORIES","Vitron HTC3288QS, 32"" inch QLED TV, Smart Android (Version 14.0) & Digital TV, Frameless, Bluetooth Connectivity , Wi-Fi connectivity,Netflix, Youtube TELEVISION, App Store(1 Year Warranty)+ 4 FREE ACCESSORIES",13195,20000,34,FALSE,4,0,https://www.jumia.co.ke/vitron-htc3288qs-32-inch-qled-tv-smart-android-version-14.0-digital-tv-frameless-bluetooth-connectivity-wi-fi-connectivitynetflix-youtube-television-app-store1-year-warranty-4-free-accessories-324926678.html,07/26/26 13:51,,,,,Good,Entry (5k-15k),0.502
televisions,"Hisense 43"" Inch,A4 Smart TV,FRAMELESS,DOLBY AUDIO,NETFLIX+BRACKET+TV POWER GUARD","Hisense 43"" Inch,A4 Smart TV,FRAMELESS,DOLBY AUDIO,NETFLIX+BRACKET+TV POWER GUARD",25299,60000,57.8,FALSE,4.3,0,https://www.jumia.co.ke/hisense-43-incha4-smart-tvframelessdolby-audionetflixbrackettv-power-guard-228439782.html,07/26/26 13:51,,,,,Good,Mid-Range (15k-30k),0.603
televisions,"TCL 32S5K 32"" QLED Smart TV - FHD, HDR10, Dolby Audio, Google TV","TCL 32S5K 32"" QLED Smart TV - FHD, HDR10, Dolby Audio, Google TV",16490,26490,37.8,FALSE,4.5,0,https://www.jumia.co.ke/tcl-32s5k-32-qled-smart-tv-fhd-hdr10-dolby-audio-google-tv-327907696.html,07/26/26 13:51,,,,,Excellent,Mid-Range (15k-30k),0.563
televisions,"Vitron 32"" Inch Smart Android 14.0 TV-Bluetooth,ICAST/MIRRORING SCREEN ,Built-in Wi-Fi, Netflix, YouTube, Appstore, Inbuilt Decoder+FREE GIFTS","Vitron 32"" Inch Smart Android  14.0 TV-Bluetooth,ICAST/MIRRORING SCREEN ,Built-in Wi-Fi, Netflix, YouTube, Appstore, Inbuilt Decoder+FREE GIFTS",13499,24000,43.8,FALSE,3.8,0,https://www.jumia.co.ke/vitron-32-inch-smart-android-14.0-tv-bluetoothicastmirroring-screen-built-in-wi-fi-netflix-youtube-appstore-inbuilt-decoderfree-gifts-326636138.html,07/26/26 13:51,,,,,Good,Entry (5k-15k),0.511
televisions,Cube CBT32S 32 Inch Smart TV - Black (2YRs WRTY),Cube CBT32S 32 Inch Smart TV - Black (2YRs WRTY),11399,13999,18.6,FALSE,3.8,0,https://www.jumia.co.ke/cube-cbt32s-32-inch-smart-tv-black-2yrs-wrty-325855106.html,07/26/26 13:51,,,,,Good,Entry (5k-15k),0.436
televisions,"Skyworth 43Q5600H , 43"" 2K QLED Google TV - Black (1YR WRTY)","Skyworth 43Q5600H , 43"" 2K QLED Google TV - Black (1YR WRTY)",25999,40999,36.6,FALSE,4.3,0,https://www.jumia.co.ke/43q5600h-43-2k-qled-google-tv-black-1yr-wrty-skyworth-mpg10193435.html,07/26/26 13:51,,,,,Good,Mid-Range (15k-30k),0.54
televisions,Cube CBT43S 43 Inch Smart TV - Black (2YRs WRTY),Cube CBT43S 43 Inch Smart TV - Black (2YRs WRTY),18999,21999,13.6,FALSE,4,0,https://www.jumia.co.ke/cube-cbt43s-43-inch-smart-tv-black-2yrs-wrty-325855263.html,07/26/26 13:52,,,,,Good,Mid-Range (15k-30k),0.441
televisions,"Vitron HTC4088QFS,40""Inches QLED TV Frameless Television Smart Android & DIGITAL TV,BLUETOOTH ENABLED, WIFI CONNECTIVITY, ICAST SCREEN, Inbuilt Decoder Netflix, Youtube Appstore+Free Extension+ Wall Bracket","Vitron HTC4088QFS,40""Inches QLED TV Frameless Television Smart Android & DIGITAL TV,BLUETOOTH ENABLED, WIFI CONNECTIVITY, ICAST SCREEN,  Inbuilt Decoder Netflix, Youtube Appstore+Free  Extension+ Wall Bracket",17095,25000,31.6,FALSE,4,0,https://www.jumia.co.ke/vitron-htc4088qfs40inches-qled-tv-frameless-television-smart-android-digital-tvbluetooth-enabled-wifi-connectivity-icast-screen-inbuilt-decoder-netflix-youtube-appstorefree-extension-wall-bracket-43624704.html,07/26/26 13:52,,,,,Good,Mid-Range (15k-30k),0.495
televisions,TCL 55 INCHES V6D 4K HDR Google TV – 55V6D (New 2026 Model),TCL 55 INCHES V6D 4K HDR Google TV – 55V6D (New 2026 Model),40990,50000,18,FALSE,4.3,0,https://www.jumia.co.ke/tcl-55-inches-v6d-4k-hdr-google-tv-55v6d-new-2026-model-327553211.html,07/26/26 13:52,,,,,Good,Premium (30k-50k),0.484
televisions,"Vitron HTC3288QS,32""Inch QLED TV Bluetooth Enabled Frameless Smart Android TV & Digital TV,ICAST SCREEN Netflix YouTube , Wi-Fi connectivity, Inbuilt Decoder for local channels, App Store (1 YEAR WARRANTY)","Vitron HTC3288QS,32""Inch QLED TV Bluetooth Enabled Frameless Smart Android TV & Digital TV,ICAST SCREEN  Netflix YouTube , Wi-Fi connectivity, Inbuilt Decoder for local channels, App Store (1 YEAR WARRANTY)",12599,16500,23.6,FALSE,4,0,https://www.jumia.co.ke/vitron-htc3288qs32inch-qled-tv-bluetooth-enabled-frameless-smart-android-tv-digital-tvicast-screen-netflix-youtube-wi-fi-connectivity-inbuilt-decoder-for-local-channels-app-store-1-year-warranty-152740260.html,07/26/26 13:52,,,,,Good,Entry (5k-15k),0.471
televisions,XIAOMI TV FHD 2026 43 Inch Smart Google TV 2Y warranty Dolby Audio Television DTS-X Premium Metal Smart TV,XIAOMI TV FHD 2026 43 Inch Smart Google TV 2Y warranty Dolby Audio Television DTS-X Premium Metal Smart TV,24095,26000,7.3,FALSE,4.6,0,https://www.jumia.co.ke/xiaomi-tv-fhd-2026-43-inch-smart-google-tv-2y-warranty-dolby-audio-television-dts-x-premium-metal-smart-tv-327195644.html,07/26/26 13:52,,,,,Excellent,Mid-Range (15k-30k),0.482
televisions,"Vitron 32"" Inches Android &Smart TV,BLUETOOTH,Netflix,HDMI,Decoder+TV-Guard+Wall Mount","Vitron 32"" Inches Android &Smart  TV,BLUETOOTH,Netflix,HDMI,Decoder+TV-Guard+Wall Mount",13199,26000,49.2,FALSE,4.1,0,https://www.jumia.co.ke/32-inches-android-smart-tvnetflixhdmidecoderwall-mount-brackettv-guard-vitron-mpg1440812.html,07/26/26 13:52,,,,,Good,Entry (5k-15k),0.558
televisions,"Vitron 43""Inches QLED FHD Smart Android TV, Frameless Ultra-Slim Screen, Bluetooth Enabled, Inbuilt Digital Decoder, ICAST Screen Mirroring, Wi-Fi Connectivity, Netflix & YouTube","Vitron 43""Inches QLED FHD Smart Android TV, Frameless Ultra-Slim Screen, Bluetooth Enabled, Inbuilt Digital Decoder, ICAST Screen Mirroring, Wi-Fi Connectivity, Netflix & YouTube",21399,38000,43.7,FALSE,4.2,0,https://www.jumia.co.ke/vitron-43inches-qled-fhd-smart-android-tv-frameless-ultra-slim-screen-bluetooth-enabled-inbuilt-digital-decoder-icast-screen-mirroring-wi-fi-connectivity-netflix-youtube-326688961.html,07/26/26 13:52,,,,,Good,Mid-Range (15k-30k),0.551
televisions,Globalstar 43UK64 43INCH QLED Frameless Smart TV Bluetooth Youtube Android 11 AC 1G+8G,Globalstar 43UK64 43INCH QLED Frameless Smart TV Bluetooth Youtube  Android 11  AC 1G+8G,17999,26934,33.2,FALSE,4.2,0,https://www.jumia.co.ke/globalstar-43uk64-43inch-qled-frameless-smart-tv-bluetooth-youtube-android-11-ac-1g8g-291804656.html,07/26/26 13:52,,,,,Good,Mid-Range (15k-30k),0.52
televisions,Hisense 55-Inch 55Q6Q Smart Frameless 4K QLED TV with Vidaa TV (2YRs WRTY),Hisense 55-Inch 55Q6Q Smart Frameless 4K QLED TV with Vidaa TV (2YRs WRTY),46160,100000,53.8,FALSE,4,0,https://www.jumia.co.ke/hisense-55-inch-55q6q-smart-frameless-4k-qled-tv-with-vidaa-tv-2yrs-wrty-327711154.html,07/26/26 13:52,,,,,Good,Premium (30k-50k),0.561
televisions,"Vision Plus VP8832SW 32"" Frameless HD Smart TV – Netflix/YouTube/500+ Apps, Inbuilt Decoder DVB-T2/S2, Bluetooth, Dolby Audio + Free Wall Mount (2YRS WRTY)","Vision Plus VP8832SW 32"" Frameless HD Smart TV – Netflix/YouTube/500+ Apps, Inbuilt Decoder DVB-T2/S2, Bluetooth, Dolby Audio + Free Wall Mount (2YRS WRTY)",13699,15000,8.7,FALSE,3.7,0,https://www.jumia.co.ke/vision-plus-vp8832sw-32-frameless-hd-smart-tv-netflixyoutube500-apps-inbuilt-decoder-dvb-t2s2-bluetooth-dolby-audio-free-wall-mount-2yrs-wrty-325855486.html,07/26/26 13:52,,,,,Good,Entry (5k-15k),0.396
televisions,"Vitron HTC3288QS 32 Inch QLED Smart Android TV with Digital TV, Android 14, Frameless Design, Bluetooth Enabled, Wi-Fi Connectivity, Netflix & YouTube+FREE GIFTS","Vitron HTC3288QS 32 Inch QLED Smart Android TV with Digital TV, Android 14, Frameless Design, Bluetooth Enabled, Wi-Fi Connectivity, Netflix & YouTube+FREE GIFTS",13799,24000,42.5,FALSE,3.9,0,https://www.jumia.co.ke/vitron-htc3288qs-32-inch-qled-smart-android-tv-with-digital-tv-android-14-frameless-design-bluetooth-enabled-wi-fi-connectivity-netflix-youtubefree-gifts-326873016.html,07/26/26 13:52,,,,,Good,Entry (5k-15k),0.518
televisions,K-Elec 32″ Smart Google TV with Built-in Soundbar | Netflix · YouTube · Showmax | WiFi | 3-Year Warranty,K-Elec 32″ Smart Google TV with Built-in Soundbar | Netflix · YouTube · Showmax | WiFi | 3-Year Warranty,12999,24999,48,FALSE,4.4,0,https://www.jumia.co.ke/k-elec-32-smart-google-tv-with-built-in-soundbar-netflix-youtube-showmax-wifi-3-year-warranty-326348967.html,07/26/26 13:52,,,,,Good,Entry (5k-15k),0.584
televisions,"Lyons LST5003W 50"" inch Smart Android Frameless TV - Black (1YR WRTY)","Lyons LST5003W 50"" inch Smart Android Frameless TV - Black (1YR WRTY)",27199,39999,32,FALSE,4.2,0,https://www.jumia.co.ke/lyons-lst5003w-50-inch-smart-android-frameless-tv-black-1yr-wrty-309560867.html,07/26/26 13:52,,,,,Good,Mid-Range (15k-30k),0.516
televisions,"Vitron 4300QFS 43"" Inch QLED TV(2026 MODEL) Bluetooth Enabled Frameless FHD Smart Android & DIGITAL TV YouTube Netflix Inbuilt Decoder App Store,WIFI+FREE GIFTS","Vitron 4300QFS 43"" Inch QLED TV(2026 MODEL) Bluetooth Enabled Frameless FHD Smart Android & DIGITAL TV YouTube Netflix Inbuilt Decoder App Store,WIFI+FREE GIFTS",21999,38000,42.1,FALSE,3.9,0,https://www.jumia.co.ke/vitron-4300qfs-43-inch-qled-tv2026-model-bluetooth-enabled-frameless-fhd-smart-android-digital-tv-youtube-netflix-inbuilt-decoder-app-storewififree-gifts-326644666.html,07/26/26 13:52,,,,,Good,Mid-Range (15k-30k),0.516
televisions,"TCL 50S5K 50 Inch QLED Google Television ,2025 Smart Model, Full HD, Android TV OS, WiFi, Bluetooth, HDMI, USB+FREE BRACKET+TV GUARD+EXTENSION","TCL 50S5K 50 Inch QLED Google Television ,2025 Smart Model, Full HD, Android TV OS, WiFi, Bluetooth, HDMI, USB+FREE BRACKET+TV GUARD+EXTENSION",36999,70000,47.1,FALSE,4.1,0,https://www.jumia.co.ke/tcl-50s5k-50-inch-qled-google-television-2025-smart-model-full-hd-android-tv-os-wifi-bluetooth-hdmi-usbfree-brackettv-guardextension-325826549.html,07/26/26 13:52,,,,,Good,Premium (30k-50k),0.551
televisions,"Vitron HTC5008FS, 50"" Full HD Smart Android TV - Black (1YR WRTY)","Vitron HTC5008FS, 50"" Full HD Smart Android TV - Black (1YR WRTY)",26999,29600,8.8,FALSE,4.2,0,https://www.jumia.co.ke/vitron-htc5008fs-50-full-hd-smart-android-tv-black-1yr-wrty-326286175.html,07/26/26 13:52,,,,,Good,Mid-Range (15k-30k),0.446
televisions,"Skyworth 43G6500H, 43"" 4K UHD Google TV 2025 - Black (1YR WRTY)","Skyworth 43G6500H, 43"" 4K UHD Google TV 2025 - Black (1YR WRTY)",29499,43999,33,FALSE,4.6,0,https://www.jumia.co.ke/skyworth-43g6500h-43-4k-uhd-google-tv-2025-black-1yr-wrty-326203896.html,07/26/26 13:52,,,,,Excellent,Mid-Range (15k-30k),0.559
televisions,Vitron HTC3200S 32-Inch QLED Bluetooth Frameless Smart Android TV Inbuilt Decoder +FREE GIFTS,Vitron HTC3200S 32-Inch QLED Bluetooth Frameless Smart Android TV Inbuilt Decoder +FREE GIFTS,13699,24000,42.9,FALSE,3.9,0,https://www.jumia.co.ke/vitron-htc3200s-32-inch-qled-bluetooth-frameless-smart-android-tv-inbuilt-decoder-free-gifts-309219817.html,07/26/26 13:52,,,,,Good,Entry (5k-15k),0.519
televisions,"TCL S5K 50 Inch Smart QLED, Full HD Google TV - Black (1YR WRTY) (1YR WRTY)","TCL S5K 50 Inch Smart QLED, Full HD Google TV - Black (1YR WRTY)  (1YR WRTY)",33299,100000,66.7,TRUE,5,0,https://www.jumia.co.ke/tcl-s5k-50-inch-smart-qled-full-hd-google-tv-black-1yr-wrty-1yr-wrty-325328347.html,07/26/26 13:52,,,,,Excellent,Premium (30k-50k),0.7
televisions,"Vitron HTC3218,Frameless 32""inch Television Digital TV Inbuilt Decoder Television (1 Year Warranty)+ Free Wall Bracket +Extension Cable","Vitron HTC3218,Frameless  32""inch Television Digital TV Inbuilt Decoder Television (1 Year Warranty)+ Free Wall Bracket +Extension Cable",10895,14500,24.9,FALSE,4.2,0,https://www.jumia.co.ke/htc3218frameless-32-inch-digital-led-television-usb-hdmi-free-wall-bracket-vitron-mpg1987079.html,07/26/26 13:52,,,,,Good,Entry (5k-15k),0.495
televisions,"Hisense 55A6 ,55"" Inch 4K UHD SMART FRAMELESS,BLUETOOTH TV-2024 MODEL+FREE WALL BRACKET+TV GUARD.","Hisense 55A6 ,55"" Inch 4K UHD SMART FRAMELESS,BLUETOOTH TV-2024 MODEL+FREE WALL BRACKET+TV GUARD.",42815,100000,57.2,FALSE,4.4,0,https://www.jumia.co.ke/hisense-55a6-55-inch-4k-uhd-smart-framelessbluetooth-tv-2024-modelfree-wall-brackettv-guard.-299123666.html,07/26/26 13:52,,,,,Good,Premium (30k-50k),0.612
televisions,"Vitron 43"" Inch TV QLED TV Full HD TV Frameless Television Digital Smart Android TV, Bluetooth Enabled, Wifi Enabled,INBUILT DECODER, ICAST SCREEN MIRRORING, Netflix, YouTube,Appstore,HTC4300QFS(1 YEAR WARRANTY)+FREE WALL MOUNTING BRACKET+EXTENSION CABLE","Vitron 43"" Inch TV  QLED TV Full HD TV Frameless Television  Digital Smart Android TV, Bluetooth Enabled, Wifi Enabled,INBUILT DECODER, ICAST SCREEN MIRRORING, Netflix, YouTube,Appstore,HTC4300QFS(1 YEAR WARRANTY)+FREE WALL MOUNTING BRACKET+EXTENSION CABLE",20995,25900,18.9,FALSE,4.2,0,https://www.jumia.co.ke/43-inch-fhd-frameless-smart-android-tv-inbuilt-decoderfree-bracketextension-vitron-mpg1987077.html,07/26/26 13:52,,,,,Good,Mid-Range (15k-30k),0.477
televisions,"Skyworth 55Q6500H, 55"" 4K QLED Smart Google TV, Black (1YR WRTY)","Skyworth 55Q6500H, 55"" 4K QLED Smart Google TV, Black (1YR WRTY)",43119,69499,38,FALSE,4.6,0,https://www.jumia.co.ke/skyworth-55q6500h-55-4k-qled-smart-google-tv-black-1yr-wrty-326330781.html,07/26/26 13:52,,,,,Excellent,Premium (30k-50k),0.574
televisions,"Vitron HTC4300QFS 43"" QLED TV, Bluetooth Enabled Full HD TV, Frameless Smart Android TV, Wi-Fi Connectivity, Inbuilt Decoder, Cast Screen, Netflix, YouTube, App Store + 6 Free Accessories (1YR WRTY)","Vitron HTC4300QFS 43"" QLED TV, Bluetooth Enabled Full HD TV, Frameless Smart Android TV, Wi-Fi Connectivity, Inbuilt Decoder, Cast Screen, Netflix, YouTube, App Store + 6 Free Accessories (1YR WRTY)",21485,25000,14.1,FALSE,3.9,0,https://www.jumia.co.ke/vitron-htc4300qfs-43-qled-tv-bluetooth-enabled-full-hd-tv-frameless-smart-android-tv-wi-fi-connectivity-inbuilt-decoder-cast-screen-netflix-youtube-app-store-6-free-accessories-1yr-wrty-325459121.html,07/26/26 13:52,,,,,Good,Mid-Range (15k-30k),0.432
televisions,AILYONS LST5501W 55'' INCH 4K FHD Frameless Android Smart TV - WiFi Netflix YouTube Miracast HDMI Bluetooth - Black (1YR WRTY),AILYONS LST5501W 55'' INCH 4K FHD Frameless Android Smart TV - WiFi Netflix YouTube Miracast HDMI Bluetooth - Black (1YR WRTY),32999,56999,42.1,FALSE,3.9,0,https://www.jumia.co.ke/ailyons-lst5501w-55-inch-4k-fhd-frameless-android-smart-tv-wifi-netflix-youtube-miracast-hdmi-bluetooth-black-1yr-wrty-305561389.html,07/26/26 13:52,,,,,Good,Premium (30k-50k),0.516
televisions,"Vitron HTC3288QS 32 Inch QLED Smart Android 14 TV,Frameless, Bluetooth, Wi-Fi, Inbuilt Decoder,Netflix & YouTube+Free TV Guard & Wall Bracket+RCA&OTG Cable(1YR WRTY)","Vitron HTC3288QS 32 Inch QLED Smart Android 14 TV,Frameless, Bluetooth, Wi-Fi, Inbuilt Decoder,Netflix & YouTube+Free TV Guard & Wall Bracket+RCA&OTG Cable(1YR WRTY)",13199,24000,45,FALSE,3.8,0,https://www.jumia.co.ke/vitron-htc3288qs-32-inch-qled-smart-android-14-tvframeless-bluetooth-wi-fi-inbuilt-decodernetflix-youtubefree-tv-guard-wall-bracketrcaotg-cable1yr-wrty-327540441.html,07/26/26 13:52,,,,,Good,Entry (5k-15k),0.515
televisions,"Vitron 32""Inch QLED Bluetooth &Frameless Smart Android TV Inbuilt Decoder for Local Channels(1 YEAR WARRANTY)+FREE GIFTS","Vitron 32""Inch QLED Bluetooth &Frameless Smart Android TV Inbuilt Decoder for Local Channels(1 YEAR WARRANTY)+FREE GIFTS",13299,24000,44.6,FALSE,3.9,0,https://www.jumia.co.ke/vitron-32inch-qled-bluetooth-frameless-smart-android-tv-inbuilt-decoder-for-local-channels1-year-warrantyfree-gifts-324906070.html,07/26/26 13:52,,,,,Good,Entry (5k-15k),0.524
televisions,"AILYONS 2201-D 22"" Digital LED TV AC/DC TV Original 1080P Energy Saving Televison - Black (1YR WRTY)","AILYONS 2201-D 22""  Digital LED TV AC/DC TV Original 1080P Energy Saving Televison - Black (1YR WRTY)",4999,6999,28.6,FALSE,3.9,0,https://www.jumia.co.ke/ailyons-2201-d-22-digital-led-tv-acdc-tv-original-1080p-energy-saving-televison-black-1yr-wrty-322264433.html,07/26/26 13:52,,,,,Good,Budget (<5k),0.476
televisions,"Vitron Frameless-Digital 32"" inch TV+Free inbuilt decoder+Wall Bracket+Extension","Vitron Frameless-Digital 32"" inch TV+Free inbuilt decoder+Wall Bracket+Extension",10999,24000,54.2,FALSE,4.2,0,https://www.jumia.co.ke/vitron-frameless-digital-32-inch-tvfree-inbuilt-decoderwall-bracketextension-195907270.html,07/26/26 13:52,,,,,Good,Entry (5k-15k),0.583
televisions,Hisense 55A6QKEN 55 Inch Smart 4k UHD Frameless (2YRs WRTY),Hisense 55A6QKEN 55 Inch Smart 4k UHD Frameless (2YRs WRTY),41210,57000,27.7,FALSE,4.7,0,https://www.jumia.co.ke/hisense-55a6qken-55-inch-smart-4k-uhd-frameless-2yrs-wrty-315518474.html,07/26/26 13:52,,,,,Excellent,Premium (30k-50k),0.553
televisions,"Lyons LST5504W 55 inch Dolby Vision 4K Frameless Android 14 Smart TV - WiFi, Netflix, YouTube, Miracast, HDMI, Bluetooth - Black","Lyons LST5504W 55 inch Dolby Vision 4K Frameless Android 14 Smart TV - WiFi, Netflix, YouTube, Miracast, HDMI, Bluetooth - Black",33199,54999,39.6,FALSE,4,0,https://www.jumia.co.ke/lyons-lst5504w-55-inch-dolby-vision-4k-frameless-android-14-smart-tv-wifi-netflix-youtube-miracast-hdmi-bluetooth-black-309561023.html,07/26/26 13:52,,,,,Good,Premium (30k-50k),0.519
televisions,"Globalstar 32UK50 , 32INCH DIGITAL AC/DC TV Frameless- Black 14 Months Warranty","Globalstar 32UK50 , 32INCH DIGITAL AC/DC TV Frameless- Black 14 Months Warranty",9999,15031,33.5,FALSE,3.6,0,https://www.jumia.co.ke/globalstar-32uk50-32inch-digital-acdc-tv-frameless-black-14-months-warranty-309487730.html,07/26/26 13:52,,,,,Good,Entry (5k-15k),0.46
televisions,"Vitron 43"" Inch QLED Full HD Smart Android TV//Google Play Store, BLUETOOTH-ENABLED, Frameless Ultra-Slim Design, Wi-Fi Connectivity, Netflix, YouTube, App Store+FREE 6 GIFTS","Vitron 43"" Inch QLED Full HD Smart Android TV//Google Play Store, BLUETOOTH-ENABLED, Frameless Ultra-Slim Design, Wi-Fi Connectivity, Netflix, YouTube, App Store+FREE 6 GIFTS",21590,38000,43.2,FALSE,3.6,0,https://www.jumia.co.ke/vitron-43-qled-smart-tv-full-hd-android-11-wi-fi-bluetooth-3-hdmi-2-usb-vitron-mpg10322067.html,07/26/26 13:52,,,,,Good,Mid-Range (15k-30k),0.49
televisions,"Vitron Smart Frameless-43"" Inch,BLUETOOTH-ENABLED-Android 11 TV ,NETFLIX+GIFTS Bundle","Vitron Smart Frameless-43"" Inch,BLUETOOTH-ENABLED-Android 11 TV ,NETFLIX+GIFTS Bundle",21699,40000,45.8,FALSE,4.2,0,https://www.jumia.co.ke/vitron-smart-frameless-43-inchbluetooth-enabled-android-11-tv-netflixgifts-bundle-193648628.html,07/26/26 13:52,,,,,Good,Mid-Range (15k-30k),0.557
televisions,"Vitron HTC3288QS 32"" Inch QLED Android Smart TV,Frameless, Wi-Fi, Bluetooth, Netflix & YouTube, Digital TV+FREE BRACKET+TV GUARD+EARPODS+OTG&RCA CABLE (1YR WRTY)","Vitron HTC3288QS 32"" Inch QLED Android Smart TV,Frameless, Wi-Fi, Bluetooth, Netflix & YouTube, Digital TV+FREE BRACKET+TV GUARD+EARPODS+OTG&RCA CABLE (1YR WRTY)",13399,24000,44.2,FALSE,2.3,0,https://www.jumia.co.ke/vitron-htc3288qs-32-inch-qled-android-smart-tvframeless-wi-fi-bluetooth-netflix-youtube-digital-tvfree-brackettv-guardearpodsotgrca-cable-1yr-wrty-327540206.html,07/26/26 13:52,,,,,Poor,Entry (5k-15k),0.363
televisions,"Vitron 32""inch QLED TV Bluetooth TV Smart Android 14.0 Television with Inbuilt Wi-Fi , Inbuilt decoder,YouTube, SCREEN MIRRORING/ICAST SCREEN +6 FREE GIFTS","Vitron 32""inch QLED TV Bluetooth TV Smart Android 14.0 Television with Inbuilt Wi-Fi , Inbuilt decoder,YouTube, SCREEN MIRRORING/ICAST SCREEN +6 FREE GIFTS",13499,24000,43.8,FALSE,4.7,0,https://www.jumia.co.ke/vitron-32inch-qled-tv-bluetooth-tv-smart-android-14.0-television-with-inbuilt-wi-fi-inbuilt-decoderyoutube-screen-mirroringicast-screen-6-free-gifts-326636182.html,07/26/26 13:52,,,,,Excellent,Entry (5k-15k),0.601
televisions,"Skyworth 50Q6000H, 50"" 2K QLED Google TV, Black (1YR WRTY)","Skyworth 50Q6000H, 50"" 2K QLED Google TV, Black (1YR WRTY)",34999,45999,23.9,FALSE,4.7,0,https://www.jumia.co.ke/skyworth-50q6000h-50-2k-qled-google-tv-black-1yr-wrty-326376386.html,07/26/26 13:52,,,,,Excellent,Premium (30k-50k),0.542
televisions,"AILYONS 24"" Digital LED TV AC/DC TV Original 1080P Energy Saving Televison - Black , (1YR WRTY) (Ailyons TV 2401-D)","AILYONS 24""  Digital LED TV AC/DC TV Original 1080P Energy Saving Televison - Black ,  (1YR WRTY) (Ailyons TV 2401-D)",5999,8999,33.3,FALSE,4.4,0,https://www.jumia.co.ke/ailyons-24-digital-led-tv-acdc-tv-original-1080p-energy-saving-televison-black-1yr-wrty-ailyons-tv-2401-d-322264547.html,07/26/26 13:52,,,,,Good,Entry (5k-15k),0.54
televisions,"Gld 24"" Full HD Digital Frameless LED Television - Black (1YR WRTY)","Gld 24"" Full HD Digital Frameless LED Television - Black  (1YR WRTY)",7995,15945,49.9,FALSE,3.5,0,https://www.jumia.co.ke/gld-24-full-hd-digital-frameless-led-television-black-1yr-wrty-169524736.html,07/26/26 13:52,,,,,Good,Entry (5k-15k),0.5
televisions,"Amtec 50"" Full HD Vidaa OS Smart TV - Black (1YR WRTY)","Amtec 50"" Full HD Vidaa OS Smart TV - Black (1YR WRTY)",26380,35000,24.6,FALSE,4.1,0,https://www.jumia.co.ke/amtec-50-full-hd-vidaa-os-smart-tv-black-1yr-wrty-314319055.html,07/26/26 13:52,,,,,Good,Mid-Range (15k-30k),0.484
televisions,"Vitron HTC4300QFS, 43"" INCH SMART ANDROID QLED FULL HD TV,BLUETOOTH ENABLED,WIFI ENABLED,NETFLIX,YOUTUBE, ICAST FRAMELESS SCREEN-BLACK (1 YR WARRANTY) + 6 EXTRA ACCESSORIES","Vitron HTC4300QFS, 43"" INCH SMART ANDROID QLED FULL HD TV,BLUETOOTH ENABLED,WIFI ENABLED,NETFLIX,YOUTUBE, ICAST FRAMELESS SCREEN-BLACK (1 YR WARRANTY) + 6 EXTRA ACCESSORIES",21795,30000,27.4,FALSE,4,0,https://www.jumia.co.ke/vitron-htc4300qfs-43-inch-smart-android-qled-full-hd-tvbluetooth-enabledwifi-enablednetflixyoutube-icast-frameless-screen-black-1-yr-warranty-6-extra-accessories-328297983.html,07/26/26 13:52,,,,,Good,Mid-Range (15k-30k),0.482
televisions,"Skyworth 32E3500G, 32"" FHD Smart Google TV, Black (1YR WRTY)","Skyworth 32E3500G, 32"" FHD Smart Google TV, Black (1YR WRTY)",15999,24999,36,FALSE,4.2,0,https://www.jumia.co.ke/skyworth-32e3500g-32-fhd-smart-google-tv-black-1yr-wrty-306431231.html,07/26/26 13:52,,,,,Good,Mid-Range (15k-30k),0.528
televisions,"Vitron HTC3288QS 32"" Inch Smart Android TV-Bluetooth, Built-in Wi-Fi, Netflix, YouTube, Appstore, Inbuilt Decoder+Free Bracket+TV Guard+Extension","Vitron HTC3288QS 32"" Inch Smart Android TV-Bluetooth, Built-in Wi-Fi, Netflix, YouTube, Appstore, Inbuilt Decoder+Free Bracket+TV Guard+Extension",13299,24000,44.6,FALSE,3.8,0,https://www.jumia.co.ke/vitron-htc3288qs-32-inch-smart-android-tv-bluetooth-built-in-wi-fi-netflix-youtube-appstore-inbuilt-decoderfree-brackettv-guardextension-315891121.html,07/26/26 13:52,,,,,Good,Entry (5k-15k),0.514
televisions,"TCL 55"" Inch- FRAMELESS&BLUETOOTH-ENABLED ULTRA HD 4K Google TV Smart TV ,NETFLIX/YOUTUBE+FREE 360 BRACKET+TV GUARD","TCL 55"" Inch- FRAMELESS&BLUETOOTH-ENABLED ULTRA HD  4K  Google TV Smart TV ,NETFLIX/YOUTUBE+FREE 360 BRACKET+TV GUARD",44100,98000,55,FALSE,4.5,0,https://www.jumia.co.ke/tcl-55-inch-framelessbluetooth-enabled-ultra-hd-4k-google-tv-smart-tv-netflixyoutubefree-360-brackettv-guard-312865676.html,07/26/26 13:52,,,,,Excellent,Premium (30k-50k),0.615
televisions,"Vision Plus 55"" 4K QLED TV with Vidaa OS + Free Wall Mount - Black (2 Year WRTY)","Vision Plus 55"" 4K QLED TV with Vidaa OS + Free Wall Mount - Black (2 Year WRTY)",38470,45000,14.5,FALSE,5,0,https://www.jumia.co.ke/vision-plus-55-4k-qled-tv-with-vidaa-os-free-wall-mount-black-2-year-wrty-325855402.html,07/26/26 13:52,,,,,Excellent,Premium (30k-50k),0.544
televisions,"Hisense 43"" Inch FHD Frameless Smart TV,NETFLIX,YOUTUBE,VIDAA OS+FREE GIFTS","Hisense 43"" Inch FHD Frameless Smart TV,NETFLIX,YOUTUBE,VIDAA OS+FREE GIFTS",25299,60000,57.8,FALSE,4,0,https://www.jumia.co.ke/43-inch-fhd-frameless-smart-tvnetflixyoutubevidaa-osbracketguard-hisense-mpg1521483.html,07/26/26 13:52,,,,,Good,Mid-Range (15k-30k),0.573
televisions,"Vitron HTC4300QFS 43 Inch QLED Smart Android TV HTC4300QFS – Full HD Resolution, Frameless Screen, Bluetooth Enabled, Inbuilt Decoder for Local Channels, ICAST Screen Cast, Wi-Fi, Netflix, YouTube+ 4 Free Accessories","Vitron HTC4300QFS 43 Inch QLED Smart Android TV HTC4300QFS – Full HD Resolution, Frameless Screen, Bluetooth Enabled, Inbuilt Decoder for Local Channels, ICAST Screen Cast, Wi-Fi, Netflix, YouTube+ 4 Free Accessories",21295,25000,14.8,FALSE,3.8,0,https://www.jumia.co.ke/vitron-htc4300qfs-43-inch-qled-smart-android-tv-htc4300qfs-full-hd-resolution-frameless-screen-bluetooth-enabled-inbuilt-decoder-for-local-channels-icast-screen-cast-wi-fi-netflix-youtube-4-free-accessories-325459136.html,07/26/26 13:52,,,,,Good,Mid-Range (15k-30k),0.424
televisions,"Vision Plus 55"" 4K QLED TV with Vidaa OS + Free Wall Mount + 2 Year WRTY","Vision Plus 55"" 4K QLED TV with Vidaa OS + Free Wall Mount + 2 Year WRTY",38177,74995,49.1,FALSE,3.7,0,https://www.jumia.co.ke/vision-plus-55-4k-qled-tv-with-vidaa-os-free-wall-mount-2-year-wrty-326005224.html,07/26/26 13:52,,,,,Good,Premium (30k-50k),0.517
televisions,Globalstar 55UK64 55INCH QLED TV Frameless Smart TV Netflix Bluetooth Youtube DVB-T2/S2 Android 11 1G+8G,Globalstar 55UK64 55INCH QLED TV Frameless Smart TV Netflix Bluetooth Youtube DVB-T2/S2 Android 11  1G+8G,32000,50104,36.1,FALSE,4.6,0,https://www.jumia.co.ke/globalstar-55uk64-55inch-qled-tv-frameless-smart-tv-netflix-bluetooth-youtube-dvb-t2s2-android-11-1g8g-302328514.html,07/26/26 13:52,,,,,Excellent,Premium (30k-50k),0.568
televisions,"Vitron 32"" inch-Frameless - HD Digital TV WITH INBUILT DECODER+FREE GIFTS","Vitron 32"" inch-Frameless - HD Digital TV WITH INBUILT DECODER+FREE GIFTS",10999,24000,54.2,FALSE,4,0,https://www.jumia.co.ke/vitron-32-inch-frameless-hd-digital-tv-with-inbuilt-decoderfree-gifts-195984289.html,07/26/26 13:52,,,,,Good,Entry (5k-15k),0.563
televisions,"Vitron 32"" Inch Smart Android(14.0) ,QLED TV & DIGITAL TV, Bluetooth Connectivity, Wi-Fi connectivity Netflix ,YouTube Television, App store, Inbuilt Decoder+ FREE GIFTS","Vitron 32"" Inch Smart Android(14.0) ,QLED TV & DIGITAL TV, Bluetooth Connectivity, Wi-Fi connectivity Netflix ,YouTube Television, App store, Inbuilt Decoder+ FREE GIFTS",13399,24000,44.2,FALSE,0,0,https://www.jumia.co.ke/vitron-32-inch-smart-android14.0-qled-tv-digital-tv-bluetooth-connectivity-wi-fi-connectivity-netflix-youtube-television-app-store-inbuilt-decoder-free-gifts-326643466.html,07/26/26 13:52,,,,,No Rating,Entry (5k-15k),0.133
televisions,"Skyworth 60Q6500H, 60"" 4K QLED Smart Google TV, Black (1YR WRTY)","Skyworth 60Q6500H, 60"" 4K QLED Smart Google TV, Black (1YR WRTY)",51839,85999,39.7,FALSE,4.9,0,https://www.jumia.co.ke/skyworth-60q6500h-60-4k-qled-smart-google-tv-black-1yr-wrty-326439717.html,07/26/26 13:52,,,,,Excellent,Luxury (>50k),0.609
televisions,"TCL 43"" Inch, 4K Ultra HD Smart LED Google/Android TV,Bluetooth-Enabled+2 YEARS WARRANTY","TCL 43"" Inch,  4K Ultra HD Smart LED Google/Android TV,Bluetooth-Enabled+2 YEARS WARRANTY",31899,60000,46.8,FALSE,4.5,0,https://www.jumia.co.ke/tcl-43-inch-4k-ultra-hd-smart-led-googleandroid-tvbluetooth-enabled2-years-warranty-213431786.html,07/26/26 13:52,,,,,Excellent,Premium (30k-50k),0.59
televisions,TCL 43V6C 43-Inch Smart 4K HDR Google TV - Black (1YR WRTY),TCL 43V6C 43-Inch Smart 4K HDR Google TV - Black (1YR WRTY),29599,36999,20,FALSE,4.4,0,https://www.jumia.co.ke/tcl-43v6c-43-inch-smart-4k-hdr-google-tv-black-1yr-wrty-316279700.html,07/26/26 13:52,,,,,Good,Mid-Range (15k-30k),0.5
televisions,"Vitron 32""Inch QLED TV Bluetooth-Enabled Frameless Smart Android TV & Digital TV,ICAST SCREEN//Netflix YouTube, Inbuilt Decoder for local channels+4 FREE GIFTS(1 YEAR WARRANTY)","Vitron 32""Inch QLED TV Bluetooth-Enabled Frameless Smart Android TV & Digital TV,ICAST SCREEN//Netflix YouTube, Inbuilt Decoder for local channels+4 FREE GIFTS(1 YEAR WARRANTY)",13499,24000,43.8,FALSE,4.1,0,https://www.jumia.co.ke/vitron-32inch-qled-tv-bluetooth-enabled-frameless-smart-android-tv-digital-tvicast-screennetflix-youtube-inbuilt-decoder-for-local-channels4-free-gifts1-year-warranty-326641707.html,07/26/26 13:52,,,,,Good,Entry (5k-15k),0.541
televisions,"Vitron HTC3288QS, 32"" SMART ANDROID QLED HD TV,BLUETOOTH ENABLED,WIFI ENABLED,NETFLIX,YOUTUBE, ICAST FRAMELESS SCREEN-BLACK (1 YR WARRANTY)+FREE TV GUARD+BRACKET","Vitron HTC3288QS, 32"" SMART ANDROID QLED HD TV,BLUETOOTH ENABLED,WIFI ENABLED,NETFLIX,YOUTUBE, ICAST FRAMELESS SCREEN-BLACK (1 YR WARRANTY)+FREE TV GUARD+BRACKET",13195,16500,20,FALSE,4,0,https://www.jumia.co.ke/vitron-htc3288qs-32-smart-android-qled-hd-tvbluetooth-enabledwifi-enablednetflixyoutube-icast-frameless-screen-black-1-yr-warrantyfree-tv-guardbracket-43989687.html,07/26/26 13:52,,,,,Good,Entry (5k-15k),0.46
televisions,"TCL 55T6D 55-Inch QLED 4K UHD Smart Google TV, HDR10+, Dolby Vision & Atmos, AiPQ Processor, MEMC","TCL 55T6D 55-Inch QLED 4K UHD Smart Google TV, HDR10+, Dolby Vision & Atmos, AiPQ Processor, MEMC",49460,59460,16.8,FALSE,4.7,0,https://www.jumia.co.ke/tcl-55t6d-55-inch-qled-4k-uhd-smart-google-tv-hdr10-dolby-vision-atmos-aipq-processor-memc-327907019.html,07/26/26 13:52,,,,,Excellent,Premium (30k-50k),0.52
televisions,"Vitron HTC3288QS 32"" QLED Smart Android TV with Inbuilt Wi-Fi Connectivity, Inbuilt decoder, Bluetooth, Netflix,YouTube, App Store, Screen Mirroring / Icast Screen + 4 Free Gifts(1YR WRTY)","Vitron HTC3288QS 32"" QLED Smart Android TV with Inbuilt Wi-Fi Connectivity, Inbuilt decoder, Bluetooth, Netflix,YouTube, App Store, Screen Mirroring / Icast Screen + 4 Free Gifts(1YR WRTY)",13495,18500,27.1,FALSE,3.9,0,https://www.jumia.co.ke/vitron-htc3288qs-32-qled-smart-android-tv-with-inbuilt-wi-fi-connectivity-inbuilt-decoder-bluetooth-netflixyoutube-app-store-screen-mirroring-icast-screen-4-free-gifts1yr-wrty-315304962.html,07/26/26 13:52,,,,,Good,Entry (5k-15k),0.471
televisions,"TCL 43V6C ,43 Inch Smart Google TV, 4K Ultra HD HDR, Frameless Design, Dolby Audio, HDMI, USB, Bluetooth, Netflix, YouTube (1YR WRTY)","TCL 43V6C ,43 Inch Smart Google TV, 4K Ultra HD HDR, Frameless Design, Dolby Audio, HDMI, USB, Bluetooth, Netflix, YouTube (1YR WRTY)",31999,56000,42.9,FALSE,4.1,0,https://www.jumia.co.ke/tcl-43v6c-43-inch-smart-google-tv-4k-ultra-hd-hdr-frameless-design-dolby-audio-hdmi-usb-bluetooth-netflix-youtube-1yr-wrty-325685464.html,07/26/26 13:52,,,,,Good,Premium (30k-50k),0.539
televisions,"TCL 43V6D 43-Inch 4K UHD HDR10 Smart Google TV, AiPQ Processor, MEMC, Dolby Audio, HDMI 2.1 – 1 Year Warranty","TCL 43V6D 43-Inch 4K UHD HDR10 Smart Google TV, AiPQ Processor, MEMC, Dolby Audio, HDMI 2.1 – 1 Year Warranty",30770,,0,FALSE,0,0,https://www.jumia.co.ke/tcl-43v6d-43-inch-4k-uhd-hdr10-smart-google-tv-aipq-processor-memc-dolby-audio-hdmi-2.1-1-year-warranty-327907695.html,07/26/26 13:52,,,,,No Rating,Premium (30k-50k),0
televisions,"TCL 50V6D 50-Inch 4K UHD HDR10 Smart Google TV, AiPQ Processor, MEMC, Dolby Audio, HDMI 2.1","TCL 50V6D 50-Inch 4K UHD HDR10 Smart Google TV, AiPQ Processor, MEMC, Dolby Audio, HDMI 2.1",38470,48470,20.6,FALSE,0,0,https://www.jumia.co.ke/tcl-50v6d-50-inch-4k-uhd-hdr10-smart-google-tv-aipq-processor-memc-dolby-audio-hdmi-2.1-327907593.html,07/26/26 13:52,,,,,No Rating,Premium (30k-50k),0.062
televisions,"Vitron 43"" Inch QLED Smart Android TV HTC4300QFS FHD, Wi-Fi, Bluetooth, Inbuilt Decoder, Streaming Apps+6 Free Accessories (1YR WRTY)","Vitron 43"" Inch QLED Smart Android TV HTC4300QFS FHD, Wi-Fi, Bluetooth, Inbuilt Decoder, Streaming Apps+6 Free Accessories (1YR WRTY)",21495,38000,43.4,FALSE,4,0,https://www.jumia.co.ke/vitron-43-inch-qled-smart-android-tv-htc4300qfs-fhd-wi-fi-bluetooth-inbuilt-decoder-streaming-apps6-free-accessories-1yr-wrty-327735244.html,07/26/26 13:52,,,,,Good,Mid-Range (15k-30k),0.53
televisions,"Vision Plus VP8850QV 50"" QLED 4K Smart TV – Netflix/YouTube/Prime Video, Inbuilt Decoder, Dolby Audio, Quantum Dot Display + Free Wall Mount (2YRS WRTY)","Vision Plus VP8850QV 50"" QLED 4K Smart TV – Netflix/YouTube/Prime Video, Inbuilt Decoder, Dolby Audio, Quantum Dot Display + Free Wall Mount (2YRS WRTY)",34070,38000,10.3,FALSE,3.8,0,https://www.jumia.co.ke/vision-plus-vp8850qv-50-qled-4k-smart-tv-netflixyoutubeprime-video-inbuilt-decoder-dolby-audio-quantum-dot-display-free-wall-mount-2yrs-wrty-325855457.html,07/26/26 13:52,,,,,Good,Premium (30k-50k),0.411
televisions,Cube 32 Inch Smart TV,Cube 32 Inch Smart TV,12000,19995,40,FALSE,5,0,https://www.jumia.co.ke/cube-32-inch-smart-tv-326005693.html,07/26/26 13:52,,,,,Excellent,Entry (5k-15k),0.62
televisions,AILYONS TV 4301S 43'' Smart TV 2K Frameless with Android/Bluetooth/Netflix/YouTube/Miracast- Black (1YR WRTY),AILYONS TV 4301S 43'' Smart TV 2K Frameless with Android/Bluetooth/Netflix/YouTube/Miracast- Black (1YR WRTY),18999,32999,42.4,FALSE,3.9,0,https://www.jumia.co.ke/ailyons-tv-4301s-43-smart-tv-2k-frameless-with-androidbluetoothnetflixyoutubemiracast-black-1yr-wrty-325429950.html,07/26/26 13:52,,,,,Good,Mid-Range (15k-30k),0.517
televisions,"TCL 50"" Inch QLED Google TV Smart Full HD Android TV, WiFi, Bluetooth, HDMI/USB, Netflix, YouTube, Dolby Audio+FREE TV GUARD+EXTENSION","TCL 50"" Inch QLED Google TV Smart Full HD Android TV, WiFi, Bluetooth, HDMI/USB, Netflix, YouTube, Dolby Audio+FREE TV GUARD+EXTENSION",35300,78000,54.7,FALSE,4.6,0,https://www.jumia.co.ke/tcl-50-inch-qled-google-tv-smart-full-hd-android-tv-wifi-bluetooth-hdmiusb-netflix-youtube-dolby-audiofree-tv-guardextension-325826583.html,07/26/26 13:52,,,,,Excellent,Premium (30k-50k),0.624
televisions,"Vitron HTC3288QS, 32"" SMART ANDROID QLED HD TV,BLUETOOTH ENABLED,WIFI ENABLED,NETFLIX,YOUTUBE, ICAST FRAMELESS SCREEN-BLACK (1 YR WARRANTY)+FREE EXTENSION CABLE+WALL BRACKET","Vitron HTC3288QS, 32"" SMART ANDROID QLED HD TV,BLUETOOTH ENABLED,WIFI ENABLED,NETFLIX,YOUTUBE, ICAST FRAMELESS SCREEN-BLACK (1 YR WARRANTY)+FREE EXTENSION CABLE+WALL BRACKET",13495,17500,22.9,FALSE,3.9,0,https://www.jumia.co.ke/3200s32-inch-smart-android-tvnetflixyoutube-appstorefree-extensionbracket-vitron-mpg1662667.html,07/26/26 13:52,,,,,Good,Entry (5k-15k),0.459
televisions,"Amtec AM 24-Inch Digital LED TV - HDMI, USB PORT - Black 1YR WRTY)","Amtec AM 24-Inch Digital LED TV - HDMI, USB PORT - Black 1YR WRTY)",6499,9000,27.8,FALSE,1,0,https://www.jumia.co.ke/amtec-am-24-inch-digital-led-tv-hdmi-usb-port-black-1yr-wrty-328059433.html,07/26/26 13:52,,,,,Poor,Entry (5k-15k),0.183
televisions,"Haier 32"" Android Full HD Frameless LED TV - Black (1YR WRTY)","Haier 32"" Android Full HD Frameless LED TV - Black  (1YR WRTY)",14795,23695,37.6,FALSE,0,0,https://www.jumia.co.ke/haier-32-android-full-hd-frameless-led-tv-black-1yr-wrty-156944063.html,07/26/26 13:52,,,,,No Rating,Entry (5k-15k),0.113
televisions,"XIAOMI 43"" Full HD Frameless A Series 2025 Google Dolby Audio TV (1YR WRTY)","XIAOMI 43"" Full HD Frameless A Series 2025 Google  Dolby Audio TV  (1YR WRTY)",25395,44995,43.6,FALSE,4.7,0,https://www.jumia.co.ke/xiaomi-43-full-hd-frameless-a-series-2025-google-dolby-audio-tv-1yr-wrty-326038859.html,07/26/26 13:52,,,,,Excellent,Mid-Range (15k-30k),0.601
televisions,Amtec AM 40 inch AC/DC FRAMELESS SMART LED TV,Amtec  AM 40 inch AC/DC FRAMELESS SMART LED TV,16699,18699,10.7,FALSE,3,0,https://www.jumia.co.ke/amtec-am-40-inch-acdc-frameless-smart-led-tv-328059439.html,07/26/26 13:52,,,,,Average,Mid-Range (15k-30k),0.332
televisions,"Vitron HTC4300QFS,43"" INCH QLED FULL HD TV, Frameless Digital Smart Android TV, ICAST SCREEN, Inbuilt Decoder, Bluetooth Enabled, Wi-Fi Enabled,Netflix,Youtube,Appstore + 4 FREE GIFTS (1YR WRTY)","Vitron HTC4300QFS,43"" INCH QLED FULL HD TV, Frameless Digital Smart Android TV, ICAST SCREEN, Inbuilt Decoder, Bluetooth Enabled, Wi-Fi Enabled,Netflix,Youtube,Appstore  + 4 FREE GIFTS (1YR WRTY)",21695,28000,22.5,FALSE,4,0,https://www.jumia.co.ke/vitron-htc4300qfs43-inch-qled-full-hd-tv-frameless-digital-smart-android-tv-icast-screen-inbuilt-decoder-bluetooth-enabled-wi-fi-enablednetflixyoutubeappstore-4-free-gifts-1yr-wrty-266793928.html,07/26/26 13:52,,,,,Good,Mid-Range (15k-30k),0.468
televisions,K-Elec 43″ 4K UHD Smart Google TV with Built-in Soundbar | Netflix · YouTube · Showmax | WiFi | 3-Year Warranty,K-Elec 43″ 4K UHD Smart Google TV with Built-in Soundbar | Netflix · YouTube · Showmax | WiFi | 3-Year Warranty,25099,53999,53.5,FALSE,4,0,https://www.jumia.co.ke/k-elec-43-4k-uhd-smart-google-tv-with-built-in-soundbar-netflix-youtube-showmax-wifi-3-year-warranty-326603116.html,07/26/26 13:52,,,,,Good,Mid-Range (15k-30k),0.56
televisions,"TCL 55"" Inch Smart TV, ULTRA HD 4K,BLUETOOTH-ENABLED,Google/Android TV Frameless – 2023 Model","TCL 55"" Inch Smart TV, ULTRA HD 4K,BLUETOOTH-ENABLED,Google/Android TV Frameless – 2023 Model",43999,100000,56,FALSE,4.7,0,https://www.jumia.co.ke/tcl-55-inch-smart-tv-ultra-hd-4kbluetooth-enabledgoogleandroid-tv-frameless-2023-model-244439278.html,07/26/26 13:52,,,,,Excellent,Premium (30k-50k),0.638
televisions,K-Elec 43″ Full HD Smart Google TV with Built-in Soundbar | Netflix · YouTube · Showmax | WiFi | 3-Year Warranty,K-Elec 43″ Full HD Smart Google TV with Built-in Soundbar | Netflix · YouTube · Showmax | WiFi | 3-Year Warranty,22199,35999,38.3,FALSE,3.4,0,https://www.jumia.co.ke/k-elec-43-full-hd-smart-google-tv-with-built-in-soundbar-netflix-youtube-showmax-wifi-3-year-warranty-326348969.html,07/26/26 13:52,,,,,Average,Mid-Range (15k-30k),0.455
televisions,K-Elec 55″ 4K UHD QLED Smart Google TV with Built-in Soundbar | Netflix · YouTube · Showmax | WiFi | 3-Year Warranty,K-Elec  55″ 4K UHD QLED Smart Google TV with Built-in Soundbar | Netflix · YouTube · Showmax | WiFi | 3-Year Warranty,41499,75999,45.4,FALSE,3.2,0,https://www.jumia.co.ke/k-elec-55-4k-uhd-qled-smart-google-tv-with-built-in-soundbar-netflix-youtube-showmax-wifi-3-year-warranty-326702102.html,07/26/26 13:52,,,,,Average,Premium (30k-50k),0.456
televisions,"Gld 32"" Smart Frameless HD LED Television - Black (1YR WRTY)","Gld 32"" Smart Frameless HD LED Television - Black  (1YR WRTY)",12995,21995,40.9,FALSE,3.9,0,https://www.jumia.co.ke/gld-32-smart-frameless-hd-led-television-black-1yr-wrty-188383371.html,07/26/26 13:52,,,,,Good,Entry (5k-15k),0.513
televisions,"Skyworth 50G6500H, 50"" UHD 4K Smart Google TV, Black (1YR WRTY)","Skyworth 50G6500H, 50"" UHD 4K Smart Google TV, Black (1YR WRTY)",39299,55999,29.8,FALSE,4.6,0,https://www.jumia.co.ke/skyworth-50g6500h-50-uhd-4k-smart-google-tv-black-1yr-wrty-325522009.html,07/26/26 13:52,,,,,Excellent,Premium (30k-50k),0.549
televisions,"Skyworth 50Q6500H, 50"" 4K QLED Smart Google TV, Black (1YR WRTY)","Skyworth 50Q6500H, 50"" 4K QLED Smart Google TV, Black (1YR WRTY)",40849,50499,19.1,FALSE,4.7,0,https://www.jumia.co.ke/skyworth-50q6500h-50-4k-qled-smart-google-tv-black-1yr-wrty-326016365.html,07/26/26 13:52,,,,,Excellent,Premium (30k-50k),0.527
televisions,"Vitron HTC4300QFS QLED TV 43"" inch TV, Smart Android Digital TV,Bluetooth Enabled,Wifi Enabled,Icast Screen Mirroring,Netflix, Youtube, App Store (1YR WRTY) - Black","Vitron HTC4300QFS QLED TV 43"" inch TV, Smart Android Digital TV,Bluetooth Enabled,Wifi Enabled,Icast Screen Mirroring,Netflix, Youtube, App Store (1YR WRTY) - Black",20695,27000,23.4,FALSE,4.2,0,https://www.jumia.co.ke/vitron-htc4300qfs-qled-tv-43-inch-tv-smart-android-digital-tvbluetooth-enabledwifi-enabledicast-screen-mirroringnetflix-youtube-app-store-1yr-wrty-black-269264396.html,07/26/26 13:53,,,,,Good,Mid-Range (15k-30k),0.49
televisions,"Vision Plus 55"" 4K TV with Vidaa OS + Free Wall Mount + 2 Year WRNTY","Vision Plus 55"" 4K TV with Vidaa OS + Free Wall Mount + 2 Year WRNTY",37000,59995,38.3,FALSE,5,0,https://www.jumia.co.ke/vision-plus-55-4k-tv-with-vidaa-os-free-wall-mount-2-year-wrnty-326005131.html,07/26/26 13:53,,,,,Excellent,Premium (30k-50k),0.615
televisions,"Vitron HTC3288QS 32 Inch QLED Smart Android TV Android 14, Frameless, Bluetooth & Wi-Fi Enabled, Digital TV Inbuilt Decoder, Netflix, YouTube, App Store +6 Free Accessories","Vitron HTC3288QS 32 Inch QLED Smart Android TV Android 14, Frameless, Bluetooth & Wi-Fi Enabled, Digital TV Inbuilt Decoder, Netflix, YouTube, App Store +6 Free Accessories",13785,24000,42.6,FALSE,4.4,0,https://www.jumia.co.ke/vitron-htc3288qs-32-inch-qled-smart-android-tv-android-14-frameless-bluetooth-wi-fi-enabled-digital-tv-inbuilt-decoder-netflix-youtube-app-store-6-free-accessories-326872958.html,07/26/26 13:53,,,,,Good,Entry (5k-15k),0.568
televisions,"Skyworth 55G6500H, 55"" 4K UHD Smart Google TV - Black (1YR WRTY)","Skyworth 55G6500H, 55"" 4K UHD Smart Google TV - Black (1YR WRTY)",43119,65999,34.7,FALSE,4.3,0,https://www.jumia.co.ke/skyworth-55g6500h-55-4k-uhd-smart-google-tv-black-1yr-wrty-326016208.html,07/26/26 13:53,,,,,Good,Premium (30k-50k),0.534
televisions,"Vision Plus VP8850KV - 50"" 4K TV with Vidaa OS + Free Wall Mount (2YRs WRTY)","Vision Plus VP8850KV - 50"" 4K TV with Vidaa OS + Free Wall Mount (2YRs WRTY)",31320,50100,37.5,FALSE,4.2,0,https://www.jumia.co.ke/vision-plus-vp8850kv-50-4k-tv-with-vidaa-os-free-wall-mount-2yrs-wrty-125899163.html,07/26/26 13:53,,,,,Good,Premium (30k-50k),0.532
televisions,"Lyons LST5004W 50 inch Dolby Vision 4K Frameless Android 14 Smart TV - WiFi, Netflix YouTube Miracast HDMI Bluetooth - Black","Lyons LST5004W 50 inch Dolby Vision 4K Frameless Android 14 Smart TV - WiFi, Netflix YouTube Miracast HDMI Bluetooth - Black",28399,46999,39.6,FALSE,4.4,0,https://www.jumia.co.ke/lyons-lst5004w-50-inch-dolby-vision-4k-frameless-android-14-smart-tv-wifi-netflix-youtube-miracast-hdmi-bluetooth-black-309560973.html,07/26/26 13:53,,,,,Good,Mid-Range (15k-30k),0.559
televisions,"Vitron HTC4300QFS, 43"" INCH SMART ANDROID QLED FULL HD TV,BLUETOOTH ENABLED,WIFI ENABLED,NETFLIX,YOUTUBE, ICAST FRAMELESS SCREEN VITRON43-BLACK (1 YR WARRANTY) + 4 EXTRA GIFTS","Vitron HTC4300QFS, 43"" INCH SMART ANDROID QLED FULL HD TV,BLUETOOTH ENABLED,WIFI ENABLED,NETFLIX,YOUTUBE, ICAST FRAMELESS SCREEN VITRON43-BLACK (1 YR WARRANTY) + 4 EXTRA GIFTS",21295,30000,29,FALSE,5,0,https://www.jumia.co.ke/vitron-htc4300qfs-43-inch-smart-android-qled-full-hd-tvbluetooth-enabledwifi-enablednetflixyoutube-icast-frameless-screen-vitron43-black-1-yr-warranty-4-extra-gifts-328298174.html,07/26/26 13:53,,,,,Excellent,Mid-Range (15k-30k),0.587
televisions,"Syinix 50 Inch Smart TV Android 11 – Full HD, Chromecast, Voice Remote, Dolby Sound - Black (2YRs WRTY)","Syinix 50 Inch Smart TV Android 11 – Full HD, Chromecast, Voice Remote, Dolby Sound - Black (2YRs WRTY)",29995,44995,33.3,FALSE,3.9,0,https://www.jumia.co.ke/syinix-50-inch-smart-tv-android-11-full-hd-chromecast-voice-remote-dolby-sound-black-2yrs-wrty-326662264.html,07/26/26 13:53,,,,,Good,Mid-Range (15k-30k),0.49
televisions,"Skyworth 65Q6500H, 65"" 4K QLED Smart Google TV, Black (1YR WRTY)","Skyworth 65Q6500H, 65"" 4K QLED Smart Google TV, Black (1YR WRTY)",71249,89999,20.8,FALSE,5,0,https://www.jumia.co.ke/skyworth-65q6500h-65-4k-qled-smart-google-tv-black-1yr-wrty-326948484.html,07/26/26 13:53,,,,,Excellent,Luxury (>50k),0.562
televisions,Amtec AM 55 inch VIDAA FRAMELESS SMART 4K TV,Amtec  AM 55 inch VIDAA FRAMELESS SMART 4K TV,34990,37499,6.7,FALSE,0,0,https://www.jumia.co.ke/amtec-am-55-inch-vidaa-frameless-smart-4k-tv-328059416.html,07/26/26 13:53,,,,,No Rating,Premium (30k-50k),0.02
televisions,K-Elec K-Elec 55″ 4K UHD Smart Google TV with Built-in Soundbar | Netflix · YouTube · Showmax | WiFi | 3-Year Warranty,K-Elec K-Elec 55″ 4K UHD Smart Google TV with Built-in Soundbar | Netflix · YouTube · Showmax | WiFi | 3-Year Warranty,39499,65999,40.2,FALSE,3,0,https://www.jumia.co.ke/k-elec-k-elec-55-4k-uhd-smart-google-tv-with-built-in-soundbar-netflix-youtube-showmax-wifi-3-year-warranty-326348966.html,07/26/26 13:53,,,,,Average,Premium (30k-50k),0.421
televisions,Globalstar 65UK64 65INCH QLED TV Frameless Smart TV Netflix Bluetooth Youtube DVB-T2/S2 Android 11 1G+8G,Globalstar 65UK64 65INCH QLED TV Frameless Smart TV Netflix Bluetooth Youtube DVB-T2/S2 Android 11  1G+8G,48500,80084,39.4,FALSE,5,0,https://www.jumia.co.ke/globalstar-65uk64-65inch-qled-tv-frameless-smart-tv-netflix-bluetooth-youtube-dvb-t2s2-android-11-1g8g-314919691.html,07/26/26 13:53,,,,,Excellent,Premium (30k-50k),0.618
televisions,"Vision Plus VP8865KV - 65"" 4K TV with Vidaa OS + Free Wall Mount (2YRs WRTY)","Vision Plus VP8865KV - 65"" 4K TV with Vidaa OS + Free Wall Mount (2YRs WRTY)",59350,90183,34.2,FALSE,4.3,0,https://www.jumia.co.ke/vision-plus-vp8865kv-65-4k-tv-with-vidaa-os-free-wall-mount-2yrs-wrty-125899156.html,07/26/26 13:53,,,,,Good,Luxury (>50k),0.533
televisions,"Vitron 4300QFS,43"" Inch QLED FRAMELESS Smart Android & DIGITAL TV, Netflix ,YOUTUBE,INBUILT DECODER, WIFI CONNECTIVITY, Bluetooth Enabled Television-BLACK (1 Year Warranty)+FREE WALL MOUNTING BRACKET","Vitron 4300QFS,43"" Inch QLED FRAMELESS Smart Android & DIGITAL TV, Netflix ,YOUTUBE,INBUILT DECODER, WIFI CONNECTIVITY, Bluetooth Enabled Television-BLACK (1 Year Warranty)+FREE WALL MOUNTING BRACKET",20795,28000,25.7,FALSE,4.2,0,https://www.jumia.co.ke/vitron-4300qfs43-inch-qled-frameless-smart-android-digital-tv-netflix-youtubeinbuilt-decoder-wifi-connectivity-bluetooth-enabled-television-black-1-year-warrantyfree-wall-mounting-bracket-35019813.html,07/26/26 13:53,,,,,Good,Mid-Range (15k-30k),0.497
televisions,Cube 43 Inch Smart TV,Cube 43 Inch Smart TV,20000,22995,13,FALSE,0,0,https://www.jumia.co.ke/cube-43-inch-smart-tv-326005248.html,07/26/26 13:53,,,,,No Rating,Mid-Range (15k-30k),0.039
televisions,TCL 65 Inch V6D 4K HDR Google TV Dolby Audio AiPQ Processor Bezel Less Smart TV 2026 Model,TCL 65 Inch V6D 4K HDR Google TV Dolby Audio AiPQ Processor Bezel Less Smart TV 2026 Model,65940,75940,13.2,FALSE,0,0,https://www.jumia.co.ke/tcl-65-inch-v6d-4k-hdr-google-tv-dolby-audio-aipq-processor-bezel-less-smart-tv-2026-model-327922376.html,07/26/26 13:53,,,,,No Rating,Luxury (>50k),0.04
televisions,"TCL 55T6D 55 Inch QLED 4K Smart Google TV (2026 Model),Quantum Crystal Display, HDR10+, Dolby Vision & Dolby Atmos, DTS Virtual X, MEMC, Voice Control, Game Master Gaming Mode, Ultra Slim Design+FREE GIFTS","TCL 55T6D 55 Inch QLED 4K Smart Google TV (2026 Model),Quantum Crystal Display, HDR10+, Dolby Vision & Dolby Atmos, DTS Virtual X, MEMC, Voice Control, Game Master Gaming Mode, Ultra Slim Design+FREE GIFTS",53890,100000,46.1,FALSE,0,0,https://www.jumia.co.ke/tcl-55t6d-55-inch-qled-4k-smart-google-tv-2026-modelquantum-crystal-display-hdr10-dolby-vision-dolby-atmos-dts-virtual-x-memc-voice-control-game-master-gaming-mode-ultra-slim-designfree-gifts-327390457.html,07/26/26 13:53,,,,,No Rating,Luxury (>50k),0.138
televisions,"Vision Plus 65"" 4K TV with Vidaa OS + Free Wall Mount + 2 Year WRTY","Vision Plus 65"" 4K TV with Vidaa OS + Free Wall Mount + 2 Year WRTY",58600,99995,41.4,FALSE,0,0,https://www.jumia.co.ke/vision-plus-65-4k-tv-with-vidaa-os-free-wall-mount-2-year-wrty-326006501.html,07/26/26 13:53,,,,,No Rating,Luxury (>50k),0.124
televisions,"Amtec 50Q6 - 50"" Android Smart TV, Inbuilt Decoder + WI-FI Netflix/YouTube/Bluetooth - Black (1YR WRTY)","Amtec 50Q6 - 50"" Android Smart TV, Inbuilt Decoder + WI-FI Netflix/YouTube/Bluetooth - Black (1YR WRTY)",30300,38242,20.8,FALSE,3.8,0,https://www.jumia.co.ke/amtec-50q6-50-android-smart-tv-inbuilt-decoder-wi-fi-netflixyoutubebluetooth-black-1yr-wrty-64904031.html,07/26/26 13:53,,,,,Good,Premium (30k-50k),0.442
televisions,AILYONS LST5001W 50'' INCH 4K FHD Frameless Android Smart TV - WiFi Netflix YouTube Miracast HDMI Bluetooth - Black (1YR WRTY),AILYONS LST5001W 50'' INCH 4K FHD Frameless Android Smart TV - WiFi Netflix YouTube Miracast HDMI Bluetooth - Black (1YR WRTY),30999,47599,34.9,FALSE,0,0,https://www.jumia.co.ke/ailyons-lst5001w-50-inch-4k-fhd-frameless-android-smart-tv-wifi-netflix-youtube-miracast-hdmi-bluetooth-black-1yr-wrty-305561495.html,07/26/26 13:53,,,,,No Rating,Premium (30k-50k),0.105
televisions,K-Elec 50″ UHD Smart Google TV with Built-in Soundbar | Netflix · YouTube · Showmax | WiFi | 3-Year Warranty,K-Elec 50″ UHD Smart Google TV with Built-in Soundbar | Netflix · YouTube · Showmax | WiFi | 3-Year Warranty,33999,58000,41.4,FALSE,5,0,https://www.jumia.co.ke/k-elec-50-uhd-smart-google-tv-with-built-in-soundbar-netflix-youtube-showmax-wifi-3-year-warranty-326348964.html,07/26/26 13:53,,,,,Excellent,Premium (30k-50k),0.624
televisions,"Globalstar GS-50UK64 , 50INCH Smart Android TV, Netflix, Youtube - Black","Globalstar GS-50UK64 , 50INCH Smart Android TV, Netflix, Youtube - Black",27999,37385,25.1,FALSE,0,0,https://www.jumia.co.ke/globalstar-gs-50uk64-50inch-smart-android-tv-netflix-youtube-black-328254643.html,07/26/26 13:53,,,,,No Rating,Mid-Range (15k-30k),0.075
televisions,"XIAOMI TV A 55 2026 - 55"" 4K UHD Smart TV, Dolby Audio, Google TV","XIAOMI  TV A 55 2026 - 55"" 4K UHD Smart TV, Dolby Audio, Google TV",52199,57419,9.1,FALSE,0,0,https://www.jumia.co.ke/xiaomi-tv-a-55-2026-55-4k-uhd-smart-tv-dolby-audio-google-tv-326558646.html,07/26/26 13:53,,,,,No Rating,Luxury (>50k),0.027
televisions,"Roch RH-LE43DSA-C- 43"" - Smart TV + Android - Black (2YR WRTY)","Roch RH-LE43DSA-C- 43"" - Smart TV + Android - Black (2YR WRTY)",19499,22500,13.3,FALSE,0,0,https://www.jumia.co.ke/roch-rh-le43dsa-c-43-smart-tv-android-black-2yr-wrty-325385640.html,07/26/26 13:53,,,,,No Rating,Mid-Range (15k-30k),0.04
televisions,"Amtec 43"" FHD Smart Android Frameless TV, + Free Wall Mount Bracket, Youtube, Bluetooth - Black (1YR WRTY)","Amtec 43"" FHD Smart Android Frameless TV, + Free Wall Mount Bracket, Youtube, Bluetooth - Black (1YR WRTY)",19499,23000,15.2,FALSE,0,0,https://www.jumia.co.ke/amtec-43-fhd-smart-android-frameless-tv-free-wall-mount-bracket-youtube-bluetooth-black-1yr-wrty-326969564.html,07/26/26 13:53,,,,,No Rating,Mid-Range (15k-30k),0.046
televisions,AILYONS LST6501W 65'' INCH 4K FHD Frameless Android Smart TV - WiFi Netflix YouTube Miracast HDMI Bluetooth - Black (1YR WRTY),AILYONS LST6501W 65'' INCH 4K FHD Frameless Android Smart TV - WiFi Netflix YouTube Miracast HDMI Bluetooth - Black (1YR WRTY),59999,96599,37.9,FALSE,5,0,https://www.jumia.co.ke/ailyons-lst6501w-65-inch-4k-fhd-frameless-android-smart-tv-wifi-netflix-youtube-miracast-hdmi-bluetooth-black-1yr-wrty-306316706.html,07/26/26 13:53,,,,,Excellent,Luxury (>50k),0.614
televisions,"Gld GLD 50"" Smart Frameless Ultra HD LED TV - Black, 1GB RAM, Bluetooth","Gld GLD 50"" Smart Frameless Ultra HD LED TV - Black, 1GB RAM, Bluetooth",29495,59995,50.8,FALSE,3,0,https://www.jumia.co.ke/gld-gld-50-smart-frameless-ultra-hd-led-tv-black-1gb-ram-bluetooth-188383403.html,07/26/26 13:53,1,1,,,Average,Mid-Range (15k-30k),0.452
televisions,K-Elec 75″ 4K UHD QLED Smart Google TV with Built-in Dolby Atmos speakers | Netflix · YouTube · Showmax | WiFi | 3-Year Warranty,K-Elec  75″ 4K UHD QLED Smart Google TV with Built-in Dolby Atmos speakers | Netflix · YouTube · Showmax | WiFi | 3-Year Warranty,96499,199000,51.5,FALSE,5,0,https://www.jumia.co.ke/k-elec-75-4k-uhd-qled-smart-google-tv-with-built-in-dolby-atmos-speakers-netflix-youtube-showmax-wifi-3-year-warranty-326348961.html,07/26/26 13:53,,,,,Excellent,Luxury (>50k),0.654
televisions,"Vision Plus 50"" 4K TV with Vidaa OS + Free Wall Mount + 2 Year WRNTY","Vision Plus 50"" 4K TV with Vidaa OS + Free Wall Mount + 2 Year WRNTY",32340,53995,40.1,FALSE,0,0,https://www.jumia.co.ke/vision-plus-50-4k-tv-with-vidaa-os-free-wall-mount-2-year-wrnty-326005400.html,07/26/26 13:53,,,,,No Rating,Premium (30k-50k),0.12
televisions,"Roch 55"" SMART LED TV (WITH BRACKET) (GOOGLE TV ) -Black (2YR WRTY)","Roch 55"" SMART LED TV (WITH BRACKET) (GOOGLE TV ) -Black (2YR WRTY)",35299,40600,13.1,FALSE,5,0,https://www.jumia.co.ke/roch-55-smart-led-tv-with-bracket-google-tv-black-2yr-wrty-326138957.html,07/26/26 13:53,,,,,Excellent,Premium (30k-50k),0.539
televisions,TCL 65V6C 65 Inch Smart 4K HDR Google TV (1YR WRTY),TCL 65V6C 65 Inch Smart 4K HDR Google TV  (1YR WRTY),63543,65286,2.7,FALSE,5,0,https://www.jumia.co.ke/tcl-65v6c-65-inch-smart-4k-hdr-google-tv-1yr-wrty-316279696.html,07/26/26 13:53,,,,,Excellent,Luxury (>50k),0.508
televisions,"Royal 55"" Smart WebOS MagicRemote Frameless Ultra HD, 4K LED Television - Black (1YR WRTY)","Royal 55"" Smart WebOS MagicRemote Frameless Ultra HD, 4K LED Television - Black (1YR WRTY)",39495,85995,54.1,FALSE,3,0,https://www.jumia.co.ke/royal-55-smart-webos-magicremote-frameless-ultra-hd-4k-led-television-black-1yr-wrty-188542698.html,07/26/26 13:53,,,,,Average,Premium (30k-50k),0.462
televisions,K-Elec 65″ 4K UHD QLED Smart Google TV with Built-in Soundbar | Netflix · YouTube · Showmax | WiFi | 3-Year Warranty,K-Elec  65″ 4K UHD QLED Smart Google TV with Built-in Soundbar | Netflix · YouTube · Showmax | WiFi | 3-Year Warranty,64499,120000,46.3,FALSE,0,0,https://www.jumia.co.ke/k-elec-65-4k-uhd-qled-smart-google-tv-with-built-in-soundbar-netflix-youtube-showmax-wifi-3-year-warranty-326602570.html,07/26/26 13:53,,,,,No Rating,Luxury (>50k),0.139
televisions,"XIAOMI 55"" A Pro Series QLED 4K UHD Smart Google TV (1YR WRTY)","XIAOMI 55"" A Pro Series QLED 4K UHD Smart Google TV  (1YR WRTY)",54995,94995,42.1,FALSE,0,0,https://www.jumia.co.ke/xiaomi-55-a-pro-series-qled-4k-uhd-smart-google-tv-1yr-wrty-326039852.html,07/26/26 13:53,,,,,No Rating,Luxury (>50k),0.126
televisions,XIAOMI TV A PRO 55 2026,XIAOMI TV A PRO 55 2026,55299,60829,9.1,FALSE,0,0,https://www.jumia.co.ke/xiaomi-tv-a-pro-55-2026-326557614.html,07/26/26 13:53,,,,,No Rating,Luxury (>50k),0.027
televisions,"Amtec 55"" Frameless 4K UHD Smart Android TV, 1.5GB RAM + 8GB ROM - Black (1YR WRTY)","Amtec 55"" Frameless 4K UHD Smart Android TV, 1.5GB RAM + 8GB ROM - Black (1YR WRTY)",31199,60000,48,FALSE,0,0,https://www.jumia.co.ke/amtec-55-frameless-4k-uhd-smart-android-tv-1.5gb-ram-8gb-rom-black-1yr-wrty-328762948.html,07/26/26 13:53,8,5,,,No Rating,Premium (30k-50k),0.144
televisions,Redmi note 14 pro plus Case-Blue,Redmi note 14 pro plus Case-Blue,6999,8500,17.7,FALSE,0,0,https://www.jumia.co.ke/generic-redmi-note-14-pro-plus-case-blue-327224565.html,07/26/26 13:53,,,,,No Rating,Entry (5k-15k),0.053
televisions,"XIAOMI 55"" A Series 2026 4K UHD Smart Google TV (1YR WRTY)","XIAOMI 55"" A Series 2026 4K UHD Smart Google TV  (1YR WRTY)",52995,85995,38.4,FALSE,0,0,https://www.jumia.co.ke/xiaomi-55-a-series-2026-4k-uhd-smart-google-tv-1yr-wrty-326038944.html,07/26/26 13:53,,,,,No Rating,Luxury (>50k),0.115
televisions,"Royal 65"" Smart WebOS MagicRemote Frameless Ultra HD, 4K LED Television - Black (1YR WRTY)","Royal 65"" Smart WebOS MagicRemote Frameless Ultra HD, 4K LED Television - Black (1YR WRTY)",59995,98695,39.2,FALSE,0,0,https://www.jumia.co.ke/royal-65-smart-webos-magicremote-frameless-ultra-hd-4k-led-television-black-1yr-wrty-188542738.html,07/26/26 13:53,,,,,No Rating,Luxury (>50k),0.118
televisions,Syinix 43 Google tv,Syinix 43 Google tv,38500,39995,3.7,FALSE,0,0,https://www.jumia.co.ke/syinix-43-google-tv-327067629.html,07/26/26 13:53,,,,,No Rating,Premium (30k-50k),0.011
televisions,"TCL 43S5400 S Series, 43"" Full HD Smart TV - Black","TCL 43S5400 S Series, 43"" Full HD Smart TV - Black",32000,36000,11.1,FALSE,0,0,https://www.jumia.co.ke/tcl-43s5400-s-series-43-full-hd-smart-tv-black-327263926.html,07/26/26 13:53,,,,,No Rating,Premium (30k-50k),0.033
televisions,"Vision Plus 18W High Power 3 In 1 Cable, 1M ? Black.","Vision Plus 18W High Power 3 In 1 Cable, 1M ? Black.",470,500,6,FALSE,0,0,https://www.jumia.co.ke/vision-plus-18w-high-power-3-in-1-cable-1m-black.-327545951.html,07/26/26 13:53,,,,,No Rating,Budget (<5k),0.018
televisions,Power Cable For Laptop Adapter Charger,Power Cable For Laptop Adapter Charger,960,1000,4,FALSE,0,0,https://www.jumia.co.ke/generic-power-cable-for-laptop-adapter-charger-327152456.html,07/26/26 13:53,,,,,No Rating,Budget (<5k),0.012
televisions,"XIAOMI 75"" A Pro Series QLED 4K UHD Smart Google TV (1YR WRTY)","XIAOMI 75"" A Pro Series QLED 4K UHD Smart Google TV  (1YR WRTY)",145995,194495,24.9,FALSE,0,0,https://www.jumia.co.ke/xiaomi-75-a-pro-series-qled-4k-uhd-smart-google-tv-1yr-wrty-326039762.html,07/26/26 13:53,,,,,No Rating,Luxury (>50k),0.075
televisions,"Gld 75"" Smart Vidaa OS Frameless Ultra HD LED Television - Black (1YR WRTY)","Gld 75"" Smart Vidaa OS Frameless Ultra HD LED Television - Black  (1YR WRTY)",89995,179995,50,FALSE,0,0,https://www.jumia.co.ke/gld-75-smart-vidaa-os-frameless-ultra-hd-led-television-black-1yr-wrty-190287671.html,07/26/26 13:53,,,,,No Rating,Luxury (>50k),0.15
televisions,"Gld Gld 65"" Frameless Ultra HD LED Smart TV - Black, PVC, 1GB RAM, Vidaa OS","Gld Gld 65"" Frameless Ultra HD LED Smart TV - Black, PVC, 1GB RAM, Vidaa OS",59995,129995,53.8,FALSE,0,0,https://www.jumia.co.ke/gld-gld-65-frameless-ultra-hd-led-smart-tv-black-pvc-1gb-ram-vidaa-os-190287248.html,07/26/26 13:53,1,1,,,No Rating,Luxury (>50k),0.161
televisions,Vitron 65 Inch Smart TV 4K UHD TV HTC6588USWO WebOS LED TV Bluetooth Frameless Television 2G+8G,Vitron 65 Inch Smart TV 4K UHD TV HTC6588USWO WebOS LED TV Bluetooth Frameless Television 2G+8G,54800,65000,15.7,FALSE,0,0,https://www.jumia.co.ke/vitron-65-inch-smart-tv-4k-uhd-tv-htc6588uswo-webos-led-tv-bluetooth-frameless-television-2g8g-328770859.html,07/26/26 13:53,,,,,No Rating,Luxury (>50k),0.047
televisions,Adjustable Car Phone Holder-Black,Adjustable Car Phone Holder-Black,250,,0,FALSE,0,0,https://www.jumia.co.ke/generic-adjustable-car-phone-holder-black-327465341.html,07/26/26 13:53,,,,,No Rating,Budget (<5k),0
televisions,"XIAOMI TV A 50"" 2026 - 4K UHD, Google TV, Dolby Audio, 50"" Screen","XIAOMI  TV A 50"" 2026 - 4K UHD, Google TV, Dolby Audio, 50"" Screen",44399,48839,9.1,FALSE,0,0,https://www.jumia.co.ke/tv-a-50-2026-4k-uhd-google-tv-dolby-audio-50-screen-xiaomi-mpg10496042.html,07/26/26 13:53,,,,,No Rating,Premium (30k-50k),0.027
televisions,"XIAOMI 65"" A Pro Series QLED 4K UHD Smart Google TV (1YR WRTY)","XIAOMI 65"" A Pro Series QLED 4K UHD Smart Google TV  (1YR WRTY)",92995,148995,37.6,FALSE,0,0,https://www.jumia.co.ke/xiaomi-65-a-pro-series-qled-4k-uhd-smart-google-tv-1yr-wrty-326039802.html,07/26/26 13:53,,,,,No Rating,Luxury (>50k),0.113
televisions,Vision Plus 75Inch 4K UHD V+ OS SMART TV BLACK + 3 Months Showmax Subscription,Vision Plus 75Inch 4K UHD V+ OS SMART TV BLACK +  3 Months Showmax Subscription,195500,203654,4,FALSE,0,0,https://www.jumia.co.ke/vision-plus-75inch-4k-uhd-v-os-smart-tv-black-3-months-showmax-subscription-160663417.html,07/26/26 13:53,,,,,No Rating,Luxury (>50k),0.012
televisions,Globalstar 85QD85 85Inch SMART GOOGLE QLED TV,Globalstar 85QD85  85Inch SMART GOOGLE QLED TV,149998,168258,10.9,FALSE,0,0,https://www.jumia.co.ke/globalstar-85qd85-85inch-smart-google-qled-tv-328578531.html,07/26/26 13:53,,,,,No Rating,Luxury (>50k),0.033
televisions,"Amtec 4K UHD Google TV – Frameless Smart LED TV, Dolby Audio, Wi-Fi, Bluetooth","Amtec 4K UHD Google TV – Frameless Smart LED TV, Dolby Audio, Wi-Fi, Bluetooth",52750,65000,18.8,FALSE,0,0,https://www.jumia.co.ke/amtec-4k-uhd-google-tv-frameless-smart-led-tv-dolby-audio-wi-fi-bluetooth-328771498.html,07/26/26 13:53,,,,,No Rating,Luxury (>50k),0.056
televisions,Pro3 Bluetooth Headsets Wireless Pods Pro Earpods Earphones-BLACK,Pro3 Bluetooth Headsets Wireless Pods Pro Earpods Earphones-BLACK,2250,2750,18.2,FALSE,0,0,https://www.jumia.co.ke/generic-pro3-bluetooth-headsets-wireless-pods-pro-earpods-earphones-black-326769452.html,07/26/26 13:53,,,,,No Rating,Budget (<5k),0.055
televisions,CCTV Power Supply Unit 12V 5 Amps ? Silver,CCTV Power Supply Unit 12V 5 Amps ? Silver,899,1099,18.2,FALSE,0,0,https://www.jumia.co.ke/generic-cctv-power-supply-unit-12v-5-amps-silver-326769449.html,07/26/26 13:53,,,,,No Rating,Budget (<5k),0.055
televisions,2.5K Night Vision Monocular Viewer.,2.5K Night Vision Monocular Viewer.,2546,,0,FALSE,0,0,https://www.jumia.co.ke/generic-2.5k-night-vision-monocular-viewer.-327465343.html,07/26/26 13:53,,,,,No Rating,Budget (<5k),0
televisions,"MCTV 2410 - 24"" HD LED Digital TV - Black","MCTV 2410 - 24"" HD LED Digital TV - Black",31000,,0,FALSE,0,0,https://www.jumia.co.ke/mctv2410-24-hd-led-digital-tv-black-mctv-mpg13401.html,07/26/26 13:53,,,,,No Rating,Premium (30k-50k),0
televisions,Wireless rechargeable mouse-Black,Wireless rechargeable mouse-Black,1080,1320,18.2,FALSE,0,0,https://www.jumia.co.ke/generic-wireless-rechargeable-mouse-black-326769448.html,07/26/26 13:53,,,,,No Rating,Budget (<5k),0.055
televisions,"Vitron 43"" Smart Android FHD TV, With Bluetooth//Frameless ,Inbuilt Decoder+FREE GIFTS(1YR WRTY)","Vitron 43"" Smart Android FHD TV, With Bluetooth//Frameless ,Inbuilt Decoder+FREE GIFTS(1YR WRTY)",21499,38000,43.4,FALSE,0,0,https://www.jumia.co.ke/vitron-43-smart-android-fhd-tv-with-bluetoothframeless-inbuilt-decoderfree-gifts1yr-wrty-325141446.html,07/26/26 13:53,,,,,No Rating,Mid-Range (15k-30k),0.13
televisions,Lightning To 3.5mm Jack Adapter Connector.,Lightning To 3.5mm Jack Adapter Connector.,999,,0,FALSE,0,0,https://www.jumia.co.ke/generic-lightning-to-3.5mm-jack-adapter-connector.-327654153.html,07/26/26 13:53,,,,,No Rating,Budget (<5k),0
televisions,Globalstar 75QD75 75Inch SMART GOOGLE QLED TV,Globalstar 75QD75  75Inch SMART GOOGLE QLED TV,129999,141759,8.3,FALSE,0,0,https://www.jumia.co.ke/globalstar-75qd75-75inch-smart-google-qled-tv-328578527.html,07/26/26 13:53,,,,,No Rating,Luxury (>50k),0.025
televisions,T500 Plus Pro Smartwatch-Black,T500 Plus Pro Smartwatch-Black,2250,2750,18.2,FALSE,0,0,https://www.jumia.co.ke/generic-t500-plus-pro-smartwatch-black-326769451.html,07/26/26 13:53,,,,,No Rating,Budget (<5k),0.055
televisions,"Hisense 43'' Inch Smart FHD Frameless,SMART & DIGITAL LED TELEVISION+BRACKET+GUARD","Hisense  43'' Inch Smart FHD Frameless,SMART & DIGITAL LED TELEVISION+BRACKET+GUARD",25099,60000,58.2,FALSE,4.2,0,https://www.jumia.co.ke/hisense-43-inch-smart-fhd-framelesssmart-digital-led-televisionbracketguard-169353022.html,07/26/26 13:53,,,,,Good,Mid-Range (15k-30k),0.595
televisions,"Solarmax 24"" AC/DC INCHES LED DIGITAL FLAT SCREEN TV-INBUILD DECODER-USB/HDMI","Solarmax 24"" AC/DC INCHES LED DIGITAL FLAT SCREEN TV-INBUILD DECODER-USB/HDMI",5947,9000,33.9,FALSE,4.1,0,https://www.jumia.co.ke/solarmax-24-acdc-inches-led-digital-flat-screen-tv-inbuild-decoder-usbhdmi-296891197.html,07/26/26 13:53,,,,,Good,Entry (5k-15k),0.512
televisions,"Euroken HS-22LS19T2 19"" Inch Digital LED TV - HD Clear Color, Inbuilt Decoder, HDMI & USB","Euroken  HS-22LS19T2 19"" Inch Digital LED TV - HD Clear Color, Inbuilt Decoder, HDMI & USB",3999,5400,25.9,FALSE,4.2,0,https://www.jumia.co.ke/euroken-hs-22ls19t2-19-inch-digital-led-tv-hd-clear-color-inbuilt-decoder-hdmi-usb-326141321.html,07/26/26 13:53,,,,,Good,Budget (<5k),0.498
televisions,Vitron 32 Inch HD LED Digital TELEVISION-Inbuilt Decoder+FREE GIFTS,Vitron 32 Inch HD LED Digital TELEVISION-Inbuilt Decoder+FREE GIFTS,10999,25000,56,FALSE,3.7,0,https://www.jumia.co.ke/hd-32-inch-led-digital-television-with-inbuilt-decoderfree-gifts-vitron-mpg1291252.html,07/26/26 13:53,,,,,Good,Entry (5k-15k),0.538
televisions,"Vitron HTC4300QFS 43 Inch QLED Smart Android 14.0 TV , FHD, Bluetooth, Wi-Fi, Inbuilt Decoder, Netflix, YouTube, ICAST Screen Mirroring+7 FREE GIFTS (1YR WRTY)","Vitron HTC4300QFS 43 Inch QLED Smart Android  14.0 TV , FHD, Bluetooth, Wi-Fi, Inbuilt Decoder, Netflix, YouTube, ICAST Screen Mirroring+7 FREE GIFTS (1YR WRTY)",21599,40000,46,FALSE,3.7,0,https://www.jumia.co.ke/vitron-htc4300qfs-43-inch-qled-smart-android-14.0-tv-fhd-bluetooth-wi-fi-inbuilt-decoder-netflix-youtube-icast-screen-mirroring7-free-gifts-1yr-wrty-327540090.html,07/26/26 13:53,,,,,Good,Mid-Range (15k-30k),0.508
televisions,"Vitron 50"" Inch TV HTC5008FS Frameless FULL HD Smart Android TV & Digital Television, ICAST SCREEN MIRRORING, Netflix, YouTube, BLUETOOTH Enabled, Wi-Fi Connectivity, Inbuilt Decoder 1.5GBRAM,8GB ROM (1 Year Warranty) + FREE TV GUARD+ TILT/SWIVEL WALL BRACKET","Vitron 50"" Inch TV HTC5008FS Frameless FULL HD Smart  Android TV & Digital Television, ICAST SCREEN MIRRORING, Netflix, YouTube, BLUETOOTH Enabled, Wi-Fi Connectivity, Inbuilt Decoder 1.5GBRAM,8GB ROM (1 Year Warranty) + FREE TV GUARD+ TILT/SWIVEL WALL BRACKET",29995,40000,25,FALSE,4.2,0,https://www.jumia.co.ke/vitron-50-inch-tv-htc5008fs-frameless-full-hd-smart-android-tv-digital-television-icast-screen-mirroring-netflix-youtube-bluetooth-enabled-wi-fi-connectivity-inbuilt-decoder-1.5gbram8gb-rom-1-year-warranty-free-tv-guard-tiltswivel-wall-bracket-326720587.html,07/26/26 13:53,8,5,,,Good,Mid-Range (15k-30k),0.495
televisions,Vitron SMART & DIGITAL 43''Inch TV Android 11//Bluetooth//Netflix-Youtube+FREE Power TV Guard+32gbFlash Disk,Vitron SMART & DIGITAL  43''Inch TV Android 11//Bluetooth//Netflix-Youtube+FREE Power TV Guard+32gbFlash Disk,21889,40000,45.3,FALSE,4,0,https://www.jumia.co.ke/vitron-smart-digital-43inch-tv-android-11bluetoothnetflix-youtubefree-power-tv-guard32gbflash-disk-193698972.html,07/26/26 13:53,,,,,Good,Mid-Range (15k-30k),0.536
televisions,Hisense 50-Inch 50A6 Smart Frameless 4K UHD LED TV with Vidaa TV (2YRs WRTY),Hisense 50-Inch 50A6 Smart Frameless 4K UHD LED TV with Vidaa TV (2YRs WRTY),34199,58000,41,FALSE,4.7,0,https://www.jumia.co.ke/hisense-50-inch-50a6-smart-frameless-4k-uhd-led-tv-with-vidaa-tv-2yrs-wrty-178920676.html,07/26/26 13:53,,,,,Excellent,Premium (30k-50k),0.593
televisions,"Hisense 32A4, 32"" Inch Television Frameless Smart TV A4 Series, Inbuilt WIFI ,VIDAA SMART OS INBUILT DECODER FOR LOCAL CHANNELS,NETFLIX, YOUTUBE, PRIME VIDEO,NATURAL COLOR ENHANCER,CLEAN VIEW+FREE TV GUARD+ WALL MOUNTING BRACKET","Hisense 32A4, 32"" Inch Television Frameless Smart TV A4 Series, Inbuilt WIFI ,VIDAA SMART OS INBUILT DECODER FOR LOCAL CHANNELS,NETFLIX, YOUTUBE, PRIME VIDEO,NATURAL COLOR ENHANCER,CLEAN VIEW+FREE TV  GUARD+ WALL MOUNTING BRACKET",16995,25000,32,FALSE,4.3,0,https://www.jumia.co.ke/hisense-32a4-32-inch-television-frameless-smart-tv-a4-series-inbuilt-wifi-vidaa-smart-os-inbuilt-decoder-for-local-channelsnetflix-youtube-prime-videonatural-color-enhancerclean-viewfree-tv-guard-wall-mounting-bracket-277667563.html,07/26/26 13:53,,,,,Good,Mid-Range (15k-30k),0.526
televisions,"Hisense 32A4, 32"" Inch Television Frameless Smart TV A4 Series, Inbuilt WIFI ,VIDAA SMART OS INBUILT DECODER FOR LOCAL CHANNELS,NETFLIX, YOUTUBE, PRIME VIDEO,NATURAL COLOR ENHANCER,CLEAN VIEW+FREE WALL MOUNTING BRACKET+POWER EXTENSION CABLE","Hisense 32A4, 32"" Inch Television Frameless Smart TV A4 Series, Inbuilt WIFI ,VIDAA SMART OS INBUILT DECODER FOR LOCAL CHANNELS,NETFLIX, YOUTUBE, PRIME VIDEO,NATURAL COLOR ENHANCER,CLEAN VIEW+FREE WALL MOUNTING BRACKET+POWER EXTENSION CABLE",16995,25000,32,FALSE,4,0,https://www.jumia.co.ke/hisense-32a4-32-inch-television-frameless-smart-tv-a4-series-inbuilt-wifi-vidaa-smart-os-inbuilt-decoder-for-local-channelsnetflix-youtube-prime-videonatural-color-enhancerclean-viewfree-wall-mounting-bracketpower-extension-cable-277669305.html,07/26/26 13:53,,,,,Good,Mid-Range (15k-30k),0.496
televisions,"Solarmax 24-Inch Digital TV - High Definition Display & Slim Design""","Solarmax 24-Inch Digital TV - High Definition Display & Slim Design""",5999,7999,25,FALSE,3.3,0,https://www.jumia.co.ke/solarmax-24-inch-digital-tv-high-definition-display-slim-design-326714898.html,07/26/26 13:53,,,,,Average,Entry (5k-15k),0.405
televisions,"Vitron HTC5568US ,55"" Inch Smart Android TV ,FRAMELESS, BLUETOOTH ENABLED, 4K UHD TV Television Smart Android DIGITAL TV, Netflix ,YouTube ,WIFI CONNECTIVITY ,APP STORE, INBUILT DECODER, 1.5GB RAM + 8GB ROM, ICAST SCREEN MIRRORING,","Vitron HTC5568US ,55"" Inch  Smart Android TV ,FRAMELESS, BLUETOOTH ENABLED, 4K UHD TV Television Smart Android DIGITAL TV, Netflix ,YouTube ,WIFI CONNECTIVITY ,APP STORE, INBUILT DECODER, 1.5GB RAM + 8GB ROM, ICAST SCREEN MIRRORING,",37995,45000,15.6,FALSE,4.6,0,https://www.jumia.co.ke/vitron-htc5568us-55-inch-smart-android-tv-frameless-bluetooth-enabled-4k-uhd-tv-television-smart-android-digital-tv-netflix-youtube-wifi-connectivity-app-store-inbuilt-decoder-1.5gb-ram-8gb-rom-icast-screen-mirroring-327040645.html,07/26/26 13:53,8,5,,,Excellent,Premium (30k-50k),0.507
televisions,"TCL 55"" Inch,FRAMELESS,BLUETOOTH,Smart UHD 4K With HDR Google TV+360 BRACKET+TV GUARD","TCL 55"" Inch,FRAMELESS,BLUETOOTH,Smart UHD 4K With HDR Google TV+360 BRACKET+TV GUARD",44000,110000,60,TRUE,4.2,0,https://www.jumia.co.ke/tcl-55-inchframelessbluetoothsmart-uhd-4k-with-hdr-google-tv360-brackettv-guard-267012357.html,07/26/26 13:53,,,,,Good,Premium (30k-50k),0.6
televisions,"Vitron HTC4300QFS 43"" Inch QLED TV Full HD TV, Frameless Digital Smart Android TV with Inbuilt Decoder, Bluetooth Enabled / Cast Screen Mirroring,Wifi Enabled, Netflix,Youtube,Appstore + TV Guard+ Bracket (1YR WRTY)","Vitron HTC4300QFS 43"" Inch QLED TV Full HD TV, Frameless Digital Smart Android TV with Inbuilt Decoder, Bluetooth Enabled / Cast Screen Mirroring,Wifi Enabled, Netflix,Youtube,Appstore + TV Guard+ Bracket (1YR WRTY)",21295,26000,18.1,FALSE,4,0,https://www.jumia.co.ke/vitron-htc4300qfs-43-inch-qled-tv-full-hd-tv-frameless-digital-smart-android-tv-with-inbuilt-decoderbluetooth-enabled-cast-screen-mirroringwifi-enabled-netflixyoutubeappstore-tv-guard-bracket-1yr-wrty-48093030.html,07/26/26 13:53,,,,,Good,Mid-Range (15k-30k),0.454
televisions,"Vitron HTC5568US ,55"" Inch Smart Android TV ,FRAMELESS, BLUETOOTH ENABLED, 4K UHD TV Television Smart Android DIGITAL TV, Netflix ,YouTube ,WIFI CONNECTIVITY ,APP STORE, INBUILT DECODER, 1.5GB RAM + 8GB ROM, ICAST SCREEN MIRRORING+FREE TV GUARD+ TILT BRACKET","Vitron HTC5568US ,55"" Inch  Smart Android TV ,FRAMELESS, BLUETOOTH ENABLED, 4K UHD TV Television Smart Android DIGITAL TV, Netflix ,YouTube ,WIFI CONNECTIVITY ,APP STORE, INBUILT DECODER, 1.5GB RAM + 8GB ROM, ICAST SCREEN MIRRORING+FREE TV GUARD+ TILT BRACKET",38999,45000,13.3,FALSE,4.4,0,https://www.jumia.co.ke/vitron-htc5568us-55-inch-smart-android-tv-frameless-bluetooth-enabled-4k-uhd-tv-television-smart-android-digital-tv-netflix-youtube-wifi-connectivity-app-store-inbuilt-decoder-1.5gb-ram-8gb-rom-icast-screen-mirroringfree-tv-guard-tilt-bracket-327043508.html,07/26/26 13:53,8,5,,,Good,Premium (30k-50k),0.48
televisions,"Hisense 43A4, 43"" INCH FRAMELESS SMART TELEVISION, FULL HD RESOLUTION, A4K SERIES ,NETFLIX ,YOUTUBE TV,DTS, INBUILT DECODER, BUILT-IN WIFI,VIDAA OS+FREE TV GUARD+BRACKET","Hisense 43A4, 43"" INCH FRAMELESS SMART TELEVISION, FULL HD RESOLUTION, A4K SERIES ,NETFLIX ,YOUTUBE TV,DTS, INBUILT DECODER, BUILT-IN WIFI,VIDAA OS+FREE TV GUARD+BRACKET",24995,38000,34.2,FALSE,4.1,0,https://www.jumia.co.ke/hisense-43a4-43-inch-frameless-smart-television-full-hd-resolution-a4k-series-netflix-youtube-tvdts-inbuilt-decoder-built-in-wifividaa-osfree-tv-guardbracket-277587308.html,07/26/26 13:53,,,,,Good,Mid-Range (15k-30k),0.513
televisions,Vitron 32 Inch Frameless HD Digital LED TV+GUARD+BRACKET..,Vitron 32 Inch Frameless HD Digital LED TV+GUARD+BRACKET..,10890,22000,50.5,FALSE,3.7,0,https://www.jumia.co.ke/32-hd-led-digital-tv-free-wall-bracket-and-free-tv-guard-vitron-mpg1761459.html,07/26/26 13:53,,,,,Good,Entry (5k-15k),0.522
televisions,"Vitron HTC3288QS 32"" Inch Smart QLED TV //Android 14 OS, Frameless Design, Wi-Fi, Bluetooth, Digital TV, Streaming Apps+7 FREE GIFTS(1YR WRTY)","Vitron HTC3288QS 32"" Inch Smart QLED TV //Android 14 OS, Frameless Design, Wi-Fi, Bluetooth, Digital TV, Streaming Apps+7 FREE GIFTS(1YR WRTY)",14599,26000,43.9,FALSE,3.5,0,https://www.jumia.co.ke/vitron-htc3288qs-32-inch-smart-qled-tv-android-14-os-frameless-design-wi-fi-bluetooth-digital-tv-streaming-apps7-free-gifts1yr-wrty-327540191.html,07/26/26 13:53,,,,,Good,Entry (5k-15k),0.482
televisions,"Vitron HTC43888FS,43"" Inch Frameless Smart Android TV,Bluetooth TV+Netflix App+FREE GIFTS (1YEAR WARRANTY)","Vitron HTC43888FS,43"" Inch Frameless Smart Android TV,Bluetooth TV+Netflix App+FREE GIFTS (1YEAR WARRANTY)",21299,40000,46.8,FALSE,4.2,0,https://www.jumia.co.ke/vitron-htc43888fs43-inch-frameless-smart-android-tvbluetooth-tvnetflix-appfree-gifts-1year-warranty-314382703.html,07/26/26 13:54,,,,,Good,Mid-Range (15k-30k),0.56
televisions,"Hisense 32A4, HISENSE32"" Inch Television Frameless Smart 32"" INCH TV A4 Series, Inbuilt WIFI ,VIDAA SMART OS INBUILT DECODER FOR LOCAL CHANNELS,NETFLIX, YOUTUBE, PRIME VIDEO,NATURAL COLOR ENHANCER,CLEAN VIEW+FREE TV GUARD+ WALL MOUNTING BRACKET","Hisense 32A4, HISENSE32"" Inch Television Frameless Smart 32"" INCH TV A4 Series, Inbuilt WIFI ,VIDAA SMART OS INBUILT DECODER FOR LOCAL CHANNELS,NETFLIX, YOUTUBE, PRIME VIDEO,NATURAL COLOR ENHANCER,CLEAN VIEW+FREE TV  GUARD+ WALL MOUNTING BRACKET",16995,25000,32,FALSE,4.3,0,https://www.jumia.co.ke/hisense-32a4-hisense32-inch-television-frameless-smart-32-inch-tv-a4-series-inbuilt-wifi-vidaa-smart-os-inbuilt-decoder-for-local-channelsnetflix-youtube-prime-videonatural-color-enhancerclean-viewfree-tv-guard-wall-mounting-bracket-277668882.html,07/26/26 13:54,,,,,Good,Mid-Range (15k-30k),0.526
televisions,"Solarmax BRAND NEW 26"" INCHES AC/DC LED DIGITAL TV-FREE TO AIR CHANNELS-USB/HDMI","Solarmax BRAND NEW 26"" INCHES AC/DC LED DIGITAL TV-FREE TO AIR CHANNELS-USB/HDMI",6399,6999,8.6,FALSE,0,0,https://www.jumia.co.ke/solarmax-brand-new-26-inches-acdc-led-digital-tv-free-to-air-channels-usbhdmi-328608413.html,07/26/26 13:54,,,,,No Rating,Entry (5k-15k),0.026
televisions,"Hisense 50A4Q - 50"" Inch SMART TV TELEVISION,VIDAA OS,DOBLY AUDIO,HDR, Bluetooth Connectivity, WIFI,2K FULL HD TV,NETFLIX,YOUTUBE+2 YEARS WARRANTY+ FREE TV GUARD+WALL BRACKET","Hisense 50A4Q - 50"" Inch SMART TV TELEVISION,VIDAA OS,DOBLY AUDIO,HDR, Bluetooth Connectivity, WIFI,2K FULL HD TV,NETFLIX,YOUTUBE+2 YEARS WARRANTY+ FREE TV GUARD+WALL BRACKET",35300,40000,11.8,FALSE,4,0,https://www.jumia.co.ke/hisense-50a4q-50-inch-smart-tv-televisionvidaa-osdobly-audiohdr-bluetooth-connectivity-wifi2k-full-hd-tvnetflixyoutube2-years-warranty-free-tv-guardwall-bracket-327192498.html,07/26/26 13:54,,,,,Good,Premium (30k-50k),0.435
televisions,Solarmax DIGITAL TV 22 INBUILT DECORDER USB AND HDMI PORT,Solarmax DIGITAL TV 22 INBUILT DECORDER USB AND HDMI PORT,4999,7999,37.5,FALSE,4.1,0,https://www.jumia.co.ke/solarmax-digital-tv-22-inbuilt-decorder-usb-and-hdmi-port-296618013.html,07/26/26 13:54,,,,,Good,Budget (<5k),0.522
televisions,"Solarmax 24""INCHES Digital LED TV WITH INBULT DECORDER AC/DC - Black","Solarmax 24""INCHES Digital LED TV WITH INBULT DECORDER AC/DC - Black",5995,8999,33.4,FALSE,3.9,0,https://www.jumia.co.ke/solarmax-24inches-digital-led-tv-with-inbult-decorder-acdc-black-325437784.html,07/26/26 13:54,,,,,Good,Entry (5k-15k),0.49
televisions,LG 55QNED70A6A 55 inch QNED AI QNED70 4K Smart TV AI Magic remote HDR10 webOS25 2025,LG 55QNED70A6A 55 inch QNED AI QNED70 4K Smart TV AI Magic remote HDR10 webOS25 2025,76999,114995,33,FALSE,0,0,https://www.jumia.co.ke/lg-55qned70a6a-55-inch-qned-ai-qned70-4k-smart-tv-ai-magic-remote-hdr10-webos25-2025-328434695.html,07/26/26 13:54,,,,,No Rating,Luxury (>50k),0.099
televisions,"Amtec 43"" inch TV Frameless, Bluetooth Connectivity, Full HD TV Smart Android Television, Inbuilt Decoder for local channels, Netflix ,YouTube ,App Store, Wi-Fi Connectivity + 6 Free Acessories","Amtec 43"" inch TV Frameless, Bluetooth Connectivity, Full HD TV Smart Android Television, Inbuilt Decoder for local channels, Netflix ,YouTube ,App Store, Wi-Fi Connectivity  + 6 Free Acessories",20995,25000,16,FALSE,4,0,https://www.jumia.co.ke/amtec-43-inch-tv-frameless-bluetooth-connectivity-full-hd-tv-smart-android-television-inbuilt-decoder-for-local-channels-netflix-youtube-app-store-wi-fi-connectivity-6-free-acessories-325698844.html,07/26/26 13:54,,,,,Good,Mid-Range (15k-30k),0.448
televisions,"Hisense 32A4 A4Series,32"" Inch VIDAA OS Frameless Smart TV NETFLIXYOUTUBE+ Extension+Bracket","Hisense 32A4 A4Series,32"" Inch VIDAA OS Frameless Smart TV NETFLIXYOUTUBE+ Extension+Bracket",16895,25000,32.4,FALSE,4.3,0,https://www.jumia.co.ke/hisense-32a4-a4series32-inch-vidaa-os-frameless-smart-tv-netflixyoutube-extensionbracket-45980381.html,07/26/26 13:54,,,,,Good,Mid-Range (15k-30k),0.527
televisions,"Vitron HTC4068FS, 40"" Inch Frameless Smart Android TV Netflix, Youtube Appstore Inbuilt Decoder","Vitron HTC4068FS, 40"" Inch Frameless Smart Android TV Netflix, Youtube Appstore Inbuilt Decoder",17995,28000,35.7,FALSE,3.8,0,https://www.jumia.co.ke/htc4068fs-40-inch-frameless-smart-android-tv-netflix-youtube-appstore-inbuilt-decoder-vitron-mpg1662672.html,07/26/26 13:54,,,,,Good,Mid-Range (15k-30k),0.487
televisions,"Hisense 55'' Inch Smart UHD 4K Frameless LED TV, YouTube, Netflix - Black","Hisense 55'' Inch Smart UHD 4K Frameless LED TV, YouTube, Netflix - Black",41899,70599,40.7,FALSE,4.4,0,https://www.jumia.co.ke/55-smart-uhd-4k-frameless-55a6g-led-tv-2021-black-hisense-mpg362294.html,07/26/26 13:54,,,,,Good,Premium (30k-50k),0.562
smart-watches,2.2''Full Touch Screen Smart Watch For Android IOS,2.2''Full Touch Screen Smart Watch For Android IOS,695,2003,65.3,TRUE,3.3,0,https://www.jumia.co.ke/generic-2.2full-touch-screen-smart-watch-for-android-ios-267737635.html,07/26/26 13:54,,,,,Average,Budget (<5k),0.526
smart-watches,"Oraimo Watch 5 Lite 2.01"" HD IP68 Smart Watch","Oraimo Watch 5 Lite 2.01"" HD IP68 Smart Watch",2200,2412,8.8,FALSE,4.5,0,https://www.jumia.co.ke/oraimo-watch-5-lite-2.01-hd-ip68-smart-watch-314507915.html,07/26/26 13:54,,,,,Excellent,Budget (<5k),0.476
smart-watches,"2.09"" Smartwatch Ultra T900U Black - Metal, Bluetooth V5.3","2.09"" Smartwatch Ultra T900U Black - Metal, Bluetooth V5.3",536,1367,60.8,TRUE,4,0,https://www.jumia.co.ke/generic-2.09-smartwatch-ultra-t900u-black-metal-bluetooth-v5.3-324990178.html,07/26/26 13:54,,,,,Good,Budget (<5k),0.582
smart-watches,"TiLECC TiLECC T900 Pro Max Smart Watch 2.09"" Display 128MB Memory Black","TiLECC TiLECC T900 Pro Max Smart Watch 2.09"" Display 128MB Memory Black",653,1903,65.7,TRUE,3.5,0,https://www.jumia.co.ke/tilecc-tilecc-t900-pro-max-smart-watch-2.09-display-128mb-memory-black-297599664.html,07/26/26 13:54,,,,,Good,Budget (<5k),0.547
smart-watches,"Oraimo Watch 6 Max 1.83""TFT Full Touch Screen 28-Day Standby Smart Watch","Oraimo Watch 6 Max 1.83""TFT Full Touch Screen 28-Day Standby Smart Watch",1600,2680,40.3,FALSE,4.4,0,https://www.jumia.co.ke/oraimo-watch-6-max-1.83tft-full-touch-screen-28-day-standby-smart-watch-326727414.html,07/26/26 13:54,,,,,Good,Budget (<5k),0.561
smart-watches,Kingnote C90PRO 2.19''inch Smartwatch Native Storm Waterproof Black,Kingnote C90PRO 2.19''inch  Smartwatch Native Storm Waterproof  Black,638,2010,68.3,TRUE,3.2,0,https://www.jumia.co.ke/kingnote-c90pro-2.19inch-smartwatch-native-storm-waterproof-black-326060561.html,07/26/26 13:54,,,,,Average,Budget (<5k),0.525
smart-watches,"S9 Ultra 2 Smartwatch, Talk, 2.1-inch Full Screen","S9 Ultra 2 Smartwatch, Talk, 2.1-inch Full Screen",590,2561,77,TRUE,3.5,0,https://www.jumia.co.ke/generic-s9-ultra-2-smartwatch-talk-2.1-inch-full-screen-172337475.html,07/26/26 13:54,,,,,Good,Budget (<5k),0.581
smart-watches,2.19''inch Smartwatch Native Storm Waterproof C90PRO Black,2.19''inch Smartwatch Native Storm Waterproof C90PRO Black,603,1876,67.9,TRUE,4.4,0,https://www.jumia.co.ke/generic-2.19inch-smartwatch-native-storm-waterproof-c90pro-black-326719589.html,07/26/26 13:54,,,,,Good,Budget (<5k),0.644
smart-watches,"SUNDASELF 2.19""Waterproof Bluetooth Smartwatch C90 PRO Black Metal","SUNDASELF  2.19""Waterproof Bluetooth Smartwatch C90 PRO Black Metal",657,1903,65.5,TRUE,3.3,0,https://www.jumia.co.ke/sundaself-2.19waterproof-bluetooth-smartwatch-c90-pro-black-metal-324816820.html,07/26/26 13:54,,,,,Average,Budget (<5k),0.526
smart-watches,Waterproof Full Touch Smart Watch,Waterproof Full Touch Smart Watch,799,2479,67.8,TRUE,3.7,0,https://www.jumia.co.ke/generic-waterproof-full-touch-smart-watch-326155877.html,07/26/26 13:54,,,,,Good,Budget (<5k),0.573
smart-watches,"2.09""Smart Watch Fitness Tracker Heart Rate Monitor Waterproof Wrist Watches","2.09""Smart Watch Fitness Tracker Heart Rate Monitor Waterproof Wrist Watches",628,1206,47.9,FALSE,3.2,0,https://www.jumia.co.ke/generic-2.09smart-watch-fitness-tracker-heart-rate-monitor-waterproof-wrist-watches-267218330.html,07/26/26 13:54,,,,,Average,Budget (<5k),0.464
smart-watches,VANIR 2.01 Inch Smart Watch for Men and Women 360x360 High Resolution Display Bluetooth Calling IP68 Waterproof Sports Fitness Tracker Watch Compatible with iPhone Android Samsung Tecno Infinix Camon Hot,VANIR 2.01 Inch Smart Watch for Men and Women 360x360 High Resolution Display Bluetooth Calling IP68 Waterproof Sports Fitness Tracker Watch Compatible with iPhone Android Samsung Tecno Infinix Camon Hot,1742,2680,35,FALSE,3.6,0,https://www.jumia.co.ke/vanir-2.01-inch-smart-watch-for-men-and-women-360x360-high-resolution-display-bluetooth-calling-ip68-waterproof-sports-fitness-tracker-watch-compatible-with-iphone-android-samsung-tecno-infinix-camon-hot-326335755.html,07/26/26 13:54,,,,,Good,Budget (<5k),0.465
smart-watches,"TiLECC TiLECC T900 Ultra2 Smart Watch 2.19"" Bluetooth 5.0 IP68 Waterproof 360mAh","TiLECC TiLECC T900 Ultra2 Smart Watch 2.19"" Bluetooth 5.0 IP68 Waterproof 360mAh",653,1903,65.7,TRUE,3.4,0,https://www.jumia.co.ke/tilecc-tilecc-t900-ultra2-smart-watch-2.19-bluetooth-5.0-ip68-waterproof-360mah-297104143.html,07/26/26 13:54,,,360,,Average,Budget (<5k),0.537
smart-watches,Oraimo Watch 5 Lite Smart Watch Smartwatch' Screen Bluetooth Durable Waterproof Dustproof,Oraimo  Watch 5 Lite Smart Watch Smartwatch' Screen Bluetooth Durable Waterproof Dustproof,1820,1980,8.1,FALSE,4.4,0,https://www.jumia.co.ke/oraimo-watch-5-lite-smart-watch-smartwatch-screen-bluetooth-durable-waterproof-dustproof-301013355.html,07/26/26 13:54,,,,,Good,Budget (<5k),0.464
smart-watches,2.19-inch Native Storm Waterproof Smartwatch GH900 UItra3 Black,2.19-inch Native Storm Waterproof Smartwatch GH900 UItra3 Black,576,1608,64.2,TRUE,3.7,0,https://www.jumia.co.ke/generic-2.19-inch-native-storm-waterproof-smartwatch-gh900-uitra3-black-326495108.html,07/26/26 13:54,,,,,Good,Budget (<5k),0.563
smart-watches,"2.2-Inch Square Large Screen Smartwatch Daily Commute, Business & Casual Wear","2.2-Inch Square Large Screen Smartwatch  Daily Commute, Business & Casual Wear",1340,2010,33.3,FALSE,4.8,0,https://www.jumia.co.ke/generic-2.2-inch-square-large-screen-smartwatch-daily-commute-business-casual-wear-325736692.html,07/26/26 13:54,,,,,Excellent,Budget (<5k),0.58
smart-watches,"TiLECC TiLECC T800 Smart Watch 2.02"" Display 128MB Memory Black","TiLECC TiLECC T800 Smart Watch 2.02"" Display 128MB Memory Black",548,1703,67.8,TRUE,3.5,0,https://www.jumia.co.ke/tilecc-tilecc-t800-smart-watch-2.02-display-128mb-memory-black-297104169.html,07/26/26 13:54,,,,,Good,Budget (<5k),0.553
smart-watches,"SUNDASELF IP68 Waterproof 2.09"" Smartwatch Ultra T900U Black - Metal, Bluetooth V5.3","SUNDASELF IP68 Waterproof 2.09"" Smartwatch Ultra T900U Black - Metal, Bluetooth V5.3",563,1367,58.8,FALSE,3.6,0,https://www.jumia.co.ke/sundaself-ip68-waterproof-2.09-smartwatch-ultra-t900u-black-metal-bluetooth-v5.3-325021082.html,07/26/26 13:54,,,,,Good,Budget (<5k),0.536
smart-watches,RichRipple RichRipple AS2 2.0 inch Smart Watch 6 in 1 Set of Fine Luxury gift Gold,RichRipple RichRipple AS2 2.0 inch Smart Watch 6 in 1 Set of Fine Luxury gift Gold,921,1833,49.8,FALSE,3.7,0,https://www.jumia.co.ke/richripple-richripple-as2-2.0-inch-smart-watch-6-in-1-set-of-fine-luxury-gift-gold-179381050.html,07/26/26 13:54,,,,,Good,Budget (<5k),0.519
smart-watches,Round Full Touch Smart Watch Heart Rate & Step Monitor Perfect for Business & Daily Wear,Round Full Touch Smart Watch Heart Rate & Step Monitor Perfect for Business & Daily Wear,1943,2680,27.5,FALSE,4,0,https://www.jumia.co.ke/multifunctional-full-touch-smartwatch-bluetooth-water-resistant-business-sports-generic-mpg10264690.html,07/26/26 13:54,,,,,Good,Budget (<5k),0.483
smart-watches,"Oraimo Watch 6R, 1.39'' HDScreen, BT HD Calls, Blood oxgen & Heart Rate Monitor, IP68 Smartwatch_Chrome","Oraimo Watch 6R, 1.39'' HDScreen, BT HD Calls, Blood oxgen & Heart Rate Monitor, IP68 Smartwatch_Chrome",2499,3000,16.7,FALSE,4.4,0,https://www.jumia.co.ke/oraimo-watch-6r-1.39-hdscreen-bt-hd-calls-blood-oxgen-heart-rate-monitor-ip68-smartwatchchrome-325841264.html,07/26/26 13:54,,,,,Good,Budget (<5k),0.49
smart-watches,"TiLECC TiLECC S20 Pro Max Smart Watch - 128MB, 2.1"" Touch Screen, Black, BT 5.0","TiLECC TiLECC S20 Pro Max Smart Watch - 128MB, 2.1"" Touch Screen, Black, BT 5.0",804,2504,67.9,TRUE,3.8,0,https://www.jumia.co.ke/tilecc-tilecc-s20-pro-max-smart-watch-128mb-2.1-touch-screen-black-bt-5.0-297104749.html,07/26/26 13:54,,,,,Good,Budget (<5k),0.584
smart-watches,Smart Bluetooth Calling Full Touch Screen Watch - For Android & IOS,Smart Bluetooth Calling Full Touch Screen Watch - For Android & IOS,670,1313,49,FALSE,5,0,https://www.jumia.co.ke/generic-smart-bluetooth-calling-full-touch-screen-watch-for-android-ios-326138803.html,07/26/26 13:54,,,,,Excellent,Budget (<5k),0.647
smart-watches,SUNDASELF 2.09''inch C90 Pro Smart Watch Dual Band 2-in-1 With Bluetooth Headset Specification,SUNDASELF 2.09''inch C90 Pro  Smart Watch Dual Band 2-in-1 With Bluetooth Headset Specification,791,2680,70.5,TRUE,3.7,0,https://www.jumia.co.ke/sundaself-2.09inch-c90-pro-smart-watch-dual-band-2-in-1-with-bluetooth-headset-specification-326902979.html,07/26/26 13:54,,,,,Good,Budget (<5k),0.582
smart-watches,VANIR AMOLED Smart Watch with Bluetooth Call 2.01 Screen IP68 Waterproof Fitness Tracker Heart Rate Monitor 110 Sports Modes for Men Women Compatible with iPhone Android Samsung Tecno Infinix Camon Hot,VANIR AMOLED Smart Watch with Bluetooth Call 2.01 Screen IP68 Waterproof Fitness Tracker Heart Rate Monitor 110 Sports Modes for Men Women Compatible with iPhone Android Samsung Tecno Infinix Camon Hot,1495,2680,44.2,FALSE,3.8,0,https://www.jumia.co.ke/vanir-amoled-smart-watch-with-bluetooth-call-2.01-screen-ip68-waterproof-fitness-tracker-heart-rate-monitor-110-sports-modes-for-men-women-compatible-with-iphone-android-samsung-tecno-infinix-camon-hot-326335731.html,07/26/26 13:54,,,,,Good,Budget (<5k),0.513
smart-watches,"Oraimo Watch 6 Max OSW-8001N 1.83""TFT Full Touch Smart Watch - Black","Oraimo Watch 6 Max OSW-8001N 1.83""TFT Full Touch Smart Watch - Black",1798,4421,59.3,FALSE,0,0,https://www.jumia.co.ke/oraimo-watch-6-max-osw-8001n-1.83tft-full-touch-smart-watch-black-326809417.html,07/26/26 13:54,,,,,No Rating,Budget (<5k),0.178
smart-watches,Oraimo Watch 6 Lite 2.01” HD Screen Smart Watch 24 Hour Health Monitoring,Oraimo Watch 6 Lite 2.01” HD Screen Smart Watch 24 Hour Health Monitoring,2299,2948,22,FALSE,4.6,0,https://www.jumia.co.ke/oraimo-watch-6-lite-2.01-hd-screen-smart-watch-24-hour-health-monitoring-326546480.html,07/26/26 13:54,,,,,Excellent,Budget (<5k),0.526
smart-watches,"Oraimo Watch 6 Nano 1.52"" TFT Full Touch Smart Watch Gold","Oraimo Watch 6 Nano 1.52"" TFT Full Touch Smart Watch Gold",2380,5359,55.6,FALSE,5,0,https://www.jumia.co.ke/oraimo-watch-6-nano-1.52-tft-full-touch-smart-watch-gold-326706299.html,07/26/26 13:54,,,,,Excellent,Budget (<5k),0.667
smart-watches,TiLECC T2pro Heart Rate And Blood Pressure Monitoring Circular Smart Watch,TiLECC T2pro Heart Rate And Blood Pressure Monitoring Circular Smart Watch,1006,2144,53.1,FALSE,4.2,0,https://www.jumia.co.ke/tilecc-t2pro-heart-rate-and-blood-pressure-monitoring-circular-smart-watch-325940752.html,07/26/26 13:54,,,,,Good,Budget (<5k),0.579
smart-watches,Kingnote T900U 2.09''inch Smartwatch Native Storm Waterproof Black,Kingnote T900U 2.09''inch  Smartwatch Native Storm Waterproof  Black,579,1608,64,TRUE,3.9,0,https://www.jumia.co.ke/kingnote-t900u-2.09inch-smartwatch-native-storm-waterproof-black-326060569.html,07/26/26 13:54,,,,,Good,Budget (<5k),0.582
smart-watches,VANIR AMOLED Smart Watch with Bluetooth Calling 2.01 HD Display IP68 Waterproof Fitness Tracker Sports Watch with 200 Custom Faces for Men Women Compatible with iPhone Android Samsung Tecno Infinix Camon Hot,VANIR AMOLED Smart Watch with Bluetooth Calling 2.01 HD Display IP68 Waterproof Fitness Tracker Sports Watch with 200 Custom Faces for Men Women Compatible with iPhone Android Samsung Tecno Infinix Camon Hot,1943,2680,27.5,FALSE,4,0,https://www.jumia.co.ke/vanir-amoled-smart-watch-with-bluetooth-calling-2.01-hd-display-ip68-waterproof-fitness-tracker-sports-watch-with-200-custom-faces-for-men-women-compatible-with-iphone-android-samsung-tecno-infinix-camon-hot-326396765.html,07/26/26 13:54,,,,,Good,Budget (<5k),0.483
smart-watches,Utarudi GS80 HD Round Screen Smart Watch Fashionable Dial Health Monitor IP68 Waterproof 7-10 Day Battery,Utarudi GS80 HD Round Screen Smart Watch Fashionable Dial Health Monitor IP68 Waterproof 7-10 Day Battery,3000,4308,30.4,FALSE,4.3,0,https://www.jumia.co.ke/utarudi-gs80-hd-round-screen-smart-watch-fashionable-dial-health-monitor-ip68-waterproof-7-10-day-battery-296430008.html,07/26/26 13:54,,,,,Good,Budget (<5k),0.521
smart-watches,"AirMars Watch ASW33 1.77"" AMOLED 2.5D 1000mah Battery Floating Interface IP68 Smart Watch","AirMars Watch  ASW33  1.77"" AMOLED 2.5D 1000mah Battery Floating Interface IP68 Smart Watch",4489,8040,44.2,FALSE,5,0,https://www.jumia.co.ke/airmars-watch-asw33-1.77-amoled-2.5d-1000mah-battery-floating-interface-ip68-smart-watch-327659858.html,07/26/26 13:54,,,1000,,Excellent,Budget (<5k),0.633
smart-watches,Smart Watch Exercise Blood Pressure Heart Rate For IOS And Android,Smart Watch Exercise Blood Pressure Heart Rate For IOS And Android,620,1350,54.1,FALSE,1,0,https://www.jumia.co.ke/generic-smart-watch-exercise-blood-pressure-heart-rate-for-ios-and-android-327108024.html,07/26/26 13:54,,,,,Poor,Budget (<5k),0.262
smart-watches,Smart Watch Men Fitness Smartwatch For Android IOS-Black,Smart Watch Men Fitness Smartwatch For Android IOS-Black,1675,2144,21.9,FALSE,3.8,0,https://www.jumia.co.ke/generic-smart-watch-men-fitness-smartwatch-for-android-ios-black-299809772.html,07/26/26 13:54,,,,,Good,Budget (<5k),0.446
smart-watches,Oraimo Watch 6 Nano 1.52 TFT Full Touch Color Screen Smart Watch Black,Oraimo Watch 6 Nano 1.52 TFT Full Touch Color Screen Smart Watch Black,2001,5360,62.7,TRUE,4.7,0,https://www.jumia.co.ke/oraimo-watch-6-nano-1.52-tft-full-touch-color-screen-smart-watch-black-325611262.html,07/26/26 13:54,,,,,Excellent,Budget (<5k),0.658
smart-watches,TiLECC Smart Watch Ultra 10 In1 Waterproof 7 Straps + Protective Case + Earphones Black,TiLECC Smart Watch Ultra 10 In1 Waterproof 7 Straps + Protective Case + Earphones Black,1407,3350,58,FALSE,4,0,https://www.jumia.co.ke/tilecc-smart-watch-ultra-10-in1-waterproof-7-straps-protective-case-earphones-black-326357016.html,07/26/26 13:54,,,,,Good,Budget (<5k),0.574
smart-watches,"Oraimo Watch 6 2.04"" TFT IP68 Smart Watch","Oraimo Watch 6 2.04"" TFT IP68 Smart Watch",2672,6297,57.6,FALSE,4.5,0,https://www.jumia.co.ke/oraimo-watch-6-2.04-tft-ip68-smart-watch-326706412.html,07/26/26 13:54,,,,,Excellent,Budget (<5k),0.623
smart-watches,Oraimo Watch Nova 2 2.01'' AMOLED screen Smart Watch,Oraimo Watch Nova 2 2.01'' AMOLED screen Smart Watch,5700,6030,5.5,FALSE,4.7,0,https://www.jumia.co.ke/oraimo-watch-nova-2-2.01-amoled-screen-smart-watch-325730826.html,07/26/26 13:54,,,,,Excellent,Entry (5k-15k),0.487
smart-watches,Oraimo Watch Lumos N 2.01'' HD Display IP68 Smart Watch,Oraimo Watch Lumos N 2.01'' HD Display IP68 Smart Watch,2001,3216,37.8,FALSE,4.8,0,https://www.jumia.co.ke/oraimo-watch-lumos-n-2.01-hd-display-ip68-smart-watch-326065119.html,07/26/26 13:54,,,,,Excellent,Budget (<5k),0.593
smart-watches,2.2’HD Pink Square Women's Sports Smartwatch For Fitness Data Tracking,2.2’HD Pink Square Women's Sports Smartwatch  For Fitness Data Tracking,1072,1608,33.3,FALSE,0,0,https://www.jumia.co.ke/generic-2.2hd-pink-square-womens-sports-smartwatch-for-fitness-data-tracking-325699401.html,07/26/26 13:54,,,,,No Rating,Budget (<5k),0.1
smart-watches,"Itel Smart Watch Horizon Smartwatch N8 Grey + TWS BudsAir 3, 1.43"" Curved Amoled, 360mAh, 5 - 7 days usage, waterproof IP68","Itel Smart Watch Horizon Smartwatch N8 Grey + TWS BudsAir 3, 1.43"" Curved Amoled, 360mAh, 5 - 7 days usage, waterproof IP68",5499,10000,45,FALSE,4.8,0,https://www.jumia.co.ke/itel-smart-watch-horizon-smartwatch-n8-grey-tws-budsair-3-1.43-curved-amoled-360mah-5-7-days-usage-waterproof-ip68-326074811.html,07/26/26 13:54,,,360,,Excellent,Entry (5k-15k),0.615
smart-watches,Full Touch Smart Watch Waterproof Sports Fitness For Apple IOS Android,Full Touch Smart Watch Waterproof Sports Fitness For Apple IOS Android,603,1072,43.8,FALSE,3.3,0,https://www.jumia.co.ke/generic-full-touch-smart-watch-waterproof-sports-fitness-for-apple-ios-android-325644911.html,07/26/26 13:54,,,,,Average,Budget (<5k),0.461
smart-watches,RichRipple RichRipple AS1 2.0 inch Smart Watch 6 in 1 Set of Fine Luxury Gift Gold,RichRipple RichRipple AS1 2.0 inch Smart Watch 6 in 1 Set of Fine Luxury Gift Gold,969,1934,49.9,FALSE,3.8,0,https://www.jumia.co.ke/richripple-richripple-as1-2.0-inch-smart-watch-6-in-1-set-of-fine-luxury-gift-gold-292581048.html,07/26/26 13:54,,,,,Good,Budget (<5k),0.53
smart-watches,ZL02 Smart Watch H Full S Reen Sport Fitness Wat H IP67 Waterproof Wat H-black,ZL02 Smart Watch H Full S Reen Sport Fitness Wat H IP67 Waterproof Wat H-black,2010,2948,31.8,FALSE,4.4,0,https://www.jumia.co.ke/generic-zl02-smart-watch-h-full-s-reen-sport-fitness-wat-h-ip67-waterproof-wat-h-black-87832573.html,07/26/26 13:54,,,,,Good,Budget (<5k),0.535
smart-watches,"2.09"" Smart Watch Fitness Tracker Heart Rate Sleep Monitor Bluetooth 5.0 Waterproof White","2.09"" Smart Watch Fitness Tracker Heart Rate Sleep Monitor Bluetooth 5.0 Waterproof White",632,1206,47.6,FALSE,3.5,0,https://www.jumia.co.ke/generic-2.09-smart-watch-fitness-tracker-heart-rate-sleep-monitor-bluetooth-5.0-waterproof-white-326409498.html,07/26/26 13:54,,,,,Good,Budget (<5k),0.493
smart-watches,2.09''inch T900U Smartwatch Native Storm Waterproof Black,2.09''inch T900U Smartwatch Native Storm Waterproof  Black,469,1206,61.1,TRUE,3.3,0,https://www.jumia.co.ke/2.09inch-t900u-smartwatch-native-storm-waterproof-black-generic-mpg10328301.html,07/26/26 13:54,,,,,Average,Budget (<5k),0.513
smart-watches,S10 Ultra 2.2'' Full Touch Screen Smart Watch - For Android & IOS,S10 Ultra 2.2'' Full Touch Screen Smart Watch - For Android & IOS,799,1997,60,TRUE,3.5,0,https://www.jumia.co.ke/generic-s10-ultra-2.2-full-touch-screen-smart-watch-for-android-ios-325138030.html,07/26/26 13:54,,,,,Good,Budget (<5k),0.53
smart-watches,"TiLECC TiLECC T900 Ultra2 Smart Watch - 2.19"" Display, 128MB, Bluetooth 5.0, IP68 Waterproof, White","TiLECC TiLECC T900 Ultra2 Smart Watch - 2.19"" Display, 128MB, Bluetooth 5.0, IP68 Waterproof, White",653,1903,65.7,TRUE,3.4,0,https://www.jumia.co.ke/tilecc-tilecc-t900-ultra2-smart-watch-2.19-display-128mb-bluetooth-5.0-ip68-waterproof-white-297104142.html,07/26/26 13:54,,,,,Average,Budget (<5k),0.537
smart-watches,Oraimo Watch 5 Lite Smart Watch Smartwatch' Screen Bluetooth Durable Waterproof Dustproof,Oraimo Watch 5 Lite Smart Watch Smartwatch' Screen Bluetooth Durable Waterproof Dustproof,1850,4999,63,TRUE,4.2,0,https://www.jumia.co.ke/oraimo-watch-5-lite-smart-watch-smartwatch-screen-bluetooth-durable-waterproof-dustproof-319286556.html,07/26/26 13:54,,,,,Good,Budget (<5k),0.609
smart-watches,VIC ♛True 2+16GB Full Touch Smart Watch BT Call Sport Heart Rate Health Monitor White,VIC ♛True 2+16GB Full Touch Smart Watch BT Call Sport Heart Rate Health Monitor White,603,2814,78.6,TRUE,4,0,https://www.jumia.co.ke/vic-true-216gb-full-touch-smart-watch-bt-call-sport-heart-rate-health-monitor-white-153991604.html,07/26/26 13:54,16,,,,Good,Budget (<5k),0.636
smart-watches,"Oraimo Watch Nova 2 2.01"" AMOLED IP68 Curved Touchscreen Smart Watch","Oraimo Watch Nova 2 2.01"" AMOLED IP68 Curved Touchscreen Smart Watch",3800,11523,67,TRUE,3.9,0,https://www.jumia.co.ke/oraimo-watch-nova-2-2.01-amoled-ip68-curved-touchscreen-smart-watch-326714405.html,07/26/26 13:54,,,,,Good,Budget (<5k),0.591
smart-watches,VANIR HD Large Display Smartwatch with Bluetooth Calling Message Notifications Long Battery Life Multiple Sports Modes Watch for Men Women Compatible with iPhone Android Samsung Tecno Infinix Camon Hot,VANIR HD Large Display Smartwatch with Bluetooth Calling Message Notifications Long Battery Life Multiple Sports Modes Watch for Men Women Compatible with iPhone Android Samsung Tecno Infinix Camon Hot,2010,2680,25,FALSE,3.7,0,https://www.jumia.co.ke/vanir-hd-large-display-smartwatch-with-bluetooth-calling-message-notifications-long-battery-life-multiple-sports-modes-watch-for-men-women-compatible-with-iphone-android-samsung-tecno-infinix-camon-hot-327482923.html,07/26/26 13:54,,,,,Good,Budget (<5k),0.445
smart-watches,smart watch,smart watch,3000,,0,FALSE,0,0,https://www.jumia.co.ke/generic-smart-watch-326263568.html,07/26/26 13:54,,,,,No Rating,Budget (<5k),0
smart-watches,L13 Smart Watch Double Straps Sports Bluetooth Call Information Notification Touch Screen,L13 Smart Watch Double Straps Sports Bluetooth Call Information Notification Touch Screen,1206,2680,55,FALSE,4,0,https://www.jumia.co.ke/l13-smart-watch-double-straps-sports-bluetooth-call-information-notification-touch-screen-generic-mpg10264730.html,07/26/26 13:54,,,,,Good,Budget (<5k),0.565
smart-watches,Smart Watch Men Women 2.09''Bluetooth Call Wireless Charger-Black,Smart Watch Men Women 2.09''Bluetooth Call Wireless Charger-Black,911,1474,38.2,FALSE,3.1,0,https://www.jumia.co.ke/generic-smart-watch-men-women-2.09bluetooth-call-wireless-charger-black-299809759.html,07/26/26 13:54,,,,,Average,Budget (<5k),0.425
smart-watches,"Oraimo 5 Lite 2.01"" HD IP68 Smart Watch RoseGold","Oraimo 5 Lite 2.01"" HD IP68 Smart Watch RoseGold",2214,5182,57.3,FALSE,4.7,0,https://www.jumia.co.ke/oraimo-5-lite-2.01-hd-ip68-smart-watch-rosegold-310861568.html,07/26/26 13:54,,,,,Excellent,Budget (<5k),0.642
smart-watches,"2.19 Inch Large HD Touch Screen Smartwatch, Bluetooth Calling Fitness Watch for Android iOS","2.19 Inch Large HD Touch Screen Smartwatch, Bluetooth Calling Fitness Watch for Android iOS",804,1340,40,FALSE,1.8,0,https://www.jumia.co.ke/generic-2.19-inch-large-hd-touch-screen-smartwatch-bluetooth-calling-fitness-watch-for-android-ios-192236937.html,07/26/26 13:54,,,,,Poor,Budget (<5k),0.3
smart-watches,Smart waterproof watch,Smart waterproof watch,3800,5162,26.4,FALSE,4.2,0,https://www.jumia.co.ke/generic-smart-waterproof-watch-325387771.html,07/26/26 13:54,,,,,Good,Budget (<5k),0.499
smart-watches,TiLECC Ultra 3-in-1 Watch Band Smart Watch 49mm Series 8 Ultra Smart Watch 49mm,TiLECC Ultra 3-in-1 Watch Band Smart Watch 49mm Series 8 Ultra Smart Watch 49mm,804,2010,60,TRUE,3.7,0,https://www.jumia.co.ke/tilecc-ultra-3-in-1-watch-band-smart-watch-49mm-series-8-ultra-smart-watch-49mm-326714987.html,07/26/26 13:54,,,,,Good,Budget (<5k),0.55
smart-watches,Utarudi GS77 Business Smart Watches With 2.01 Inch HD Display 320 MAh Battery Can Last For About A Week.,Utarudi GS77 Business Smart Watches With 2.01 Inch HD Display  320 MAh Battery Can Last For About A Week.,4013,4690,14.4,FALSE,4.1,0,https://www.jumia.co.ke/utarudi-gs77-business-smart-watches-with-2.01-inch-hd-display-320-mah-battery-can-last-for-about-a-week.-296432468.html,07/26/26 13:54,,,320,,Good,Budget (<5k),0.453
smart-watches,VANIR 2.19 HD Big Screen Smart Watch with Bluetooth Calling Fitness Tracker Multi Sport Long Battery Life Stylish Smartwatch for Men Women Compatible with iPhone Android Samsung Tecno Infinix Camon Hot,VANIR 2.19 HD Big Screen Smart Watch with Bluetooth Calling Fitness Tracker Multi Sport Long Battery Life Stylish Smartwatch for Men Women Compatible with iPhone Android Samsung Tecno Infinix Camon Hot,2010,6700,70,TRUE,5,0,https://www.jumia.co.ke/vanir-2.19-hd-big-screen-smart-watch-with-bluetooth-calling-fitness-tracker-multi-sport-long-battery-life-stylish-smartwatch-for-men-women-compatible-with-iphone-android-samsung-tecno-infinix-camon-hot-327550225.html,07/26/26 13:55,,,,,Excellent,Budget (<5k),0.71
smart-watches,Kingnote 2.09''inch C90Pro Smart Watch Dual Band 2-in-1 With Bluetooth Headset,Kingnote 2.09''inch C90Pro  Smart Watch Dual Band 2-in-1 With Bluetooth Headset,791,2412,67.2,TRUE,5,0,https://www.jumia.co.ke/kingnote-2.09inch-c90pro-smart-watch-dual-band-2-in-1-with-bluetooth-headset-326943165.html,07/26/26 13:55,,,,,Excellent,Budget (<5k),0.702
smart-watches,GT2 Smart Watch Sports Watch Bluetooth Call Step Counting Health Monitoring,GT2 Smart Watch Sports Watch Bluetooth Call Step Counting Health Monitoring,1367,2948,53.6,FALSE,3,0,https://www.jumia.co.ke/gt2-smart-watch-sports-watch-bluetooth-call-step-counting-health-monitoring-generic-mpg10264728.html,07/26/26 13:55,,,,,Average,Budget (<5k),0.461
smart-watches,Oraimo Watch 6N 1.83'' Full Touch Color Screen Smart Watch,Oraimo Watch 6N 1.83'' Full Touch Color Screen Smart Watch,1591,4019,60.4,TRUE,3.7,0,https://www.jumia.co.ke/oraimo-watch-6n-1.83-full-touch-color-screen-smart-watch-326710612.html,07/26/26 13:55,,,,,Good,Budget (<5k),0.551
smart-watches,Kingnote 2.09''inch T900U Smart Watch Dual Band 2-in-1 With Bluetooth Headset,Kingnote 2.09''inch T900U  Smart Watch Dual Band 2-in-1 With Bluetooth Headset,871,2412,63.9,TRUE,3.3,0,https://www.jumia.co.ke/kingnote-2.09inch-t900u-smart-watch-dual-band-2-in-1-with-bluetooth-headset-325602748.html,07/26/26 13:55,,,,,Average,Budget (<5k),0.522
smart-watches,116 Plus Heart Rate Blood Pressure Monitor Smart Watch,116 Plus Heart Rate Blood Pressure Monitor Smart Watch,620,1350,54.1,FALSE,3,0,https://www.jumia.co.ke/generic-116-plus-heart-rate-blood-pressure-monitor-smart-watch-327107993.html,07/26/26 13:55,,,,,Average,Budget (<5k),0.462
smart-watches,"AirMars Sport Watch ASW23 2.01"" AMOLED 2.5D 1000mah Battery Floating Interface IP68 Smart Watch","AirMars Sport Watch  ASW23  2.01"" AMOLED 2.5D 1000mah Battery Floating Interface IP68 Smart Watch",4020,6700,40,FALSE,0,0,https://www.jumia.co.ke/airmars-sport-watch-asw23-2.01-amoled-2.5d-1000mah-battery-floating-interface-ip68-smart-watch-328606445.html,07/26/26 13:55,,,1000,,No Rating,Budget (<5k),0.12
smart-watches,Oraimo WATCH 5 LITE LADIES SMART WATCH DURABLE WATER RESISTANT,Oraimo WATCH 5 LITE LADIES SMART WATCH DURABLE WATER RESISTANT,2390,2500,4.4,FALSE,4.1,0,https://www.jumia.co.ke/oraimo-watch-5-lite-ladies-smart-watch-durable-water-resistant-325354646.html,07/26/26 13:55,,,,,Good,Budget (<5k),0.423
smart-watches,Oraimo Watch Nova 2N 1.93 AMOLED Display Colorful Interface,Oraimo Watch Nova 2N 1.93 AMOLED Display Colorful Interface,2200,5226,57.9,FALSE,4.8,0,https://www.jumia.co.ke/oraimo-watch-nova-2n-1.93-amoled-display-colorful-interface-327113733.html,07/26/26 13:55,,,,,Excellent,Budget (<5k),0.654
smart-watches,Oraimo Watch 6 Pro 1.69'' Full Touch Smart Watch Black,Oraimo Watch 6 Pro 1.69'' Full Touch Smart Watch Black,3321,6699,50.4,FALSE,3.7,0,https://www.jumia.co.ke/oraimo-watch-6-pro-1.69-full-touch-smart-watch-black-326710635.html,07/26/26 13:55,,,,,Good,Budget (<5k),0.521
smart-watches,Full Touch Screen Watch Smart Watch - For Android & IOS,Full Touch Screen Watch Smart Watch - For Android & IOS,670,1340,50,FALSE,0,0,https://www.jumia.co.ke/generic-full-touch-screen-watch-smart-watch-for-android-ios-327114584.html,07/26/26 13:55,,,,,No Rating,Budget (<5k),0.15
smart-watches,Oraimo Watch 6 Lite 2.01 TFT Smart Watch,Oraimo Watch 6 Lite 2.01 TFT Smart Watch,1999,4019,50.3,FALSE,4.2,0,https://www.jumia.co.ke/oraimo-watch-6-lite-2.01-tft-smart-watch-326705826.html,07/26/26 13:55,,,,,Good,Budget (<5k),0.571
smart-watches,Oraimo Watch 6 Pro 1.69'' Full Touch Smart Watch TitaniumGold,Oraimo Watch 6 Pro 1.69'' Full Touch Smart Watch TitaniumGold,3800,6700,43.3,FALSE,4,0,https://www.jumia.co.ke/oraimo-watch-6-pro-1.69-full-touch-smart-watch-titaniumgold-326896674.html,07/26/26 13:55,,,,,Good,Budget (<5k),0.53
smart-watches,"Oraimo Watch Nova 2R Lite 1.43"" AMOLED 30-Day Standby, with Blood Oxygen & Heart rate Monito Smart Watch_ Graphite Black","Oraimo Watch Nova 2R Lite 1.43"" AMOLED 30-Day Standby, with Blood Oxygen & Heart rate Monito Smart Watch_ Graphite Black",3499,5000,30,FALSE,4.7,0,https://www.jumia.co.ke/oraimo-watch-nova-2r-lite-1.43-amoled-30-day-standby-with-blood-oxygen-heart-rate-monito-smart-watch-graphite-black-328134942.html,07/26/26 13:55,,,,,Excellent,Budget (<5k),0.56
smart-watches,ACE-50 Smart Watch Set Watch Ultra 3 + 2 Straps + Mini Speaker Black,ACE-50 Smart Watch Set Watch Ultra 3 + 2 Straps + Mini Speaker Black,469,2285,79.5,TRUE,3.3,0,https://www.jumia.co.ke/generic-ace-50-smart-watch-set-watch-ultra-3-2-straps-mini-speaker-black-296306943.html,07/26/26 13:55,,,,,Average,Budget (<5k),0.568
smart-watches,TiLECC Uitra 8 Smart Watch Dual Band 2-in-1 With Bluetooth Headset,TiLECC Uitra 8 Smart Watch Dual Band 2-in-1 With Bluetooth Headset,1005,2680,62.5,TRUE,4.4,0,https://www.jumia.co.ke/tilecc-uitra-8-smart-watch-dual-band-2-in-1-with-bluetooth-headset-326715000.html,07/26/26 13:55,,,,,Good,Budget (<5k),0.628
smart-watches,KIROTECH Series 11 Smart Watch Large Screen Bluetooth Call IP67 Waterproof Fitness Tracker For Android & iOS-pink,KIROTECH Series 11 Smart Watch Large Screen Bluetooth Call IP67 Waterproof Fitness Tracker For Android & iOS-pink,654,1608,59.3,FALSE,0,0,https://www.jumia.co.ke/kirotech-series-11-smart-watch-large-screen-bluetooth-call-ip67-waterproof-fitness-tracker-for-android-ios-pink-327620756.html,07/26/26 13:55,,,,,No Rating,Budget (<5k),0.178
smart-watches,T800 Ultra Bluetooth Blood Call Smartwatch Fitness,T800 Ultra Bluetooth Blood Call Smartwatch Fitness,681,1392,51.1,FALSE,3.6,0,https://www.jumia.co.ke/generic-t800-ultra-bluetooth-blood-call-smartwatch-fitness-309478760.html,07/26/26 13:55,,,,,Good,Budget (<5k),0.513
smart-watches,Men's LED Digital Watch Men Sport Watches Fitness Electronic Watch Multifunction Military Sports Watches Clock - Black,Men's LED Digital Watch Men Sport Watches Fitness Electronic Watch Multifunction Military Sports Watches Clock - Black,442,2412,81.7,TRUE,0,0,https://www.jumia.co.ke/generic-mens-led-digital-watch-men-sport-watches-fitness-electronic-watch-multifunction-military-sports-watches-clock-black-325747853.html,07/26/26 13:55,,,,,No Rating,Budget (<5k),0.245
smart-watches,"2.2"" Smart Watch Heart Rate & Step Counter All-System Compatible","2.2"" Smart Watch Heart Rate & Step Counter All-System Compatible",1072,2010,46.7,FALSE,5,0,https://www.jumia.co.ke/generic-2.2-smart-watch-heart-rate-step-counter-all-system-compatible-325696894.html,07/26/26 13:55,,,,,Excellent,Budget (<5k),0.64
smart-watches,"Itel Smartwatch Edge R1 Pro 043, 1.43 Super “AMOLED Display, 5 minute charge, 24-Hour Usage,IP68 Waterproof","Itel Smartwatch Edge R1 Pro 043, 1.43 Super “AMOLED Display, 5 minute charge, 24-Hour Usage,IP68 Waterproof",3499,5500,36.4,FALSE,4.5,0,https://www.jumia.co.ke/itel-smartwatch-edge-r1-pro-043-1.43-super-amoled-display-5-minute-charge-24-hour-usageip68-waterproof-308793532.html,07/26/26 13:55,,,,,Excellent,Budget (<5k),0.559
smart-watches,"KIROTECH S12 Ultra 3 MAX Smart Watch 2.3"" HD Screen Bluetooth Call IP67 Waterproof Heart Rate Sports Watch For Android & iOS-white","KIROTECH S12 Ultra 3 MAX Smart Watch 2.3"" HD Screen Bluetooth Call IP67 Waterproof Heart Rate Sports Watch For Android & iOS-white",758,2010,62.3,TRUE,0,0,https://www.jumia.co.ke/kirotech-s12-ultra-3-max-smart-watch-2.3-hd-screen-bluetooth-call-ip67-waterproof-heart-rate-sports-watch-for-android-ios-white-327918043.html,07/26/26 13:55,,,,,No Rating,Budget (<5k),0.187
smart-watches,Minimalism AS11 2.0 inch Smart Watch 6 in 1 Set of Fine Luxury gift,Minimalism AS11 2.0 inch Smart Watch 6 in 1 Set of Fine Luxury gift,949,3006,68.4,TRUE,3.8,0,https://www.jumia.co.ke/generic-minimalism-as11-2.0-inch-smart-watch-6-in-1-set-of-fine-luxury-gift-171365804.html,07/26/26 13:55,,,,,Good,Budget (<5k),0.585
smart-watches,2.09''inch T900U Smart Watch Dual Band 2-in-1 With Bluetooth Headset,2.09''inch T900U  Smart Watch Dual Band 2-in-1 With Bluetooth Headset,630,2412,73.9,TRUE,3.2,0,https://www.jumia.co.ke/2.09inch-t900u-smart-watch-dual-band-2-in-1-with-bluetooth-headset-generic-mpg10322502.html,07/26/26 13:55,,,,,Average,Budget (<5k),0.542
smart-watches,Oraimo Watch Nova N 2.04''AMOLED 2.5D Smart Watch,Oraimo Watch Nova N 2.04''AMOLED 2.5D Smart Watch,3601,6298,42.8,FALSE,4.4,0,https://www.jumia.co.ke/oraimo-watch-nova-n-2.04amoled-2.5d-smart-watch-326229972.html,07/26/26 13:55,,,,,Good,Budget (<5k),0.568
smart-watches,IP67 Smartwatch with Menstrual Cycle Tracking For Commute & Business Wear,IP67 Smartwatch with Menstrual Cycle Tracking For Commute & Business Wear,1809,3752,51.8,FALSE,4.2,0,https://www.jumia.co.ke/hd-waterscratch-resistant-sports-smartwatch-unisex-fits-all-phones-generic-mpg10264691.html,07/26/26 13:55,,,,,Good,Budget (<5k),0.575
smart-watches,Oraimo Watch Nova 2 Lite Smart Watch Smart Watch IP68 Waterproof,Oraimo Watch Nova 2 Lite Smart Watch Smart Watch IP68 Waterproof,4401,5896,25.4,FALSE,4.4,0,https://www.jumia.co.ke/oraimo-watch-nova-2-lite-smart-watch-smart-watch-ip68-waterproof-325728037.html,07/26/26 13:55,,,,,Good,Budget (<5k),0.516
smart-watches,Timack H9 Plus SmartWatch 1.86 inches HD Series Bluetooth Call Heart Rate Clock Waterproof IP67 Fitness Smart Watch Sports Watch For Men Women,Timack H9 Plus SmartWatch 1.86 inches HD Series Bluetooth Call Heart Rate Clock Waterproof IP67 Fitness Smart Watch Sports Watch For Men Women,1059,2679,60.5,TRUE,0,0,https://www.jumia.co.ke/timack-h9-plus-smartwatch-1.86-inches-hd-series-bluetooth-call-heart-rate-clock-waterproof-ip67-fitness-smart-watch-sports-watch-for-men-women-326495136.html,07/26/26 13:55,,,,,No Rating,Budget (<5k),0.182
smart-watches,"Oraimo Watch GT 1.43"" AMOLED 3ATM GPS Smart Watch with 2 Replaceable Straps","Oraimo Watch GT 1.43"" AMOLED 3ATM GPS Smart Watch with 2 Replaceable Straps",14000,18626,24.8,FALSE,4,0,https://www.jumia.co.ke/oraimo-watch-gt-1.43-amoled-3atm-gps-smart-watch-with-2-replaceable-straps-325364015.html,07/26/26 13:55,,,,,Good,Entry (5k-15k),0.474
smart-watches,KIROTECH Series 11 Smart Watch Large Screen Bluetooth Call IP67 Waterproof Fitness Tracker For Android & iOS-black,KIROTECH Series 11 Smart Watch Large Screen Bluetooth Call IP67 Waterproof Fitness Tracker For Android & iOS-black,654,1340,51.2,FALSE,0,0,https://www.jumia.co.ke/kirotech-series-11-smart-watch-large-screen-bluetooth-call-ip67-waterproof-fitness-tracker-for-android-ios-black-327650251.html,07/26/26 13:55,,,,,No Rating,Budget (<5k),0.154
smart-watches,Smartwatch,Smartwatch,1699,11974,85.8,TRUE,0,0,https://www.jumia.co.ke/generic-smartwatch-326045531.html,07/26/26 13:55,,,,,No Rating,Budget (<5k),0.257
smart-watches,KIROTECH Series 11 Smart Watch Large Screen Bluetooth Call IP67 Waterproof Fitness Tracker For Android & iOS-White,KIROTECH Series 11 Smart Watch Large Screen Bluetooth Call IP67 Waterproof Fitness Tracker For Android & iOS-White,654,1340,51.2,FALSE,0,0,https://www.jumia.co.ke/kirotech-series-11-smart-watch-large-screen-bluetooth-call-ip67-waterproof-fitness-tracker-for-android-ios-white-327650255.html,07/26/26 13:55,,,,,No Rating,Budget (<5k),0.154
smart-watches,"KIROTECH S2000 Smart Watch 7 In 1 Set Bluetooth Calling 2.2"" HD Display IP67 Waterproof Fitness Tracker For Android iOS-Gold","KIROTECH S2000 Smart Watch 7 In 1 Set Bluetooth Calling 2.2"" HD Display IP67 Waterproof Fitness Tracker For Android iOS-Gold",1489,2680,44.4,FALSE,0,0,https://www.jumia.co.ke/kirotech-s2000-smart-watch-7-in-1-set-bluetooth-calling-2.2-hd-display-ip67-waterproof-fitness-tracker-for-android-ios-gold-327814217.html,07/26/26 13:55,,,,,No Rating,Budget (<5k),0.133
smart-watches,Bluetooth Smart Watch BT Call Health Monitoring Sports Smartwatch,Bluetooth Smart Watch BT Call Health Monitoring Sports Smartwatch,3200,5359,40.3,FALSE,0,0,https://www.jumia.co.ke/generic-bluetooth-smart-watch-bt-call-health-monitoring-sports-smartwatch-327504860.html,07/26/26 13:55,,,,,No Rating,Budget (<5k),0.121
smart-watches,Kingnote 2.19''Inch C90PRO Smartwatch Native Storm Waterproof Black,Kingnote 2.19''Inch C90PRO Smartwatch Native Storm Waterproof Black,643,1340,52,FALSE,0,0,https://www.jumia.co.ke/kingnote-2.19inch-c90pro-smartwatch-native-storm-waterproof-black-326574878.html,07/26/26 13:55,,,,,No Rating,Budget (<5k),0.156
smart-watches,Oraimo WATCH 6 LITE 2.01” HD SCREEN SMARTWATCH 4 HOURS HEALTH MONITORING,Oraimo WATCH 6 LITE 2.01” HD SCREEN SMARTWATCH 4 HOURS HEALTH MONITORING,1995,2500,20.2,FALSE,4,0,https://www.jumia.co.ke/oraimo-watch-6-lite-2.01-hd-screen-smartwatch-4-hours-health-monitoring-328166552.html,07/26/26 13:55,,,,,Good,Budget (<5k),0.461
smart-watches,XIAOMI Redmi Watch 5 Active 2.0'' LCD Display Bluetooth Phone Call 5ATM Alexa Built In,XIAOMI Redmi Watch 5 Active 2.0'' LCD Display Bluetooth Phone Call 5ATM Alexa Built In,5199,5719,9.1,FALSE,5,0,https://www.jumia.co.ke/xiaomi-redmi-watch-5-active-2.0-lcd-display-bluetooth-phone-call-5atm-alexa-built-in-326948425.html,07/26/26 13:55,,,,,Excellent,Entry (5k-15k),0.527
smart-watches,"Smart Watch T55 Pro Max + Wireless Earbuds (2 Pairs) + 2 Sport Straps – Fast Charging, Heart Rate, IP67 Waterproof – For iPhone & Android","Smart Watch T55 Pro Max + Wireless Earbuds (2 Pairs) + 2 Sport Straps – Fast Charging, Heart Rate, IP67 Waterproof – For iPhone & Android",1238,2530,51.1,FALSE,3.6,0,https://www.jumia.co.ke/generic-smart-watch-t55-pro-max-wireless-earbuds-2-pairs-2-sport-straps-fast-charging-heart-rate-ip67-waterproof-for-iphone-android-325988998.html,07/26/26 13:55,,,,,Good,Budget (<5k),0.513
smart-watches,Smart Watch Bluetooth Calling 1.39inch HD,Smart Watch Bluetooth Calling 1.39inch HD,3490,4990,30.1,FALSE,3.8,0,https://www.jumia.co.ke/generic-smart-watch-bluetooth-calling-1.39inch-hd-156087725.html,07/26/26 13:55,,,,,Good,Budget (<5k),0.47
smart-watches,XS8 Pro Ultra Smartwatch Bluetooth Call,XS8 Pro Ultra Smartwatch Bluetooth Call,2124,3437,38.2,FALSE,3.3,0,https://www.jumia.co.ke/generic-xs8-pro-ultra-smartwatch-bluetooth-call-110879358.html,07/26/26 13:55,,,,,Average,Budget (<5k),0.445
smart-watches,"S10 Ultra Smart Watch - 2.3"" Touch Screen, Metal, Orange, Bluetooth, Compatible with Android/iOS","S10 Ultra Smart Watch - 2.3"" Touch Screen, Metal, Orange, Bluetooth, Compatible with Android/iOS",702,1997,64.8,TRUE,4.1,0,https://www.jumia.co.ke/generic-s10-ultra-smart-watch-2.3-touch-screen-metal-orange-bluetooth-compatible-with-androidios-325138256.html,07/26/26 13:55,,,,,Good,Budget (<5k),0.604
smart-watches,C7Pro Smart Watch Sports Smart Watch Bluetooth Call Full-Screen Touch Control Health Monitoring,C7Pro Smart Watch Sports Smart Watch Bluetooth Call Full-Screen Touch Control Health Monitoring,860,2680,67.9,TRUE,5,0,https://www.jumia.co.ke/generic-c7pro-smart-watch-sports-smart-watch-bluetooth-call-full-screen-touch-control-health-monitoring-326459316.html,07/26/26 13:55,,,,,Excellent,Budget (<5k),0.704
smart-watches,Oraimo Watch Pro X 1.43'' Amoled IP68 Smart Watch with 2 Replaceable Watch Cases & Straps,Oraimo Watch Pro X 1.43'' Amoled IP68 Smart Watch with 2 Replaceable Watch Cases & Straps,12100,16214,25.4,FALSE,4.7,0,https://www.jumia.co.ke/oraimo-watch-pro-x-1.43-amoled-ip68-smart-watch-with-2-replaceable-watch-cases-straps-325369635.html,07/26/26 13:55,,,,,Excellent,Entry (5k-15k),0.546
smart-watches,Series 10 Ultra7-in-1 Watch Band 2.3 Inch HD Full Touch Screen Smart Bluetooth Call Smart Watch,Series 10 Ultra7-in-1 Watch Band 2.3 Inch HD Full Touch Screen Smart Bluetooth Call Smart Watch,1183,1997,40.8,FALSE,0,0,https://www.jumia.co.ke/generic-series-10-ultra7-in-1-watch-band-2.3-inch-hd-full-touch-screen-smart-bluetooth-call-smart-watch-325138059.html,07/26/26 13:55,,,,,No Rating,Budget (<5k),0.122
smart-watches,FLAMEDEAL Series 10 2-in-1 Watch Band 2.2-inch HD Full Touch Screen Smart Bluetooth Call Smartwatch + Wireless Bluetooth Headset,FLAMEDEAL Series 10 2-in-1 Watch Band 2.2-inch HD Full Touch Screen Smart Bluetooth Call Smartwatch + Wireless Bluetooth Headset,1514,3028,50,FALSE,5,0,https://www.jumia.co.ke/flamedeal-series-10-2-in-1-watch-band-2.2-inch-hd-full-touch-screen-smart-bluetooth-call-smartwatch-wireless-bluetooth-headset-322482689.html,07/26/26 13:55,,,,,Excellent,Budget (<5k),0.65
smart-watches,"KIROTECH T1000 Ultra 3 Smart Watch 7-in-1 Set 2.3"" HD Display Bluetooth Call IP67 Waterproof Fitness Watch-black","KIROTECH T1000 Ultra 3 Smart Watch 7-in-1 Set 2.3"" HD Display Bluetooth Call IP67 Waterproof Fitness Watch-black",1505,2680,43.8,FALSE,0,0,https://www.jumia.co.ke/kirotech-t1000-ultra-3-smart-watch-7-in-1-set-2.3-hd-display-bluetooth-call-ip67-waterproof-fitness-watch-black-327814028.html,07/26/26 13:55,,,,,No Rating,Budget (<5k),0.131
smart-watches,2.09''inch C90 Pro Black Smart Watch Dual Band 2-in-1 With Bluetooth Headset Specification,2.09''inch C90 Pro Black  Smart Watch Dual Band 2-in-1 With Bluetooth Headset Specification,791,2680,70.5,TRUE,0,0,https://www.jumia.co.ke/generic-2.09inch-c90-pro-black-smart-watch-dual-band-2-in-1-with-bluetooth-headset-specification-326903023.html,07/26/26 13:55,,,,,No Rating,Budget (<5k),0.212
smart-watches,"10th Series Smart Watch – Elevate Your Daily Routine with Smart Notifications, Fitness Insights & Premium Craftsmanship","10th Series Smart Watch – Elevate Your Daily Routine with Smart Notifications, Fitness Insights & Premium Craftsmanship",4500,,0,FALSE,0,0,https://www.jumia.co.ke/generic-10th-series-smart-watch-elevate-your-daily-routine-with-smart-notifications-fitness-insights-premium-craftsmanship-326310589.html,07/26/26 13:55,,,,,No Rating,Budget (<5k),0
smart-watches,Oraimo Watch Pro AM 1.85 inch AMOLED IP68 Smart Watch,Oraimo Watch Pro AM 1.85 inch AMOLED IP68 Smart Watch,6200,8308,25.4,FALSE,5,0,https://www.jumia.co.ke/oraimo-watch-pro-am-1.85-inch-amoled-ip68-smart-watch-325223122.html,07/26/26 13:55,,,,,Excellent,Entry (5k-15k),0.576
smart-watches,Tecno Watch 3 Active 2.02'' HD Screen BT Call Health Monitoring - Black,Tecno Watch 3 Active 2.02'' HD Screen BT Call Health Monitoring - Black,1699,1999,15,FALSE,0,0,https://www.jumia.co.ke/tecno-watch-3-active-2.02-hd-screen-bt-call-health-monitoring-black-327749707.html,07/26/26 13:55,,,,,No Rating,Budget (<5k),0.045
smart-watches,I20 Ultra Max Smart Watch Ultra 10 In1,I20 Ultra Max Smart Watch Ultra 10 In1,1264,1983,36.3,FALSE,3.3,0,https://www.jumia.co.ke/generic-i20-ultra-max-smart-watch-ultra-10-in1-310861864.html,07/26/26 13:55,,,,,Average,Budget (<5k),0.439
smart-watches,"Timack T900 Ultra Smart Watch - Bluetooth, IP67 Waterproof, 22 Sport Modes, Black","Timack T900 Ultra Smart Watch - Bluetooth, IP67 Waterproof, 22 Sport Modes, Black",737,2278,67.6,TRUE,3.7,0,https://www.jumia.co.ke/timack-t900-ultra-smart-watch-bluetooth-ip67-waterproof-22-sport-modes-black-325323271.html,07/26/26 13:55,,,,,Good,Budget (<5k),0.573
smart-watches,Bro Toumi Smart Watch Bluetooth Call IP68 Waterproof 2.1inch HEE,Bro Toumi Smart Watch Bluetooth Call IP68 Waterproof 2.1inch HEE,1206,2680,55,FALSE,1,0,https://www.jumia.co.ke/bro-toumi-smart-watch-bluetooth-call-ip68-waterproof-2.1inch-hee-325232729.html,07/26/26 13:55,,,,,Poor,Budget (<5k),0.265
smart-watches,Full Touch Screen Smart Watch - For Android & IOS,Full Touch Screen Smart Watch - For Android & IOS,698,1150,39.3,FALSE,5,0,https://www.jumia.co.ke/generic-full-touch-screen-smart-watch-for-android-ios-314499032.html,07/26/26 13:55,,,,,Excellent,Budget (<5k),0.618
smart-watches,Smart Sports Watch 1.52 Inch Screen BT Call Health Monitoring Smartwatch,Smart Sports Watch 1.52 Inch Screen BT Call Health Monitoring Smartwatch,2999,5359,44,FALSE,0,0,https://www.jumia.co.ke/generic-smart-sports-watch-1.52-inch-screen-bt-call-health-monitoring-smartwatch-327504944.html,07/26/26 13:55,,,,,No Rating,Budget (<5k),0.132
smart-watches,Popular Smart Watch Wristband Silicone Strap- Blue,Popular Smart Watch Wristband Silicone Strap- Blue,1392,,0,FALSE,0,0,https://www.jumia.co.ke/fashion-popular-smart-watch-wristband-silicone-strap-blue-112100488.html,07/26/26 13:55,,,,,No Rating,Budget (<5k),0
smart-watches,Oraimo Watch 6 2.04'' TFT Full Touch Color Screen Smart Watch,Oraimo Watch 6 2.04'' TFT Full Touch Color Screen Smart Watch,3200,4288,25.4,FALSE,5,0,https://www.jumia.co.ke/oraimo-watch-6-2.04-tft-full-touch-color-screen-smart-watch-325578389.html,07/26/26 13:55,,,,,Excellent,Budget (<5k),0.576
smart-watches,Lenovo Smart Watch F101 Bluetooth Call AMOLED Large Screen 490*520px Waterproof-Black,Lenovo Smart Watch F101 Bluetooth Call AMOLED Large Screen 490*520px Waterproof-Black,3618,6700,46,FALSE,0,0,https://www.jumia.co.ke/generic-lenovo-smart-watch-f101-bluetooth-call-amoled-large-screen-490520px-waterproof-black-326582320.html,07/26/26 13:55,,,,,No Rating,Budget (<5k),0.138
smart-watches,"FLAMEDEAL Series 10 7-in-1 Strap 2.2"" Bluetooth Call Full Touchscreen Smartwatch- For Android and iOS","FLAMEDEAL Series 10 7-in-1 Strap 2.2"" Bluetooth Call Full Touchscreen Smartwatch- For Android and iOS",1339,3028,55.8,FALSE,0,0,https://www.jumia.co.ke/flamedeal-series-10-7-in-1-strap-2.2-bluetooth-call-full-touchscreen-smartwatch-for-android-and-ios-323023515.html,07/26/26 13:55,,,,,No Rating,Budget (<5k),0.167
smart-watches,IPS HD Touch Smart Watch BT Call Sports Monitoring Long Battery,IPS HD Touch Smart Watch BT Call Sports Monitoring Long Battery,1077,1603,32.8,FALSE,4.2,0,https://www.jumia.co.ke/generic-ips-hd-touch-smart-watch-bt-call-sports-monitoring-long-battery-137426842.html,07/26/26 13:55,,,,,Good,Budget (<5k),0.518
smart-watches,TiLECC 2-in-1 Watch Band Smart Watch 49mm Series 8 Ultra Smart Watch 49mm,TiLECC 2-in-1 Watch Band Smart Watch 49mm Series 8 Ultra Smart Watch 49mm,670,2010,66.7,TRUE,0,0,https://www.jumia.co.ke/tilecc-2-in-1-watch-band-smart-watch-49mm-series-8-ultra-smart-watch-49mm-326714970.html,07/26/26 13:55,,,,,No Rating,Budget (<5k),0.2
smart-watches,H9Max Smart Watch Double Straps Sports Bluetooth Call Information Notification Touch Screen,H9Max Smart Watch Double Straps Sports Bluetooth Call Information Notification Touch Screen,860,2546,66.2,TRUE,5,0,https://www.jumia.co.ke/h9max-smart-watch-double-straps-sports-bluetooth-call-information-notification-touch-screen-generic-mpg10264729.html,07/26/26 13:55,,,,,Excellent,Budget (<5k),0.699
smart-watches,"Smartwatch H58 Plus Gift Sets Women valentines gift Jewelry Suits Montre Intelligent Smartwatch Connected Smart Watch, Necklace, Earrings, Bracelet, Ring, Analog watch, Smartwatch","Smartwatch H58 Plus Gift Sets Women valentines gift Jewelry Suits Montre Intelligent Smartwatch Connected Smart Watch, Necklace, Earrings, Bracelet, Ring, Analog watch, Smartwatch",1799,1999,10,FALSE,0,0,https://www.jumia.co.ke/generic-smartwatch-h58-plus-gift-sets-women-valentines-gift-jewelry-suits-montre-intelligent-smartwatch-connected-smart-watch-necklace-earrings-bracelet-ring-analog-watch-smartwatch-327594946.html,07/26/26 13:55,,,,,No Rating,Budget (<5k),0.03
smart-watches,Oraimo Original Smart Watch 5 Lite,Oraimo Original Smart Watch 5 Lite,2499,6999,64.3,TRUE,0,0,https://www.jumia.co.ke/oraimo-original-smart-watch-5-lite-328299732.html,07/26/26 13:56,,,,,No Rating,Budget (<5k),0.193
smart-watches,Smart Watch Bluetooth Call Information Push Smart Sports Waterproof Watch,Smart Watch Bluetooth Call Information Push Smart Sports Waterproof Watch,931,2261,58.8,FALSE,0,0,https://www.jumia.co.ke/generic-smart-watch-bluetooth-call-information-push-smart-sports-waterproof-watch-326283425.html,07/26/26 13:56,,,,,No Rating,Budget (<5k),0.176
smart-watches,"Music Pioneer 2.19'' T900 Ultra 2 Smart Watch For Sports,Fitness,Calls,Heart Rate Series 8","Music Pioneer 2.19'' T900 Ultra 2 Smart Watch For Sports,Fitness,Calls,Heart Rate Series 8",1139,1598,28.7,FALSE,3.8,0,https://www.jumia.co.ke/music-pioneer-2.19-t900-ultra-2-smart-watch-for-sportsfitnesscallsheart-rate-series-8-301846182.html,07/26/26 13:56,,,,,Good,Budget (<5k),0.466
smart-watches,XIAOMI S4 Smart Watch 1.43'' AMOLED Display (1YR WRTY),XIAOMI S4 Smart Watch 1.43'' AMOLED Display  (1YR WRTY),18995,27995,32.1,FALSE,0,0,https://www.jumia.co.ke/xiaomi-s4-smart-watch-1.43-amoled-display-1yr-wrty-326187531.html,07/26/26 13:56,,,,,No Rating,Mid-Range (15k-30k),0.096
smart-watches,Vision Plus Fit Pro Smartwatch - Black,Vision Plus Fit Pro Smartwatch - Black,4500,8995,50,FALSE,0,0,https://www.jumia.co.ke/vision-plus-fit-pro-smartwatch-black-325303147.html,07/26/26 13:56,,,,,No Rating,Budget (<5k),0.15
smart-watches,FLAMEDEAL 2-In-1 Full Touch Screen Smart Watch + Wireless Bluetooth Headset,FLAMEDEAL 2-In-1 Full Touch Screen Smart Watch + Wireless Bluetooth Headset,1517,3028,49.9,FALSE,4,0,https://www.jumia.co.ke/flamedeal-2-in-1-full-touch-screen-smart-watch-wireless-bluetooth-headset-323024310.html,07/26/26 13:56,,,,,Good,Budget (<5k),0.55
smart-watches,Smart Watch For Men Women Sport Mode Music Control Calorie Distance Fitness NFC ECG+PPG Sports Fitness SmartWatch Men Temperature Monitoring Heart Rate Bluetooth Call Sports Smart Watch Men Women,Smart Watch For Men Women Sport Mode Music Control Calorie Distance Fitness NFC ECG+PPG Sports Fitness SmartWatch Men Temperature Monitoring Heart Rate Bluetooth Call Sports Smart Watch Men Women,1340,3350,60,TRUE,0,0,https://www.jumia.co.ke/generic-smart-watch-for-men-women-sport-mode-music-control-calorie-distance-fitness-nfc-ecgppg-sports-fitness-smartwatch-men-temperature-monitoring-heart-rate-bluetooth-call-sports-smart-watch-men-women-325747859.html,07/26/26 13:56,,,,,No Rating,Budget (<5k),0.18
smart-watches,smartwatch,smartwatch,1800,4513,60.1,TRUE,0,0,https://www.jumia.co.ke/generic-smartwatch-326145624.html,07/26/26 13:56,,,,,No Rating,Budget (<5k),0.18
smart-watches,"Oraimo Watch 5 Lite Smart Watch -Smartwatch' Screen ,Bluetooth, Durable Waterproof & Dustproof--Rose Gold","Oraimo Watch 5 Lite Smart Watch -Smartwatch' Screen ,Bluetooth, Durable Waterproof & Dustproof--Rose Gold",2250,2999,25,FALSE,0,0,https://www.jumia.co.ke/oraimo-watch-5-lite-smart-watch-smartwatch-screen-bluetooth-durable-waterproof-dustproof-rose-gold-327877101.html,07/26/26 13:56,,,,,No Rating,Budget (<5k),0.075
smart-watches,Series 8 Ultra Sport Smartwatch HD Full Screen Bluetooth Calling Smartwatch For Android And IOS,Series 8 Ultra Sport Smartwatch HD Full Screen Bluetooth Calling Smartwatch For Android And IOS,783,945,17.1,FALSE,0,0,https://www.jumia.co.ke/generic-series-8-ultra-sport-smartwatch-hd-full-screen-bluetooth-calling-smartwatch-for-android-and-ios-327726338.html,07/26/26 13:56,,,,,No Rating,Budget (<5k),0.051
smart-watches,Smart Watch Bluetooth Call AMOLED Large Screen 466*466px Waterproof-HFN,Smart Watch Bluetooth Call AMOLED Large Screen 466*466px Waterproof-HFN,3999,4999,20,FALSE,5,0,https://www.jumia.co.ke/generic-smart-watch-bluetooth-call-amoled-large-screen-466466px-waterproof-hfn-230162291.html,07/26/26 13:56,,,,,Excellent,Budget (<5k),0.56
smart-watches,"Oraimo Watch 5 2.01"" HD Panda Glass 1ATM Smart Watch Pink","Oraimo Watch 5 2.01"" HD Panda Glass 1ATM Smart Watch Pink",3800,5092,25.4,FALSE,0,0,https://www.jumia.co.ke/oraimo-watch-5-2.01-hd-panda-glass-1atm-smart-watch-pink-326551833.html,07/26/26 13:56,,,,,No Rating,Budget (<5k),0.076
smart-watches,ECGPPG Bluetooth Call Smart Watch Men Laser Health Bloo d Pressure Fitnes Sports Watches 2026,ECGPPG Bluetooth Call Smart Watch Men Laser Health Bloo d Pressure Fitnes Sports Watches 2026,13132,25192,47.9,FALSE,0,0,https://www.jumia.co.ke/generic-ecgppg-bluetooth-call-smart-watch-men-laser-health-bloo-d-pressure-fitnes-sports-watches-2026-326939815.html,07/26/26 13:56,,,,,No Rating,Entry (5k-15k),0.144
smart-watches,"KIROTECH S2000 Smart Watch 7 In 1 Set Bluetooth Calling 2.2"" HD Display IP67 Waterproof Fitness Tracker For Android iOS-black","KIROTECH S2000 Smart Watch 7 In 1 Set Bluetooth Calling 2.2"" HD Display IP67 Waterproof Fitness Tracker For Android iOS-black",1489,2680,44.4,FALSE,0,0,https://www.jumia.co.ke/kirotech-s2000-smart-watch-7-in-1-set-bluetooth-calling-2.2-hd-display-ip67-waterproof-fitness-tracker-for-android-ios-black-327814036.html,07/26/26 13:56,,,,,No Rating,Budget (<5k),0.133
smart-watches,Oraimo Watch Nova 2R Lite 1.43 inch AMOLED 30-Day Standby Smart Watch,Oraimo Watch Nova 2R Lite 1.43 inch AMOLED 30-Day Standby Smart Watch,4000,5360,25.4,FALSE,0,0,https://www.jumia.co.ke/oraimo-watch-nova-2r-lite-1.43-inch-amoled-30-day-standby-smart-watch-327916930.html,07/26/26 13:56,,,,,No Rating,Budget (<5k),0.076
smart-watches,"Oppo Watch S, 8.9mm Ultra-slim, 60s Wellness Overview, Silver Gleam","Oppo Watch S, 8.9mm Ultra-slim, 60s Wellness Overview,  Silver Gleam",24872,24999,0.5,FALSE,0,0,https://www.jumia.co.ke/oppo-watch-s-8.9mm-ultra-slim-60s-wellness-overview-silver-gleam-327335503.html,07/26/26 13:56,,,,,No Rating,Mid-Range (15k-30k),0.002
smart-watches,Kingnote 2.09''inch T900U Smartwatch Native Storm Waterproof Black,Kingnote 2.09''inch T900U Smartwatch Native Storm Waterproof  Black,576,1340,57,FALSE,0,0,https://www.jumia.co.ke/kingnote-2.09inch-t900u-smartwatch-native-storm-waterproof-black-326461148.html,07/26/26 13:56,,,,,No Rating,Budget (<5k),0.171
power-banks,Kuhl Kuhl K1 20000mAh Power Bank - Dual USB-A & USB-C Fast Charger,Kuhl Kuhl K1 20000mAh Power Bank - Dual USB-A & USB-C Fast Charger,619,1340,53.8,FALSE,3.7,0,https://www.jumia.co.ke/kuhl-kuhl-k1-20000mah-power-bank-dual-usb-a-usb-c-fast-charger-326556329.html,07/26/26 13:56,,,20000,,Good,Budget (<5k),0.531
power-banks,VIC ♛20000mAh Power Bank+ Dual LED Lights+ Portable Charge+ Ultra Light Battery Pack,VIC ♛20000mAh Power Bank+ Dual LED Lights+ Portable Charge+ Ultra Light Battery Pack,871,2278,61.8,TRUE,3.6,0,https://www.jumia.co.ke/vic-20000mah-power-bank-dual-led-lights-portable-charge-ultra-light-battery-pack-247696732.html,07/26/26 13:56,,,20000,,Good,Budget (<5k),0.545
power-banks,Besundy 10000mAh Power Bank 22.5W Fast Charge Power Bank Type C Dual Output Power Bank Type C Micro USB QC Fast Charging LED Display With Flashlight,Besundy 10000mAh Power Bank 22.5W Fast Charge Power Bank Type C Dual Output Power Bank Type C Micro USB QC Fast Charging LED Display With Flashlight,576,1340,57,FALSE,3.6,0,https://www.jumia.co.ke/besundy-10000mah-power-bank-22.5w-fast-charge-power-bank-type-c-dual-output-power-bank-type-c-micro-usb-qc-fast-charging-led-display-with-flashlight-326726539.html,07/26/26 13:56,,,10000,,Good,Budget (<5k),0.531
power-banks,GUEETON Fast Charge Powers Bank 20000mAh with waterproof storage bag,GUEETON Fast Charge Powers Bank 20000mAh with waterproof storage bag,749,2010,62.7,TRUE,3.7,0,https://www.jumia.co.ke/fast-charge-powers-bank-20000mah-gueeton-mpg8920854.html,07/26/26 13:56,,,20000,,Good,Budget (<5k),0.558
power-banks,RichRipple 3-Cables Portable Power Bank 10000mAh Fast Charger,RichRipple 3-Cables Portable Power Bank 10000mAh Fast Charger,799,1591,49.8,FALSE,3.8,0,https://www.jumia.co.ke/richripple-3-cables-portable-power-bank-10000mah-fast-charger-43843189.html,07/26/26 13:56,,,10000,,Good,Budget (<5k),0.529
power-banks,AirMars APB23F 20000mah 22.5W Ultra Fast Charging Portable Power Banks Charger Digital Display Battery Pack Traveler Universal,AirMars APB23F 20000mah 22.5W Ultra Fast Charging Portable Power Banks Charger Digital Display Battery Pack Traveler Universal,1675,3216,47.9,FALSE,4.2,0,https://www.jumia.co.ke/airmars-apb23f-20000mah-22.5w-ultra-fast-charging-portable-power-banks-charger-digital-display-battery-pack-traveler-universal-326648854.html,07/26/26 13:56,,,20000,,Good,Budget (<5k),0.564
power-banks,Oraimo Powerbank 20000mAh - Black,Oraimo  Powerbank 20000mAh - Black,1899,3999,52.5,FALSE,4.4,0,https://www.jumia.co.ke/powerbank-20000mah-black-oraimo-mpg8321979.html,07/26/26 13:56,,,20000,,Good,Budget (<5k),0.598
power-banks,50000 mAh 22.5W Fast Charging Power Bank with 4 Built-in Cables and Digital Display,50000 mAh 22.5W Fast Charging Power Bank with 4 Built-in Cables and Digital Display,2750,3350,17.9,FALSE,4.4,0,https://www.jumia.co.ke/generic-50000-mah-22.5w-fast-charging-power-bank-with-4-built-in-cables-and-digital-display-319475679.html,07/26/26 13:56,,,50000,,Good,Budget (<5k),0.494
power-banks,10000mAh Small Size Unique Design 2A Fast Charger with 2-in-2-out Fast Charging Power Bank,10000mAh Small Size Unique Design  2A Fast Charger with 2-in-2-out Fast Charging Power Bank,474,1843,74.3,TRUE,3.7,0,https://www.jumia.co.ke/10000mah-pd40w-super-fast-power-charging-bank-generic-mpg416544.html,07/26/26 13:56,,,10000,,Good,Budget (<5k),0.593
power-banks,AirMars APB22F 20000mah 22.5W Ultra Fast Charging Portable Power Banks Charger Digital Display Battery Pack Traveler Universal,AirMars APB22F 20000mah 22.5W Ultra Fast Charging Portable Power Banks Charger Digital Display Battery Pack Traveler Universal,1541,2680,42.5,FALSE,4.1,0,https://www.jumia.co.ke/airmars-apb22f-20000mah-22.5w-ultra-fast-charging-portable-power-banks-charger-digital-display-battery-pack-traveler-universal-326650304.html,07/26/26 13:56,,,20000,,Good,Budget (<5k),0.538
power-banks,Oraimo Traveler 12 Byte Power Bank 20000mAh 12W Fast Charging Digital Display,Oraimo Traveler 12 Byte Power Bank 20000mAh 12W Fast Charging Digital Display,1600,2278,29.8,FALSE,4.4,0,https://www.jumia.co.ke/oraimo-traveler-12-byte-power-bank-20000mah-12w-fast-charging-digital-display-314507812.html,07/26/26 13:56,,,20000,,Good,Budget (<5k),0.529
power-banks,GUEETON Fast Charge Powers Bank 20000mAh,GUEETON Fast Charge Powers Bank 20000mAh,679,1340,49.3,FALSE,3.1,0,https://www.jumia.co.ke/gueeton-fast-charge-powers-bank-20000mah-323173377.html,07/26/26 13:56,,,20000,,Average,Budget (<5k),0.458
power-banks,Oraimo POWERBANK//22.5 SUPER FAST CHARGING//20000MAH//,Oraimo POWERBANK//22.5 SUPER FAST CHARGING//20000MAH//,1990,3000,33.7,FALSE,4.1,0,https://www.jumia.co.ke/oraimo-powerbank22.5-super-fast-charging20000mah-325354663.html,07/26/26 13:56,,,20000,,Good,Budget (<5k),0.511
power-banks,Besundy New 10000mAh Cartoon cute Power Bank With 4 Cables Fashion Design Portable Powerbank Built-in Lanyard Fast Charge,Besundy New 10000mAh Cartoon cute Power Bank With 4 Cables Fashion Design Portable Powerbank Built-in Lanyard Fast Charge,710,1072,33.8,FALSE,3.9,0,https://www.jumia.co.ke/besundy-new-10000mah-cartoon-cute-power-bank-with-4-cables-fashion-design-portable-powerbank-built-in-lanyard-fast-charge-326268228.html,07/26/26 13:56,,,10000,,Good,Budget (<5k),0.491
power-banks,Oraimo MAGPOWER//10000MAH//MAGNETIC WIRELESS AND WIRED POWERBANK.,Oraimo  MAGPOWER//10000MAH//MAGNETIC WIRELESS AND WIRED POWERBANK.,2650,3500,24.3,FALSE,4.4,0,https://www.jumia.co.ke/oraimo-magpower10000mahmagnetic-wireless-and-wired-powerbank.-325354678.html,07/26/26 13:56,,,10000,,Good,Budget (<5k),0.513
power-banks,RichRipple 20000mAh Portable Power Bank with 2A Fast Charging,RichRipple 20000mAh Portable Power Bank with 2A Fast Charging,719,1841,60.9,TRUE,3.8,0,https://www.jumia.co.ke/richripple-20000mah-portable-power-bank-with-2a-fast-charging-230132906.html,07/26/26 13:56,,,20000,,Good,Budget (<5k),0.563
power-banks,RichRipple 3-Cables Portable Power Bank 20000mAh Fast Charger,RichRipple 3-Cables Portable Power Bank 20000mAh Fast Charger,949,1841,48.5,FALSE,4,0,https://www.jumia.co.ke/richripple-3-cables-portable-power-bank-20000mah-fast-charger-170812778.html,07/26/26 13:56,,,20000,,Good,Budget (<5k),0.546
power-banks,Oraimo Traveler 15 Power Bank 20000mAh 15W Type-C Fast Charging with LED Torch,Oraimo Traveler 15 Power Bank 20000mAh 15W Type-C Fast Charging  with LED Torch,1700,1876,9.4,FALSE,3.7,0,https://www.jumia.co.ke/oraimo-traveler-15-power-bank-20000mah-15w-type-c-fast-charging-with-led-torch-326061089.html,07/26/26 13:56,,,20000,,Good,Budget (<5k),0.398
power-banks,"VIC ♛10000mAh Power Banks, Portable Charger High-Speed Charging Battery Pack","VIC ♛10000mAh Power Banks, Portable Charger High-Speed Charging Battery Pack",571,1742,67.2,TRUE,3.4,0,https://www.jumia.co.ke/vic-10000mah-power-banks-portable-charger-high-speed-charging-battery-pack-247696514.html,07/26/26 13:56,,,10000,,Average,Budget (<5k),0.542
power-banks,"50000mAh Power Bank - CPB5W, Fast Charging, 4 USB Outputs, Black","50000mAh Power Bank - CPB5W, Fast Charging, 4 USB Outputs, Black",2044,2680,23.7,FALSE,3.6,0,https://www.jumia.co.ke/generic-50000mah-power-bank-cpb5w-fast-charging-4-usb-outputs-black-307695969.html,07/26/26 13:56,,,50000,,Good,Budget (<5k),0.431
power-banks,MK ♛Super 78W 80000Peak(60000mAhs) Power Bank+ 78W Super Output+ 100% Screen+ Big LED Light+ Super Cables+ 8 USB Ports Battery Type-C.,MK ♛Super 78W 80000Peak(60000mAhs) Power Bank+ 78W Super Output+ 100% Screen+ Big LED Light+ Super Cables+ 8 USB Ports Battery Type-C.,3211,6700,52.1,FALSE,5,0,https://www.jumia.co.ke/mk-super-78w-80000peak60000mahs-power-bank-78w-super-output-100-screen-big-led-light-super-cables-8-usb-ports-battery-type-c.-326587040.html,07/26/26 13:56,,,60000,,Excellent,Budget (<5k),0.656
power-banks,MK ♛40000mAh Power Bank 20000mah*2+ Dual LED Lights+ Portable Charge+ Ultra Light Battery Pack,MK ♛40000mAh Power Bank 20000mah*2+ Dual LED Lights+ Portable Charge+ Ultra Light Battery Pack,1311,6700,80.4,TRUE,3.1,0,https://www.jumia.co.ke/mk-40000mah-power-bank-20000mah2-dual-led-lights-portable-charge-ultra-light-battery-pack-325663121.html,07/26/26 13:56,,,40000,,Average,Budget (<5k),0.551
power-banks,TiLECC TC8513 Alimentation Portable à Charge Rapide LED avec affichage numérique4 Fils 30000 MAh,TiLECC TC8513 Alimentation Portable à Charge Rapide LED avec affichage numérique4 Fils 30000 MAh,1005,2814,64.3,TRUE,3.9,0,https://www.jumia.co.ke/tilecc-tc8513-alimentation-portable-a-charge-rapide-led-avec-affichage-numerique4-fils-30000-mah-325855839.html,07/26/26 13:56,,,30000,,Good,Budget (<5k),0.583
power-banks,30000mAh Small Size Unique Design 2A Fast Charger with 2-in-2-out Fast Charging Power Bank,30000mAh Small Size Unique Design 2A Fast Charger with 2-in-2-out Fast Charging Power Bank,1339,2010,33.4,FALSE,4,0,https://www.jumia.co.ke/generic-30000mah-small-size-unique-design-2a-fast-charger-with-2-in-2-out-fast-charging-power-bank-319476634.html,07/26/26 13:56,,,30000,,Good,Budget (<5k),0.5
power-banks,Oraimo Powerbank 20000mAh - Black,Oraimo  Powerbank  20000mAh - Black,1615,2500,35.4,FALSE,4.3,0,https://www.jumia.co.ke/powerbank-20000mah-black-oraimo-mpg465342.html,07/26/26 13:56,,,20000,,Good,Budget (<5k),0.536
power-banks,MK ✔ Ultra 66W 60000Max(40000mAh) Power Bank+ 66W Super Output+ 100% Screen+ LED Light+ 8 USB Ports Battery Type-C.,MK ✔ Ultra 66W 60000Max(40000mAh) Power Bank+ 66W Super Output+ 100% Screen+ LED Light+ 8 USB Ports Battery Type-C.,2610,5360,51.3,FALSE,5,0,https://www.jumia.co.ke/mk-ultra-66w-60000max40000mah-power-bank-66w-super-output-100-screen-led-light-8-usb-ports-battery-type-c.-326587031.html,07/26/26 13:56,,,40000,,Excellent,Budget (<5k),0.654
power-banks,Infinix GT POWERBANK//SUPER FAST CHARGING POWERBANK//TYPE C OUPTUT 55W//20000MAH..,Infinix GT POWERBANK//SUPER FAST CHARGING POWERBANK//TYPE C OUPTUT 55W//20000MAH..,2300,2800,17.9,FALSE,4.1,0,https://www.jumia.co.ke/infinix-gt-powerbanksuper-fast-charging-powerbanktype-c-ouptut-55w20000mah..-327193616.html,07/26/26 13:56,,,20000,,Good,Budget (<5k),0.464
power-banks,"Kuhl Kuhl K2 20000mAh Power Bank - Dual USB-A & USB-C Ports, Black","Kuhl Kuhl K2 20000mAh Power Bank - Dual USB-A & USB-C Ports, Black",2010,2680,25,FALSE,3.9,0,https://www.jumia.co.ke/kuhl-kuhl-k2-20000mah-power-bank-dual-usb-a-usb-c-ports-black-326556308.html,07/26/26 13:56,,,20000,,Good,Budget (<5k),0.465
power-banks,RichRipple 20000mAh Portable 2A Fast Charging Power Bank with High Capacity,RichRipple 20000mAh Portable 2A Fast Charging Power Bank with High Capacity,683,1544,55.8,FALSE,3.9,0,https://www.jumia.co.ke/10000mah-digital-display-power-bank-premium-black-generic-mpg403301.html,07/26/26 13:56,,,20000,,Good,Budget (<5k),0.557
power-banks,Oraimo POWERNOVA 27000MAH POWERBANK - 22.5W SUPER FAST CHARGING,Oraimo POWERNOVA 27000MAH POWERBANK - 22.5W SUPER FAST CHARGING,3050,3330,8.4,FALSE,4.5,0,https://www.jumia.co.ke/oraimo-powernova-27000mah-powerbank-22.5w-super-fast-charging-326316656.html,07/26/26 13:56,,,27000,,Excellent,Budget (<5k),0.475
power-banks,RichRipple 30000mAh Power Bank Powerbank Portable Charger,RichRipple 30000mAh Power Bank Powerbank Portable Charger,1399,2504,44.1,FALSE,3.8,0,https://www.jumia.co.ke/richripple-30000mah-power-bank-powerbank-portable-charger-297785316.html,07/26/26 13:56,,,30000,,Good,Budget (<5k),0.512
power-banks,"XIAOMI Power Bank 20,000mAh For Fast Charging POCO & Redmi Phones With USB-C Type-c","XIAOMI Power Bank 20,000mAh For Fast Charging POCO & Redmi Phones With USB-C Type-c",1327,4288,69.1,TRUE,4.5,0,https://www.jumia.co.ke/xiaomi-power-bank-20000mah-for-fast-charging-poco-redmi-phones-with-usb-c-type-c-327327072.html,07/26/26 13:56,,,0,,Excellent,Budget (<5k),0.657
power-banks,RichRipple 20000mAh PD40W Portable Power Bank Premium Black,RichRipple 20000mAh PD40W Portable Power Bank Premium Black,949,1841,48.5,FALSE,4,0,https://www.jumia.co.ke/richripple-20000mah-pd40w-portable-power-bank-premium-black-169408496.html,07/26/26 13:56,,,20000,,Good,Budget (<5k),0.546
power-banks,"Oraimo BEST Power Bank 20000mAh // Powerbank– Fast Charging FOR SamsungGALAXY A16, 6.7'' HD+, 4GB RAM + 128GB ROM, DUAL SIM, 50MP, 5000mAh","Oraimo BEST Power Bank 20000mAh // Powerbank– Fast Charging FOR SamsungGALAXY A16, 6.7'' HD+, 4GB RAM + 128GB ROM, DUAL SIM, 50MP, 5000mAh",1780,3680,51.6,FALSE,4.7,0,https://www.jumia.co.ke/oraimo-best-power-bank-20000mah-powerbank-fast-charging-for-samsunggalaxy-a16-6.7-hd-4gb-ram-128gb-rom-dual-sim-50mp-5000mah-321891316.html,07/26/26 13:56,128,4,20000,50,Excellent,Budget (<5k),0.625
power-banks,10000mAh Power Bank LCD Compact Slim Fast Charge black,10000mAh Power Bank LCD Compact Slim Fast Charge black,549,1272,56.8,FALSE,5,0,https://www.jumia.co.ke/generic-10000mah-power-bank-lcd-compact-slim-fast-charge-black-314547563.html,07/26/26 13:56,,,10000,,Excellent,Budget (<5k),0.67
power-banks,Oraimo POWERBANK 40000//22.5W SUPERFAST CHARGING POWERBANK//SUPERQUALITY//,Oraimo POWERBANK 40000//22.5W SUPERFAST CHARGING POWERBANK//SUPERQUALITY//,3500,4000,12.5,FALSE,4.7,0,https://www.jumia.co.ke/oraimo-powerbank-4000022.5w-superfast-charging-powerbanksuperquality-327791377.html,07/26/26 13:56,,,,,Excellent,Budget (<5k),0.508
power-banks,AirMars APB13F 10000mAh 22.5W Portable Power Bank with Built-in USB-C Lightning USB-A Cables Fast Charge LED Display,AirMars APB13F 10000mAh 22.5W Portable Power Bank with Built-in USB-C Lightning USB-A Cables  Fast Charge LED Display,1340,3216,58.3,FALSE,3.2,0,https://www.jumia.co.ke/airmars-apb13f-10000mah-22.5w-portable-power-bank-with-built-in-usb-c-lightning-usb-a-cables-fast-charge-led-display-327405463.html,07/26/26 13:56,,,10000,,Average,Budget (<5k),0.495
power-banks,Oraimo 20000MAH POWERBANK//.,Oraimo 20000MAH POWERBANK//.,1620,2300,29.6,FALSE,4.3,0,https://www.jumia.co.ke/oraimo-20000mah-powerbank.-302671541.html,07/26/26 13:56,,,20000,,Good,Budget (<5k),0.519
power-banks,"Oraimo 10,000mAh 22.5W Fast Charging Power Bank with Dual Output - Black","Oraimo 10,000mAh 22.5W Fast Charging Power Bank with Dual Output - Black",1550,1800,13.9,FALSE,4.2,0,https://www.jumia.co.ke/oraimo-10000mah-22.5w-fast-charging-power-bank-with-dual-output-black-309304366.html,07/26/26 13:56,,,0,,Good,Budget (<5k),0.462
